side,image,arm,rho_bar,nu,seed,PSNR_rad,lam_tv,runtime_s
8,s4_8_chirp,RQL,0.03,20,0,14.6155,0.225783,0.83
8,s4_8_chirp,EXACT-TV,0.03,20,0,14.6158,0.225616,0.02
8,s4_8_chirp,RQL,0.03,20,1,14.6157,0.22047,0.04
8,s4_8_chirp,EXACT-TV,0.03,20,1,14.6145,0.220307,0.08
8,s4_8_chirp,RQL,0.03,20,2,14.4407,0.215025,0.01
8,s4_8_chirp,EXACT-TV,0.03,20,2,14.4457,0.214866,0.04
8,s4_8_chirp,RQL,0.03,100,0,14.598,0.504423,0.02
8,s4_8_chirp,EXACT-TV,0.03,100,0,14.5982,0.504348,0.04
8,s4_8_chirp,RQL,0.03,100,1,14.6169,0.492553,0.02
8,s4_8_chirp,EXACT-TV,0.03,100,1,14.6171,0.49248,0.04
8,s4_8_chirp,RQL,0.03,100,2,14.477,0.480389,0.04
8,s4_8_chirp,EXACT-TV,0.03,100,2,14.4764,0.480318,0.04
8,s4_8_chirp,RQL,0.03,500,0,14.6152,1.127726,0.03
8,s4_8_chirp,EXACT-TV,0.03,500,0,14.6152,1.127693,0.05
8,s4_8_chirp,RQL,0.03,500,1,14.4411,1.101188,0.02
8,s4_8_chirp,EXACT-TV,0.03,500,1,14.4245,1.101155,0.03
8,s4_8_chirp,RQL,0.03,500,2,14.609,1.073994,0.03
8,s4_8_chirp,EXACT-TV,0.03,500,2,14.609,1.073962,0.06
8,s4_8_chirp,RQL,0.03,20,0,14.6155,0.225783,0.86
8,s4_8_chirp,EXACT-TV,0.03,20,0,14.6158,0.225616,0.03
8,s4_8_chirp,RQL,0.03,20,1,14.6157,0.22047,0.02
8,s4_8_chirp,EXACT-TV,0.03,20,1,14.6145,0.220307,0.06
8,s4_8_chirp,RQL,0.03,20,2,14.4407,0.215025,0.02
8,s4_8_chirp,EXACT-TV,0.03,20,2,14.4457,0.214866,0.05
8,s4_8_chirp,RQL,0.03,100,0,14.598,0.504423,0.02
8,s4_8_chirp,EXACT-TV,0.03,100,0,14.5982,0.504348,0.04
8,s4_8_chirp,RQL,0.03,100,1,14.6169,0.492553,0.03
8,s4_8_chirp,EXACT-TV,0.03,100,1,14.6171,0.49248,0.05
8,s4_8_chirp,RQL,0.03,100,2,14.477,0.480389,0.02
8,s4_8_chirp,EXACT-TV,0.03,100,2,14.4764,0.480318,0.04
8,s4_8_chirp,RQL,0.03,500,0,14.6152,1.127726,0.02
8,s4_8_chirp,EXACT-TV,0.03,500,0,14.6152,1.127693,0.05
8,s4_8_chirp,RQL,0.03,500,1,14.4411,1.101188,0.02
8,s4_8_chirp,EXACT-TV,0.03,500,1,14.4245,1.101155,0.04
8,s4_8_chirp,RQL,0.03,500,2,14.609,1.073994,0.03
8,s4_8_chirp,EXACT-TV,0.03,500,2,14.609,1.073962,0.05
8,s4_8_chirp,RQL,0.03,2000,0,14.6265,2.255378,0.03
8,s4_8_chirp,EXACT-TV,0.03,2000,0,14.6265,2.255362,0.09
8,s4_8_chirp,RQL,0.03,2000,1,14.5993,2.202303,0.03
8,s4_8_chirp,EXACT-TV,0.03,2000,1,14.5992,2.202287,0.08
8,s4_8_chirp,RQL,0.03,2000,2,14.5497,2.147917,0.03
8,s4_8_chirp,EXACT-TV,0.03,2000,2,14.5497,2.147901,0.07
8,s4_8_chirp,RQL,0.1,20,0,13.4965,0.399839,0.03
8,s4_8_chirp,EXACT-TV,0.1,20,0,13.4777,0.398875,0.04
8,s4_8_chirp,RQL,0.1,20,1,13.9533,0.39043,0.04
8,s4_8_chirp,EXACT-TV,0.1,20,1,13.9349,0.389488,0.08
8,s4_8_chirp,RQL,0.1,20,2,13.7981,0.380788,0.02
8,s4_8_chirp,EXACT-TV,0.1,20,2,13.7749,0.37987,0.03
8,s4_8_chirp,RQL,0.1,100,0,14.5959,0.891587,0.02
8,s4_8_chirp,EXACT-TV,0.1,100,0,14.6005,0.891155,0.06
8,s4_8_chirp,RQL,0.1,100,1,14.6005,0.870606,0.02
8,s4_8_chirp,EXACT-TV,0.1,100,1,14.6001,0.870184,0.03
8,s4_8_chirp,RQL,0.1,100,2,14.621,0.849106,0.02
8,s4_8_chirp,EXACT-TV,0.1,100,2,14.6218,0.848694,0.05
8,s4_8_chirp,RQL,0.1,500,0,14.6281,1.992539,0.03
8,s4_8_chirp,EXACT-TV,0.1,500,0,14.6282,1.992346,0.04
8,s4_8_chirp,RQL,0.1,500,1,13.9983,1.945649,0.04
8,s4_8_chirp,EXACT-TV,0.1,500,1,13.9987,1.94546,0.08
8,s4_8_chirp,RQL,0.1,500,2,14.6066,1.897601,0.04
8,s4_8_chirp,EXACT-TV,0.1,500,2,14.5994,1.897417,0.07
8,s4_8_chirp,RQL,0.1,2000,0,14.6382,3.984661,0.05
8,s4_8_chirp,EXACT-TV,0.1,2000,0,14.6382,3.984564,0.11
8,s4_8_chirp,RQL,0.1,2000,1,14.5962,3.890891,0.05
8,s4_8_chirp,EXACT-TV,0.1,2000,1,14.5962,3.890797,0.07
8,s4_8_chirp,RQL,0.1,2000,2,14.6142,3.794805,0.04
8,s4_8_chirp,EXACT-TV,0.1,2000,2,14.6142,3.794713,0.1
8,s4_8_chirp,RQL,0.3,20,0,14.6116,0.640696,0.02
8,s4_8_chirp,EXACT-TV,0.3,20,0,14.6093,0.636287,0.05
8,s4_8_chirp,RQL,0.3,20,1,14.6084,0.625619,0.02
8,s4_8_chirp,EXACT-TV,0.3,20,1,14.5909,0.621314,0.05
8,s4_8_chirp,RQL,0.3,20,2,14.5888,0.610169,0.02
8,s4_8_chirp,EXACT-TV,0.3,20,2,14.5962,0.60597,0.05
8,s4_8_chirp,RQL,0.3,100,0,14.1619,1.422167,0.05
8,s4_8_chirp,EXACT-TV,0.3,100,0,14.1523,1.420181,0.11
8,s4_8_chirp,RQL,0.3,100,1,14.6135,1.3887,0.03
8,s4_8_chirp,EXACT-TV,0.3,100,1,14.6141,1.38676,0.05
8,s4_8_chirp,RQL,0.3,100,2,14.604,1.354405,0.05
8,s4_8_chirp,EXACT-TV,0.3,100,2,14.6019,1.352514,0.09
8,s4_8_chirp,RQL,0.3,500,0,14.6081,3.175357,0.05
8,s4_8_chirp,EXACT-TV,0.3,500,0,14.6078,3.174468,0.07
8,s4_8_chirp,RQL,0.3,500,1,14.609,3.100633,0.03
8,s4_8_chirp,EXACT-TV,0.3,500,1,14.6087,3.099764,0.11
8,s4_8_chirp,RQL,0.3,500,2,14.6155,3.024062,0.05
8,s4_8_chirp,EXACT-TV,0.3,500,2,14.6154,3.023215,0.07
8,s4_8_chirp,RQL,0.3,2000,0,14.6122,6.348949,0.06
8,s4_8_chirp,EXACT-TV,0.3,2000,0,14.6122,6.348504,0.12
8,s4_8_chirp,RQL,0.3,2000,1,15.1541,6.199541,0.05
8,s4_8_chirp,EXACT-TV,0.3,2000,1,15.1345,6.199106,0.1
8,s4_8_chirp,RQL,0.3,2000,2,14.5775,6.046442,0.05
8,s4_8_chirp,EXACT-TV,0.3,2000,2,14.5776,6.046018,0.13
8,s4_8_chirp,RQL,0.6,20,0,13.9872,0.822281,0.02
8,s4_8_chirp,EXACT-TV,0.6,20,0,14.162,0.811381,0.02
8,s4_8_chirp,RQL,0.6,20,1,14.2787,0.80293,0.02
8,s4_8_chirp,EXACT-TV,0.6,20,1,14.1879,0.792287,0.06
8,s4_8_chirp,RQL,0.6,20,2,14.5961,0.783102,0.04
8,s4_8_chirp,EXACT-TV,0.6,20,2,14.6087,0.772721,0.05
8,s4_8_chirp,RQL,0.6,100,0,14.6026,1.815421,0.03
8,s4_8_chirp,EXACT-TV,0.6,100,0,14.6036,1.810484,0.06
8,s4_8_chirp,RQL,0.6,100,1,14.6203,1.7727,0.02
8,s4_8_chirp,EXACT-TV,0.6,100,1,14.6202,1.767878,0.07
8,s4_8_chirp,RQL,0.6,100,2,14.7716,1.728922,0.06
8,s4_8_chirp,EXACT-TV,0.6,100,2,14.7119,1.72422,0.11
8,s4_8_chirp,RQL,0.6,500,0,14.602,4.048926,0.04
8,s4_8_chirp,EXACT-TV,0.6,500,0,14.601,4.046712,0.09
8,s4_8_chirp,RQL,0.6,500,1,14.6145,3.953644,0.06
8,s4_8_chirp,EXACT-TV,0.6,500,1,14.6148,3.951482,0.11
8,s4_8_chirp,RQL,0.6,500,2,14.6135,3.856008,0.03
8,s4_8_chirp,EXACT-TV,0.6,500,2,14.6135,3.853899,0.11
8,s4_8_chirp,RQL,0.6,2000,0,14.9335,8.093915,0.04
8,s4_8_chirp,EXACT-TV,0.6,2000,0,14.6144,8.092808,0.15
8,s4_8_chirp,RQL,0.6,2000,1,15.0059,7.903444,0.05
8,s4_8_chirp,EXACT-TV,0.6,2000,1,15.006,7.902362,0.11
8,s4_8_chirp,RQL,0.6,2000,2,14.9984,7.708267,0.06
8,s4_8_chirp,EXACT-TV,0.6,2000,2,15.1048,7.707212,0.16
8,s4_8_chirp,RQL,1.0,20,0,14.4936,0.956579,0.02
8,s4_8_chirp,EXACT-TV,1.0,20,0,14.388,0.935666,0.11
8,s4_8_chirp,RQL,1.0,20,1,14.6221,0.934068,0.03
8,s4_8_chirp,EXACT-TV,1.0,20,1,14.5746,0.913648,0.05
8,s4_8_chirp,RQL,1.0,20,2,14.5776,0.911001,0.02
8,s4_8_chirp,EXACT-TV,1.0,20,2,14.6163,0.891085,0.07
8,s4_8_chirp,RQL,1.0,100,0,14.5974,2.099489,0.03
8,s4_8_chirp,EXACT-TV,1.0,100,0,14.596,2.089958,0.09
8,s4_8_chirp,RQL,1.0,100,1,14.5913,2.050083,0.03
8,s4_8_chirp,EXACT-TV,1.0,100,1,14.5812,2.040776,0.09
8,s4_8_chirp,RQL,1.0,100,2,14.6201,1.999456,0.03
8,s4_8_chirp,EXACT-TV,1.0,100,2,14.6202,1.990379,0.08
8,s4_8_chirp,RQL,1.0,500,0,14.6111,4.676742,0.04
8,s4_8_chirp,EXACT-TV,1.0,500,0,14.6108,4.672463,0.11
8,s4_8_chirp,RQL,1.0,500,1,14.808,4.566686,0.04
8,s4_8_chirp,EXACT-TV,1.0,500,1,14.8074,4.562507,0.12
8,s4_8_chirp,RQL,1.0,500,2,14.5493,4.453911,0.05
8,s4_8_chirp,EXACT-TV,1.0,500,2,14.5494,4.449836,0.09
8,s4_8_chirp,RQL,1.0,2000,0,15.1662,9.346772,0.06
8,s4_8_chirp,EXACT-TV,1.0,2000,0,15.1074,9.344631,0.22
8,s4_8_chirp,RQL,1.0,2000,1,15.5504,9.126817,0.13
8,s4_8_chirp,EXACT-TV,1.0,2000,1,15.5766,9.124726,0.37
8,s4_8_chirp,RQL,1.0,2000,2,15.1341,8.901429,0.22
8,s4_8_chirp,EXACT-TV,1.0,2000,2,15.0998,8.89939,0.34
8,s4_8_chirp,RQL,2.0,20,0,14.4607,1.123073,0.11
8,s4_8_chirp,EXACT-TV,2.0,20,0,14.6091,1.071287,0.11
8,s4_8_chirp,RQL,2.0,20,1,14.5926,1.096644,0.05
8,s4_8_chirp,EXACT-TV,2.0,20,1,14.5835,1.046076,0.05
8,s4_8_chirp,RQL,2.0,20,2,14.6031,1.069562,0.07
8,s4_8_chirp,EXACT-TV,2.0,20,2,14.4761,1.020243,0.16
8,s4_8_chirp,RQL,2.0,100,0,14.6086,2.432771,0.1
8,s4_8_chirp,EXACT-TV,2.0,100,0,14.6106,2.408843,0.16
8,s4_8_chirp,RQL,2.0,100,1,14.6188,2.375522,0.06
8,s4_8_chirp,EXACT-TV,2.0,100,1,14.6139,2.352157,0.19
8,s4_8_chirp,RQL,2.0,100,2,14.4054,2.316858,0.14
8,s4_8_chirp,EXACT-TV,2.0,100,2,14.6025,2.29407,0.22
8,s4_8_chirp,RQL,2.0,500,0,14.6321,5.404053,0.07
8,s4_8_chirp,EXACT-TV,2.0,500,0,14.6294,5.393281,0.24
8,s4_8_chirp,RQL,2.0,500,1,14.6194,5.276881,0.13
8,s4_8_chirp,EXACT-TV,2.0,500,1,14.6197,5.266362,0.31
8,s4_8_chirp,RQL,2.0,500,2,14.63,5.146568,0.1
8,s4_8_chirp,EXACT-TV,2.0,500,2,14.6286,5.136309,0.24
8,s4_8_chirp,RQL,2.0,2000,0,15.2091,10.794632,0.2
8,s4_8_chirp,EXACT-TV,2.0,2000,0,15.2512,10.78924,0.35
8,s4_8_chirp,RQL,2.0,2000,1,15.9669,10.540605,0.17
8,s4_8_chirp,EXACT-TV,2.0,2000,1,15.9651,10.53534,0.28
8,s4_8_chirp,RQL,2.0,2000,2,15.2446,10.280303,0.14
8,s4_8_chirp,EXACT-TV,2.0,2000,2,15.3659,10.275168,0.39
8,s4_8_contour,RQL,0.03,20,0,10.4243,0.225783,0.04
8,s4_8_contour,EXACT-TV,0.03,20,0,10.4316,0.225616,0.07
8,s4_8_contour,RQL,0.03,20,1,10.427,0.22047,0.03
8,s4_8_contour,EXACT-TV,0.03,20,1,10.4261,0.220307,0.08
8,s4_8_contour,RQL,0.03,20,2,10.4677,0.215025,0.08
8,s4_8_contour,EXACT-TV,0.03,20,2,10.4678,0.214866,0.15
8,s4_8_contour,RQL,0.03,100,0,10.4357,0.504423,0.08
8,s4_8_contour,EXACT-TV,0.03,100,0,10.4356,0.504348,0.16
8,s4_8_contour,RQL,0.03,100,1,10.4637,0.492553,0.09
8,s4_8_contour,EXACT-TV,0.03,100,1,10.4638,0.49248,0.1
8,s4_8_contour,RQL,0.03,100,2,10.4314,0.480389,0.07
8,s4_8_contour,EXACT-TV,0.03,100,2,10.4313,0.480318,0.14
8,s4_8_contour,RQL,0.03,500,0,10.4644,1.127726,0.07
8,s4_8_contour,EXACT-TV,0.03,500,0,10.4644,1.127693,0.13
8,s4_8_contour,RQL,0.03,500,1,10.4465,1.101188,0.06
8,s4_8_contour,EXACT-TV,0.03,500,1,10.4465,1.101155,0.08
8,s4_8_contour,RQL,0.03,500,2,10.4628,1.073994,0.03
8,s4_8_contour,EXACT-TV,0.03,500,2,10.4628,1.073962,0.08
8,s4_8_contour,RQL,0.03,2000,0,10.4809,2.255378,0.09
8,s4_8_contour,EXACT-TV,0.03,2000,0,10.4809,2.255362,0.21
8,s4_8_contour,RQL,0.03,2000,1,10.4668,2.202303,0.11
8,s4_8_contour,EXACT-TV,0.03,2000,1,10.4668,2.202287,0.23
8,s4_8_contour,RQL,0.03,2000,2,10.4637,2.147917,0.09
8,s4_8_contour,EXACT-TV,0.03,2000,2,10.4637,2.147901,0.24
8,s4_8_contour,RQL,0.1,20,0,10.1201,0.399839,0.07
8,s4_8_contour,EXACT-TV,0.1,20,0,10.1172,0.398875,0.12
8,s4_8_contour,RQL,0.1,20,1,10.3082,0.39043,0.04
8,s4_8_contour,EXACT-TV,0.1,20,1,10.308,0.389488,0.09
8,s4_8_contour,RQL,0.1,20,2,10.2373,0.380788,0.02
8,s4_8_contour,EXACT-TV,0.1,20,2,10.2584,0.37987,0.05
8,s4_8_contour,RQL,0.1,100,0,10.4692,0.891587,0.05
8,s4_8_contour,EXACT-TV,0.1,100,0,10.4692,0.891155,0.07
8,s4_8_contour,RQL,0.1,100,1,10.4023,0.870606,0.06
8,s4_8_contour,EXACT-TV,0.1,100,1,10.4025,0.870184,0.1
8,s4_8_contour,RQL,0.1,100,2,10.4654,0.849106,0.1
8,s4_8_contour,EXACT-TV,0.1,100,2,10.4655,0.848694,0.14
8,s4_8_contour,RQL,0.1,500,0,10.5386,1.992539,0.12
8,s4_8_contour,EXACT-TV,0.1,500,0,10.5196,1.992346,0.3
8,s4_8_contour,RQL,0.1,500,1,10.4637,1.945649,0.11
8,s4_8_contour,EXACT-TV,0.1,500,1,10.4637,1.94546,0.1
8,s4_8_contour,RQL,0.1,500,2,10.4534,1.897601,0.1
8,s4_8_contour,EXACT-TV,0.1,500,2,10.4552,1.897417,0.22
8,s4_8_contour,RQL,0.1,2000,0,10.9241,3.984661,0.17
8,s4_8_contour,EXACT-TV,0.1,2000,0,10.8835,3.984564,0.35
8,s4_8_contour,RQL,0.1,2000,1,10.7741,3.890891,0.15
8,s4_8_contour,EXACT-TV,0.1,2000,1,10.7385,3.890797,0.23
8,s4_8_contour,RQL,0.1,2000,2,10.5905,3.794805,0.1
8,s4_8_contour,EXACT-TV,0.1,2000,2,10.5905,3.794713,0.28
8,s4_8_contour,RQL,0.3,20,0,10.4623,0.640696,0.04
8,s4_8_contour,EXACT-TV,0.3,20,0,10.4607,0.636287,0.12
8,s4_8_contour,RQL,0.3,20,1,10.4663,0.625619,0.04
8,s4_8_contour,EXACT-TV,0.3,20,1,10.4633,0.621314,0.09
8,s4_8_contour,RQL,0.3,20,2,10.458,0.610169,0.05
8,s4_8_contour,EXACT-TV,0.3,20,2,10.4611,0.60597,0.1
8,s4_8_contour,RQL,0.3,100,0,10.3996,1.422167,0.1
8,s4_8_contour,EXACT-TV,0.3,100,0,10.3979,1.420181,0.25
8,s4_8_contour,RQL,0.3,100,1,10.4643,1.3887,0.06
8,s4_8_contour,EXACT-TV,0.3,100,1,10.4642,1.38676,0.14
8,s4_8_contour,RQL,0.3,100,2,10.4693,1.354405,0.06
8,s4_8_contour,EXACT-TV,0.3,100,2,10.4689,1.352514,0.08
8,s4_8_contour,RQL,0.3,500,0,10.4685,3.175357,0.04
8,s4_8_contour,EXACT-TV,0.3,500,0,10.4685,3.174468,0.11
8,s4_8_contour,RQL,0.3,500,1,10.5075,3.100633,0.04
8,s4_8_contour,EXACT-TV,0.3,500,1,10.5062,3.099764,0.13
8,s4_8_contour,RQL,0.3,500,2,10.4708,3.024062,0.05
8,s4_8_contour,EXACT-TV,0.3,500,2,10.4675,3.023215,0.1
8,s4_8_contour,RQL,0.3,2000,0,12.3855,6.348949,0.07
8,s4_8_contour,EXACT-TV,0.3,2000,0,12.3853,6.348504,0.13
8,s4_8_contour,RQL,0.3,2000,1,11.7151,6.199541,0.06
8,s4_8_contour,EXACT-TV,0.3,2000,1,11.7004,6.199106,0.09
8,s4_8_contour,RQL,0.3,2000,2,11.8946,6.046442,0.07
8,s4_8_contour,EXACT-TV,0.3,2000,2,11.8945,6.046018,0.12
8,s4_8_contour,RQL,0.6,20,0,10.3722,0.822281,0.02
8,s4_8_contour,EXACT-TV,0.6,20,0,10.398,0.811381,0.03
8,s4_8_contour,RQL,0.6,20,1,10.4229,0.80293,0.02
8,s4_8_contour,EXACT-TV,0.6,20,1,10.4062,0.792287,0.05
8,s4_8_contour,RQL,0.6,20,2,10.4546,0.783102,0.03
8,s4_8_contour,EXACT-TV,0.6,20,2,10.4614,0.772721,0.04
8,s4_8_contour,RQL,0.6,100,0,10.4389,1.815421,0.05
8,s4_8_contour,EXACT-TV,0.6,100,0,10.4415,1.810484,0.06
8,s4_8_contour,RQL,0.6,100,1,10.4638,1.7727,0.02
8,s4_8_contour,EXACT-TV,0.6,100,1,10.4647,1.767878,0.09
8,s4_8_contour,RQL,0.6,100,2,10.479,1.728922,0.03
8,s4_8_contour,EXACT-TV,0.6,100,2,10.4681,1.72422,0.09
8,s4_8_contour,RQL,0.6,500,0,10.4983,4.048926,0.05
8,s4_8_contour,EXACT-TV,0.6,500,0,10.4979,4.046712,0.11
8,s4_8_contour,RQL,0.6,500,1,10.6237,3.953644,0.07
8,s4_8_contour,EXACT-TV,0.6,500,1,10.6131,3.951482,0.11
8,s4_8_contour,RQL,0.6,500,2,11.2315,3.856008,0.07
8,s4_8_contour,EXACT-TV,0.6,500,2,11.2312,3.853899,0.1
8,s4_8_contour,RQL,0.6,2000,0,12.0775,8.093915,0.05
8,s4_8_contour,EXACT-TV,0.6,2000,0,11.8823,8.092808,0.17
8,s4_8_contour,RQL,0.6,2000,1,11.9538,7.903444,0.06
8,s4_8_contour,EXACT-TV,0.6,2000,1,11.9726,7.902362,0.14
8,s4_8_contour,RQL,0.6,2000,2,13.0135,7.708267,0.09
8,s4_8_contour,EXACT-TV,0.6,2000,2,13.1163,7.707212,0.19
8,s4_8_contour,RQL,1.0,20,0,10.4389,0.956579,0.02
8,s4_8_contour,EXACT-TV,1.0,20,0,10.4196,0.935666,0.09
8,s4_8_contour,RQL,1.0,20,1,10.4696,0.934068,0.02
8,s4_8_contour,EXACT-TV,1.0,20,1,10.4642,0.913648,0.03
8,s4_8_contour,RQL,1.0,20,2,10.459,0.911001,0.02
8,s4_8_contour,EXACT-TV,1.0,20,2,10.4667,0.891085,0.05
8,s4_8_contour,RQL,1.0,100,0,10.4915,2.099489,0.04
8,s4_8_contour,EXACT-TV,1.0,100,0,10.4725,2.089958,0.07
8,s4_8_contour,RQL,1.0,100,1,10.4577,2.050083,0.04
8,s4_8_contour,EXACT-TV,1.0,100,1,10.4552,2.040776,0.06
8,s4_8_contour,RQL,1.0,100,2,10.4927,1.999456,0.05
8,s4_8_contour,EXACT-TV,1.0,100,2,10.4961,1.990379,0.08
8,s4_8_contour,RQL,1.0,500,0,10.8995,4.676742,0.06
8,s4_8_contour,EXACT-TV,1.0,500,0,10.8513,4.672463,0.08
8,s4_8_contour,RQL,1.0,500,1,11.5616,4.566686,0.07
8,s4_8_contour,EXACT-TV,1.0,500,1,11.5335,4.562507,0.13
8,s4_8_contour,RQL,1.0,500,2,11.0387,4.453911,0.04
8,s4_8_contour,EXACT-TV,1.0,500,2,11.0096,4.449836,0.12
8,s4_8_contour,RQL,1.0,2000,0,12.6099,9.346772,0.04
8,s4_8_contour,EXACT-TV,1.0,2000,0,12.1902,9.344631,0.13
8,s4_8_contour,RQL,1.0,2000,1,12.3246,9.126817,0.06
8,s4_8_contour,EXACT-TV,1.0,2000,1,12.3789,9.124726,0.24
8,s4_8_contour,RQL,1.0,2000,2,13.5303,8.901429,0.07
8,s4_8_contour,EXACT-TV,1.0,2000,2,13.5543,8.89939,0.16
8,s4_8_contour,RQL,2.0,20,0,10.4136,1.123073,0.03
8,s4_8_contour,EXACT-TV,2.0,20,0,10.4631,1.071287,0.07
8,s4_8_contour,RQL,2.0,20,1,10.4612,1.096644,0.03
8,s4_8_contour,EXACT-TV,2.0,20,1,10.4596,1.046076,0.04
8,s4_8_contour,RQL,2.0,20,2,10.4621,1.069562,0.03
8,s4_8_contour,EXACT-TV,2.0,20,2,10.4584,1.020243,0.06
8,s4_8_contour,RQL,2.0,100,0,10.4679,2.432771,0.02
8,s4_8_contour,EXACT-TV,2.0,100,0,10.4654,2.408843,0.06
8,s4_8_contour,RQL,2.0,100,1,10.4662,2.375522,0.05
8,s4_8_contour,EXACT-TV,2.0,100,1,10.4648,2.352157,0.08
8,s4_8_contour,RQL,2.0,100,2,10.4675,2.316858,0.04
8,s4_8_contour,EXACT-TV,2.0,100,2,10.4674,2.29407,0.06
8,s4_8_contour,RQL,2.0,500,0,10.8664,5.404053,0.05
8,s4_8_contour,EXACT-TV,2.0,500,0,10.7939,5.393281,0.12
8,s4_8_contour,RQL,2.0,500,1,11.3751,5.276881,0.05
8,s4_8_contour,EXACT-TV,2.0,500,1,11.3805,5.266362,0.09
8,s4_8_contour,RQL,2.0,500,2,11.0104,5.146568,0.07
8,s4_8_contour,EXACT-TV,2.0,500,2,10.9358,5.136309,0.11
8,s4_8_contour,RQL,2.0,2000,0,13.2786,10.794632,0.05
8,s4_8_contour,EXACT-TV,2.0,2000,0,13.2357,10.78924,0.22
8,s4_8_contour,RQL,2.0,2000,1,13.3733,10.540605,0.04
8,s4_8_contour,EXACT-TV,2.0,2000,1,13.3751,10.53534,0.15
8,s4_8_contour,RQL,2.0,2000,2,13.4525,10.280303,0.08
8,s4_8_contour,EXACT-TV,2.0,2000,2,13.5008,10.275168,0.3
8,s4_8_glyph,RQL,0.03,20,0,13.4262,0.225783,0.01
8,s4_8_glyph,EXACT-TV,0.03,20,0,13.4282,0.225616,0.02
8,s4_8_glyph,RQL,0.03,20,1,13.416,0.22047,0.05
8,s4_8_glyph,EXACT-TV,0.03,20,1,13.4144,0.220307,0.06
8,s4_8_glyph,RQL,0.03,20,2,13.4348,0.215025,0.02
8,s4_8_glyph,EXACT-TV,0.03,20,2,13.4367,0.214866,0.04
8,s4_8_glyph,RQL,0.03,100,0,13.495,0.504423,0.02
8,s4_8_glyph,EXACT-TV,0.03,100,0,13.4952,0.504348,0.03
8,s4_8_glyph,RQL,0.03,100,1,13.5149,0.492553,0.02
8,s4_8_glyph,EXACT-TV,0.03,100,1,13.515,0.49248,0.05
8,s4_8_glyph,RQL,0.03,100,2,13.204,0.480389,0.04
8,s4_8_glyph,EXACT-TV,0.03,100,2,13.2035,0.480318,0.06
8,s4_8_glyph,RQL,0.03,500,0,13.5228,1.127726,0.02
8,s4_8_glyph,EXACT-TV,0.03,500,0,13.5228,1.127693,0.07
8,s4_8_glyph,RQL,0.03,500,1,13.4959,1.101188,0.02
8,s4_8_glyph,EXACT-TV,0.03,500,1,13.4959,1.101155,0.03
8,s4_8_glyph,RQL,0.03,500,2,13.5271,1.073994,0.01
8,s4_8_glyph,EXACT-TV,0.03,500,2,13.5271,1.073962,0.06
8,s4_8_glyph,RQL,0.03,2000,0,13.524,2.255378,0.05
8,s4_8_glyph,EXACT-TV,0.03,2000,0,13.524,2.255362,0.1
8,s4_8_glyph,RQL,0.03,2000,1,13.5246,2.202303,0.03
8,s4_8_glyph,EXACT-TV,0.03,2000,1,13.5246,2.202287,0.04
8,s4_8_glyph,RQL,0.03,2000,2,13.5121,2.147917,0.05
8,s4_8_glyph,EXACT-TV,0.03,2000,2,13.5121,2.147901,0.09
8,s4_8_glyph,RQL,0.1,20,0,13.0452,0.399839,0.02
8,s4_8_glyph,EXACT-TV,0.1,20,0,13.0285,0.398875,0.05
8,s4_8_glyph,RQL,0.1,20,1,13.3546,0.39043,0.02
8,s4_8_glyph,EXACT-TV,0.1,20,1,13.3479,0.389488,0.03
8,s4_8_glyph,RQL,0.1,20,2,12.9551,0.380788,0.01
8,s4_8_glyph,EXACT-TV,0.1,20,2,12.9733,0.37987,0.05
8,s4_8_glyph,RQL,0.1,100,0,13.4918,0.891587,0.03
8,s4_8_glyph,EXACT-TV,0.1,100,0,13.491,0.891155,0.03
8,s4_8_glyph,RQL,0.1,100,1,13.4137,0.870606,0.02
8,s4_8_glyph,EXACT-TV,0.1,100,1,13.4128,0.870184,0.05
8,s4_8_glyph,RQL,0.1,100,2,13.5246,0.849106,0.02
8,s4_8_glyph,EXACT-TV,0.1,100,2,13.5247,0.848694,0.03
8,s4_8_glyph,RQL,0.1,500,0,13.5241,1.992539,0.03
8,s4_8_glyph,EXACT-TV,0.1,500,0,13.5241,1.992346,0.09
8,s4_8_glyph,RQL,0.1,500,1,13.5239,1.945649,0.04
8,s4_8_glyph,EXACT-TV,0.1,500,1,13.5239,1.94546,0.09
8,s4_8_glyph,RQL,0.1,500,2,13.5226,1.897601,0.03
8,s4_8_glyph,EXACT-TV,0.1,500,2,13.5227,1.897417,0.06
8,s4_8_glyph,RQL,0.1,2000,0,13.5345,3.984661,0.06
8,s4_8_glyph,EXACT-TV,0.1,2000,0,13.5345,3.984564,0.08
8,s4_8_glyph,RQL,0.1,2000,1,13.5168,3.890891,0.05
8,s4_8_glyph,EXACT-TV,0.1,2000,1,13.5168,3.890797,0.1
8,s4_8_glyph,RQL,0.1,2000,2,13.6109,3.794805,0.06
8,s4_8_glyph,EXACT-TV,0.1,2000,2,13.6109,3.794713,0.1
8,s4_8_glyph,RQL,0.3,20,0,13.5177,0.640696,0.02
8,s4_8_glyph,EXACT-TV,0.3,20,0,13.5222,0.636287,0.03
8,s4_8_glyph,RQL,0.3,20,1,13.5212,0.625619,0.02
8,s4_8_glyph,EXACT-TV,0.3,20,1,13.5173,0.621314,0.06
8,s4_8_glyph,RQL,0.3,20,2,13.4986,0.610169,0.03
8,s4_8_glyph,EXACT-TV,0.3,20,2,13.5082,0.60597,0.04
8,s4_8_glyph,RQL,0.3,100,0,13.5077,1.422167,0.03
8,s4_8_glyph,EXACT-TV,0.3,100,0,13.5062,1.420181,0.07
8,s4_8_glyph,RQL,0.3,100,1,13.5245,1.3887,0.02
8,s4_8_glyph,EXACT-TV,0.3,100,1,13.5249,1.38676,0.04
8,s4_8_glyph,RQL,0.3,100,2,13.5205,1.354405,0.04
8,s4_8_glyph,EXACT-TV,0.3,100,2,13.5197,1.352514,0.07
8,s4_8_glyph,RQL,0.3,500,0,13.5227,3.175357,0.04
8,s4_8_glyph,EXACT-TV,0.3,500,0,13.5225,3.174468,0.1
8,s4_8_glyph,RQL,0.3,500,1,13.524,3.100633,0.04
8,s4_8_glyph,EXACT-TV,0.3,500,1,13.524,3.099764,0.09
8,s4_8_glyph,RQL,0.3,500,2,13.5239,3.024062,0.04
8,s4_8_glyph,EXACT-TV,0.3,500,2,13.526,3.023215,0.12
8,s4_8_glyph,RQL,0.3,2000,0,13.8033,6.348949,0.05
8,s4_8_glyph,EXACT-TV,0.3,2000,0,13.9204,6.348504,0.15
8,s4_8_glyph,RQL,0.3,2000,1,14.4274,6.199541,0.06
8,s4_8_glyph,EXACT-TV,0.3,2000,1,14.4275,6.199106,0.08
8,s4_8_glyph,RQL,0.3,2000,2,15.1149,6.046442,0.06
8,s4_8_glyph,EXACT-TV,0.3,2000,2,15.1157,6.046018,0.19
8,s4_8_glyph,RQL,0.6,20,0,13.2321,0.822281,0.02
8,s4_8_glyph,EXACT-TV,0.6,20,0,13.3091,0.811381,0.05
8,s4_8_glyph,RQL,0.6,20,1,13.4359,0.80293,0.03
8,s4_8_glyph,EXACT-TV,0.6,20,1,13.3988,0.792287,0.05
8,s4_8_glyph,RQL,0.6,20,2,13.5158,0.783102,0.02
8,s4_8_glyph,EXACT-TV,0.6,20,2,13.5235,0.772721,0.04
8,s4_8_glyph,RQL,0.6,100,0,13.5237,1.815421,0.03
8,s4_8_glyph,EXACT-TV,0.6,100,0,13.523,1.810484,0.05
8,s4_8_glyph,RQL,0.6,100,1,13.513,1.7727,0.04
8,s4_8_glyph,EXACT-TV,0.6,100,1,13.5156,1.767878,0.06
8,s4_8_glyph,RQL,0.6,100,2,13.4599,1.728922,0.02
8,s4_8_glyph,EXACT-TV,0.6,100,2,13.4546,1.72422,0.07
8,s4_8_glyph,RQL,0.6,500,0,13.5442,4.048926,0.03
8,s4_8_glyph,EXACT-TV,0.6,500,0,13.5435,4.046712,0.09
8,s4_8_glyph,RQL,0.6,500,1,13.526,3.953644,0.06
8,s4_8_glyph,EXACT-TV,0.6,500,1,13.526,3.951482,0.11
8,s4_8_glyph,RQL,0.6,500,2,13.6574,3.856008,0.04
8,s4_8_glyph,EXACT-TV,0.6,500,2,13.6571,3.853899,0.14
8,s4_8_glyph,RQL,0.6,2000,0,14.2086,8.093915,0.07
8,s4_8_glyph,EXACT-TV,0.6,2000,0,14.1674,8.092808,0.19
8,s4_8_glyph,RQL,0.6,2000,1,14.2226,7.903444,0.05
8,s4_8_glyph,EXACT-TV,0.6,2000,1,14.2227,7.902362,0.12
8,s4_8_glyph,RQL,0.6,2000,2,15.8752,7.708267,0.04
8,s4_8_glyph,EXACT-TV,0.6,2000,2,15.9238,7.707212,0.25
8,s4_8_glyph,RQL,1.0,20,0,13.4755,0.956579,0.04
8,s4_8_glyph,EXACT-TV,1.0,20,0,13.4306,0.935666,0.03
8,s4_8_glyph,RQL,1.0,20,1,13.5241,0.934068,0.03
8,s4_8_glyph,EXACT-TV,1.0,20,1,13.52,0.913648,0.06
8,s4_8_glyph,RQL,1.0,20,2,13.5035,0.911001,0.02
8,s4_8_glyph,EXACT-TV,1.0,20,2,13.5255,0.891085,0.05
8,s4_8_glyph,RQL,1.0,100,0,13.5229,2.099489,0.04
8,s4_8_glyph,EXACT-TV,1.0,100,0,13.5234,2.089958,0.05
8,s4_8_glyph,RQL,1.0,100,1,13.5147,2.050083,0.03
8,s4_8_glyph,EXACT-TV,1.0,100,1,13.5093,2.040776,0.09
8,s4_8_glyph,RQL,1.0,100,2,13.5252,1.999456,0.04
8,s4_8_glyph,EXACT-TV,1.0,100,2,13.5222,1.990379,0.08
8,s4_8_glyph,RQL,1.0,500,0,13.5262,4.676742,0.03
8,s4_8_glyph,EXACT-TV,1.0,500,0,13.5257,4.672463,0.1
8,s4_8_glyph,RQL,1.0,500,1,13.5237,4.566686,0.04
8,s4_8_glyph,EXACT-TV,1.0,500,1,13.5233,4.562507,0.09
8,s4_8_glyph,RQL,1.0,500,2,14.0346,4.453911,0.03
8,s4_8_glyph,EXACT-TV,1.0,500,2,14.0296,4.449836,0.12
8,s4_8_glyph,RQL,1.0,2000,0,14.2572,9.346772,0.07
8,s4_8_glyph,EXACT-TV,1.0,2000,0,14.2568,9.344631,0.11
8,s4_8_glyph,RQL,1.0,2000,1,14.7785,9.126817,0.07
8,s4_8_glyph,EXACT-TV,1.0,2000,1,14.8997,9.124726,0.16
8,s4_8_glyph,RQL,1.0,2000,2,16.2144,8.901429,0.05
8,s4_8_glyph,EXACT-TV,1.0,2000,2,16.1315,8.89939,0.21
8,s4_8_glyph,RQL,2.0,20,0,13.4362,1.123073,0.03
8,s4_8_glyph,EXACT-TV,2.0,20,0,13.5205,1.071287,0.03
8,s4_8_glyph,RQL,2.0,20,1,13.5242,1.096644,0.02
8,s4_8_glyph,EXACT-TV,2.0,20,1,13.4999,1.046076,0.04
8,s4_8_glyph,RQL,2.0,20,2,13.5205,1.069562,0.03
8,s4_8_glyph,EXACT-TV,2.0,20,2,13.4697,1.020243,0.05
8,s4_8_glyph,RQL,2.0,100,0,13.5233,2.432771,0.03
8,s4_8_glyph,EXACT-TV,2.0,100,0,13.5213,2.408843,0.08
8,s4_8_glyph,RQL,2.0,100,1,13.5237,2.375522,0.03
8,s4_8_glyph,EXACT-TV,2.0,100,1,13.523,2.352157,0.06
8,s4_8_glyph,RQL,2.0,100,2,13.523,2.316858,0.05
8,s4_8_glyph,EXACT-TV,2.0,100,2,13.5187,2.29407,0.07
8,s4_8_glyph,RQL,2.0,500,0,13.5251,5.404053,0.06
8,s4_8_glyph,EXACT-TV,2.0,500,0,13.5251,5.393281,0.07
8,s4_8_glyph,RQL,2.0,500,1,13.7764,5.276881,0.05
8,s4_8_glyph,EXACT-TV,2.0,500,1,13.6413,5.266362,0.11
8,s4_8_glyph,RQL,2.0,500,2,14.3381,5.146568,0.05
8,s4_8_glyph,EXACT-TV,2.0,500,2,14.3933,5.136309,0.11
8,s4_8_glyph,RQL,2.0,2000,0,14.8203,10.794632,0.05
8,s4_8_glyph,EXACT-TV,2.0,2000,0,14.8187,10.78924,0.11
8,s4_8_glyph,RQL,2.0,2000,1,14.8638,10.540605,0.06
8,s4_8_glyph,EXACT-TV,2.0,2000,1,11.1784,10.53534,0.06
8,s4_8_glyph,RQL,2.0,2000,2,16.0256,10.280303,0.1
8,s4_8_glyph,EXACT-TV,2.0,2000,2,9.579,10.275168,0.06
8,s4_8_maze,RQL,0.03,20,0,9.5355,0.225783,0.01
8,s4_8_maze,EXACT-TV,0.03,20,0,9.5355,0.225616,0.02
8,s4_8_maze,RQL,0.03,20,1,9.5,0.22047,0.03
8,s4_8_maze,EXACT-TV,0.03,20,1,9.4994,0.220307,0.07
8,s4_8_maze,RQL,0.03,20,2,9.5103,0.215025,0.03
8,s4_8_maze,EXACT-TV,0.03,20,2,9.5109,0.214866,0.08
8,s4_8_maze,RQL,0.03,100,0,9.5289,0.504423,0.02
8,s4_8_maze,EXACT-TV,0.03,100,0,9.5288,0.504348,0.03
8,s4_8_maze,RQL,0.03,100,1,9.5158,0.492553,0.03
8,s4_8_maze,EXACT-TV,0.03,100,1,9.5159,0.49248,0.05
8,s4_8_maze,RQL,0.03,100,2,9.386,0.480389,0.02
8,s4_8_maze,EXACT-TV,0.03,100,2,9.3858,0.480318,0.05
8,s4_8_maze,RQL,0.03,500,0,9.5279,1.127726,0.04
8,s4_8_maze,EXACT-TV,0.03,500,0,9.5279,1.127693,0.04
8,s4_8_maze,RQL,0.03,500,1,9.527,1.101188,0.02
8,s4_8_maze,EXACT-TV,0.03,500,1,9.527,1.101155,0.04
8,s4_8_maze,RQL,0.03,500,2,9.5346,1.073994,0.03
8,s4_8_maze,EXACT-TV,0.03,500,2,9.5346,1.073962,0.05
8,s4_8_maze,RQL,0.03,2000,0,9.5117,2.255378,0.05
8,s4_8_maze,EXACT-TV,0.03,2000,0,9.5117,2.255362,0.08
8,s4_8_maze,RQL,0.03,2000,1,9.5338,2.202303,0.03
8,s4_8_maze,EXACT-TV,0.03,2000,1,9.5338,2.202287,0.07
8,s4_8_maze,RQL,0.03,2000,2,9.5248,2.147917,0.03
8,s4_8_maze,EXACT-TV,0.03,2000,2,9.5248,2.147901,0.11
8,s4_8_maze,RQL,0.1,20,0,9.3444,0.399839,0.02
8,s4_8_maze,EXACT-TV,0.1,20,0,9.3409,0.398875,0.03
8,s4_8_maze,RQL,0.1,20,1,9.4751,0.39043,0.02
8,s4_8_maze,EXACT-TV,0.1,20,1,9.4728,0.389488,0.07
8,s4_8_maze,RQL,0.1,20,2,9.3712,0.380788,0.02
8,s4_8_maze,EXACT-TV,0.1,20,2,9.3845,0.37987,0.03
8,s4_8_maze,RQL,0.1,100,0,9.5277,0.891587,0.03
8,s4_8_maze,EXACT-TV,0.1,100,0,9.5275,0.891155,0.06
8,s4_8_maze,RQL,0.1,100,1,9.5275,0.870606,0.02
8,s4_8_maze,EXACT-TV,0.1,100,1,9.5276,0.870184,0.02
8,s4_8_maze,RQL,0.1,100,2,9.5262,0.849106,0.02
8,s4_8_maze,EXACT-TV,0.1,100,2,9.5264,0.848694,0.05
8,s4_8_maze,RQL,0.1,500,0,9.5331,1.992539,0.05
8,s4_8_maze,EXACT-TV,0.1,500,0,9.5331,1.992346,0.1
8,s4_8_maze,RQL,0.1,500,1,9.5207,1.945649,0.04
8,s4_8_maze,EXACT-TV,0.1,500,1,9.5207,1.94546,0.05
8,s4_8_maze,RQL,0.1,500,2,9.5333,1.897601,0.06
8,s4_8_maze,EXACT-TV,0.1,500,2,9.5333,1.897417,0.11
8,s4_8_maze,RQL,0.1,2000,0,9.4726,3.984661,0.06
8,s4_8_maze,EXACT-TV,0.1,2000,0,9.4726,3.984564,0.07
8,s4_8_maze,RQL,0.1,2000,1,9.5276,3.890891,0.07
8,s4_8_maze,EXACT-TV,0.1,2000,1,9.5277,3.890797,0.11
8,s4_8_maze,RQL,0.1,2000,2,10.2611,3.794805,0.05
8,s4_8_maze,EXACT-TV,0.1,2000,2,10.2611,3.794713,0.09
8,s4_8_maze,RQL,0.3,20,0,9.533,0.640696,0.03
8,s4_8_maze,EXACT-TV,0.3,20,0,9.532,0.636287,0.03
8,s4_8_maze,RQL,0.3,20,1,9.5344,0.625619,0.03
8,s4_8_maze,EXACT-TV,0.3,20,1,9.5342,0.621314,0.07
8,s4_8_maze,RQL,0.3,20,2,9.5292,0.610169,0.02
8,s4_8_maze,EXACT-TV,0.3,20,2,9.532,0.60597,0.03
8,s4_8_maze,RQL,0.3,100,0,9.5319,1.422167,0.03
8,s4_8_maze,EXACT-TV,0.3,100,0,9.5334,1.420181,0.08
8,s4_8_maze,RQL,0.3,100,1,9.5344,1.3887,0.02
8,s4_8_maze,EXACT-TV,0.3,100,1,9.5343,1.38676,0.07
8,s4_8_maze,RQL,0.3,100,2,9.5275,1.354405,0.03
8,s4_8_maze,EXACT-TV,0.3,100,2,9.527,1.352514,0.05
8,s4_8_maze,RQL,0.3,500,0,9.5336,3.175357,0.03
8,s4_8_maze,EXACT-TV,0.3,500,0,9.5336,3.174468,0.12
8,s4_8_maze,RQL,0.3,500,1,9.5336,3.100633,0.03
8,s4_8_maze,EXACT-TV,0.3,500,1,9.5337,3.099764,0.09
8,s4_8_maze,RQL,0.3,500,2,9.5972,3.024062,0.03
8,s4_8_maze,EXACT-TV,0.3,500,2,9.5972,3.023215,0.11
8,s4_8_maze,RQL,0.3,2000,0,9.6907,6.348949,0.05
8,s4_8_maze,EXACT-TV,0.3,2000,0,9.6433,6.348504,0.1
8,s4_8_maze,RQL,0.3,2000,1,9.8202,6.199541,0.06
8,s4_8_maze,EXACT-TV,0.3,2000,1,9.772,6.199106,0.19
8,s4_8_maze,RQL,0.3,2000,2,10.8642,6.046442,0.07
8,s4_8_maze,EXACT-TV,0.3,2000,2,10.8889,6.046018,0.25
8,s4_8_maze,RQL,0.6,20,0,9.4103,0.822281,0.02
8,s4_8_maze,EXACT-TV,0.6,20,0,9.4404,0.811381,0.02
8,s4_8_maze,RQL,0.6,20,1,9.5115,0.80293,0.04
8,s4_8_maze,EXACT-TV,0.6,20,1,9.5014,0.792287,0.06
8,s4_8_maze,RQL,0.6,20,2,9.5345,0.783102,0.02
8,s4_8_maze,EXACT-TV,0.6,20,2,9.5365,0.772721,0.05
8,s4_8_maze,RQL,0.6,100,0,9.5351,1.815421,0.03
8,s4_8_maze,EXACT-TV,0.6,100,0,9.5332,1.810484,0.04
8,s4_8_maze,RQL,0.6,100,1,9.5295,1.7727,0.03
8,s4_8_maze,EXACT-TV,0.6,100,1,9.5304,1.767878,0.08
8,s4_8_maze,RQL,0.6,100,2,9.5345,1.728922,0.03
8,s4_8_maze,EXACT-TV,0.6,100,2,9.5348,1.72422,0.08
8,s4_8_maze,RQL,0.6,500,0,9.5458,4.048926,0.03
8,s4_8_maze,EXACT-TV,0.6,500,0,9.5458,4.046712,0.13
8,s4_8_maze,RQL,0.6,500,1,9.5304,3.953644,0.06
8,s4_8_maze,EXACT-TV,0.6,500,1,9.5306,3.951482,0.09
8,s4_8_maze,RQL,0.6,500,2,10.0447,3.856008,0.08
8,s4_8_maze,EXACT-TV,0.6,500,2,10.0033,3.853899,0.12
8,s4_8_maze,RQL,0.6,2000,0,10.03,8.093915,0.05
8,s4_8_maze,EXACT-TV,0.6,2000,0,10.0206,8.092808,0.23
8,s4_8_maze,RQL,0.6,2000,1,9.8775,7.903444,0.05
8,s4_8_maze,EXACT-TV,0.6,2000,1,9.8982,7.902362,0.19
8,s4_8_maze,RQL,0.6,2000,2,11.3251,7.708267,0.05
8,s4_8_maze,EXACT-TV,0.6,2000,2,11.2687,7.707212,0.2
8,s4_8_maze,RQL,1.0,20,0,9.5309,0.956579,0.02
8,s4_8_maze,EXACT-TV,1.0,20,0,9.5216,0.935666,0.04
8,s4_8_maze,RQL,1.0,20,1,9.5302,0.934068,0.02
8,s4_8_maze,EXACT-TV,1.0,20,1,9.5328,0.913648,0.04
8,s4_8_maze,RQL,1.0,20,2,9.5354,0.911001,0.03
8,s4_8_maze,EXACT-TV,1.0,20,2,9.5357,0.891085,0.05
8,s4_8_maze,RQL,1.0,100,0,9.5335,2.099489,0.05
8,s4_8_maze,EXACT-TV,1.0,100,0,9.5337,2.089958,0.06
8,s4_8_maze,RQL,1.0,100,1,9.5333,2.050083,0.03
8,s4_8_maze,EXACT-TV,1.0,100,1,9.5325,2.040776,0.09
8,s4_8_maze,RQL,1.0,100,2,9.533,1.999456,0.04
8,s4_8_maze,EXACT-TV,1.0,100,2,9.5338,1.990379,0.08
8,s4_8_maze,RQL,1.0,500,0,9.5499,4.676742,0.04
8,s4_8_maze,EXACT-TV,1.0,500,0,9.5498,4.672463,0.09
8,s4_8_maze,RQL,1.0,500,1,9.5456,4.566686,0.05
8,s4_8_maze,EXACT-TV,1.0,500,1,9.5357,4.562507,0.11
8,s4_8_maze,RQL,1.0,500,2,10.5193,4.453911,0.05
8,s4_8_maze,EXACT-TV,1.0,500,2,10.5187,4.449836,0.13
8,s4_8_maze,RQL,1.0,2000,0,10.6318,9.346772,0.08
8,s4_8_maze,EXACT-TV,1.0,2000,0,10.69,9.344631,0.15
8,s4_8_maze,RQL,1.0,2000,1,10.2836,9.126817,0.06
8,s4_8_maze,EXACT-TV,1.0,2000,1,10.2711,9.124726,0.13
8,s4_8_maze,RQL,1.0,2000,2,11.3321,8.901429,0.08
8,s4_8_maze,EXACT-TV,1.0,2000,2,11.2998,8.89939,0.25
8,s4_8_maze,RQL,2.0,20,0,9.499,1.123073,0.04
8,s4_8_maze,EXACT-TV,2.0,20,0,9.5288,1.071287,0.03
8,s4_8_maze,RQL,2.0,20,1,9.5205,1.096644,0.03
8,s4_8_maze,EXACT-TV,2.0,20,1,9.5339,1.046076,0.06
8,s4_8_maze,RQL,2.0,20,2,9.5307,1.069562,0.02
8,s4_8_maze,EXACT-TV,2.0,20,2,9.5092,1.020243,0.06
8,s4_8_maze,RQL,2.0,100,0,9.5346,2.432771,0.05
8,s4_8_maze,EXACT-TV,2.0,100,0,9.5348,2.408843,0.08
8,s4_8_maze,RQL,2.0,100,1,9.5323,2.375522,0.04
8,s4_8_maze,EXACT-TV,2.0,100,1,9.5336,2.352157,0.06
8,s4_8_maze,RQL,2.0,100,2,9.6245,2.316858,0.05
8,s4_8_maze,EXACT-TV,2.0,100,2,9.6191,2.29407,0.09
8,s4_8_maze,RQL,2.0,500,0,9.4899,5.404053,0.05
8,s4_8_maze,EXACT-TV,2.0,500,0,9.4905,5.393281,0.06
8,s4_8_maze,RQL,2.0,500,1,9.619,5.276881,0.06
8,s4_8_maze,EXACT-TV,2.0,500,1,9.6039,5.266362,0.1
8,s4_8_maze,RQL,2.0,500,2,10.4952,5.146568,0.05
8,s4_8_maze,EXACT-TV,2.0,500,2,10.5259,5.136309,0.1
8,s4_8_maze,RQL,2.0,2000,0,10.7323,10.794632,0.07
8,s4_8_maze,EXACT-TV,2.0,2000,0,9.6693,10.78924,0.07
8,s4_8_maze,RQL,2.0,2000,1,10.6997,10.540605,0.08
8,s4_8_maze,EXACT-TV,2.0,2000,1,9.4446,10.53534,0.07
8,s4_8_maze,RQL,2.0,2000,2,11.8235,10.280303,0.07
8,s4_8_maze,EXACT-TV,2.0,2000,2,11.8232,10.275168,0.16
8,s4_8_microtexture,RQL,0.03,20,0,16.3295,0.225783,0.01
8,s4_8_microtexture,EXACT-TV,0.03,20,0,16.3301,0.225616,0.02
8,s4_8_microtexture,RQL,0.03,20,1,15.6369,0.22047,0.02
8,s4_8_microtexture,EXACT-TV,0.03,20,1,15.6283,0.220307,0.06
8,s4_8_microtexture,RQL,0.03,20,2,16.224,0.215025,0.03
8,s4_8_microtexture,EXACT-TV,0.03,20,2,16.2278,0.214866,0.05
8,s4_8_microtexture,RQL,0.03,100,0,15.9452,0.504423,0.03
8,s4_8_microtexture,EXACT-TV,0.03,100,0,15.9439,0.504348,0.05
8,s4_8_microtexture,RQL,0.03,100,1,16.0132,0.492553,0.02
8,s4_8_microtexture,EXACT-TV,0.03,100,1,16.012,0.49248,0.05
8,s4_8_microtexture,RQL,0.03,100,2,15.1264,0.480389,0.03
8,s4_8_microtexture,EXACT-TV,0.03,100,2,15.1247,0.480318,0.05
8,s4_8_microtexture,RQL,0.03,500,0,16.2821,1.127726,0.02
8,s4_8_microtexture,EXACT-TV,0.03,500,0,16.2821,1.127693,0.04
8,s4_8_microtexture,RQL,0.03,500,1,16.2884,1.101188,0.03
8,s4_8_microtexture,EXACT-TV,0.03,500,1,16.2884,1.101155,0.04
8,s4_8_microtexture,RQL,0.03,500,2,16.275,1.073994,0.02
8,s4_8_microtexture,EXACT-TV,0.03,500,2,16.2751,1.073962,0.04
8,s4_8_microtexture,RQL,0.03,2000,0,16.2731,2.255378,0.05
8,s4_8_microtexture,EXACT-TV,0.03,2000,0,16.2731,2.255362,0.05
8,s4_8_microtexture,RQL,0.03,2000,1,16.257,2.202303,0.03
8,s4_8_microtexture,EXACT-TV,0.03,2000,1,16.257,2.202287,0.06
8,s4_8_microtexture,RQL,0.03,2000,2,16.2943,2.147917,0.03
8,s4_8_microtexture,EXACT-TV,0.03,2000,2,16.2943,2.147901,0.1
8,s4_8_microtexture,RQL,0.1,20,0,14.6306,0.399839,0.03
8,s4_8_microtexture,EXACT-TV,0.1,20,0,14.6038,0.398875,0.03
8,s4_8_microtexture,RQL,0.1,20,1,14.9341,0.39043,0.02
8,s4_8_microtexture,EXACT-TV,0.1,20,1,14.9113,0.389488,0.06
8,s4_8_microtexture,RQL,0.1,20,2,14.5653,0.380788,0.02
8,s4_8_microtexture,EXACT-TV,0.1,20,2,14.6104,0.37987,0.03
8,s4_8_microtexture,RQL,0.1,100,0,16.2833,0.891587,0.01
8,s4_8_microtexture,EXACT-TV,0.1,100,0,16.2875,0.891155,0.05
8,s4_8_microtexture,RQL,0.1,100,1,16.2287,0.870606,0.03
8,s4_8_microtexture,EXACT-TV,0.1,100,1,16.2265,0.870184,0.06
8,s4_8_microtexture,RQL,0.1,100,2,16.2894,0.849106,0.03
8,s4_8_microtexture,EXACT-TV,0.1,100,2,16.2896,0.848694,0.05
8,s4_8_microtexture,RQL,0.1,500,0,16.291,1.992539,0.03
8,s4_8_microtexture,EXACT-TV,0.1,500,0,16.2948,1.992346,0.05
8,s4_8_microtexture,RQL,0.1,500,1,16.1117,1.945649,0.04
8,s4_8_microtexture,EXACT-TV,0.1,500,1,16.112,1.94546,0.08
8,s4_8_microtexture,RQL,0.1,500,2,16.2801,1.897601,0.05
8,s4_8_microtexture,EXACT-TV,0.1,500,2,16.2804,1.897417,0.07
8,s4_8_microtexture,RQL,0.1,2000,0,16.279,3.984661,0.04
8,s4_8_microtexture,EXACT-TV,0.1,2000,0,16.279,3.984564,0.11
8,s4_8_microtexture,RQL,0.1,2000,1,16.2567,3.890891,0.08
8,s4_8_microtexture,EXACT-TV,0.1,2000,1,16.2567,3.890797,0.1
8,s4_8_microtexture,RQL,0.1,2000,2,16.2719,3.794805,0.03
8,s4_8_microtexture,EXACT-TV,0.1,2000,2,16.2842,3.794713,0.12
8,s4_8_microtexture,RQL,0.3,20,0,16.2972,0.640696,0.02
8,s4_8_microtexture,EXACT-TV,0.3,20,0,16.2967,0.636287,0.06
8,s4_8_microtexture,RQL,0.3,20,1,16.2811,0.625619,0.02
8,s4_8_microtexture,EXACT-TV,0.3,20,1,16.2797,0.621314,0.03
8,s4_8_microtexture,RQL,0.3,20,2,16.1656,0.610169,0.01
8,s4_8_microtexture,EXACT-TV,0.3,20,2,16.2107,0.60597,0.04
8,s4_8_microtexture,RQL,0.3,100,0,16.2911,1.422167,0.04
8,s4_8_microtexture,EXACT-TV,0.3,100,0,16.3019,1.420181,0.06
8,s4_8_microtexture,RQL,0.3,100,1,16.2662,1.3887,0.05
8,s4_8_microtexture,EXACT-TV,0.3,100,1,16.2692,1.38676,0.07
8,s4_8_microtexture,RQL,0.3,100,2,16.2926,1.354405,0.03
8,s4_8_microtexture,EXACT-TV,0.3,100,2,16.29,1.352514,0.06
8,s4_8_microtexture,RQL,0.3,500,0,16.2979,3.175357,0.05
8,s4_8_microtexture,EXACT-TV,0.3,500,0,16.2981,3.174468,0.11
8,s4_8_microtexture,RQL,0.3,500,1,16.2918,3.100633,0.03
8,s4_8_microtexture,EXACT-TV,0.3,500,1,16.2918,3.099764,0.1
8,s4_8_microtexture,RQL,0.3,500,2,16.2729,3.024062,0.04
8,s4_8_microtexture,EXACT-TV,0.3,500,2,16.2732,3.023215,0.07
8,s4_8_microtexture,RQL,0.3,2000,0,16.4294,6.348949,0.06
8,s4_8_microtexture,EXACT-TV,0.3,2000,0,16.4293,6.348504,0.06
8,s4_8_microtexture,RQL,0.3,2000,1,16.2881,6.199541,0.07
8,s4_8_microtexture,EXACT-TV,0.3,2000,1,16.288,6.199106,0.11
8,s4_8_microtexture,RQL,0.3,2000,2,16.3413,6.046442,0.05
8,s4_8_microtexture,EXACT-TV,0.3,2000,2,16.3413,6.046018,0.12
8,s4_8_microtexture,RQL,0.6,20,0,15.2217,0.822281,0.02
8,s4_8_microtexture,EXACT-TV,0.6,20,0,15.4907,0.811381,0.04
8,s4_8_microtexture,RQL,0.6,20,1,15.8436,0.80293,0.03
8,s4_8_microtexture,EXACT-TV,0.6,20,1,15.7051,0.792287,0.04
8,s4_8_microtexture,RQL,0.6,20,2,16.2661,0.783102,0.02
8,s4_8_microtexture,EXACT-TV,0.6,20,2,16.2844,0.772721,0.03
8,s4_8_microtexture,RQL,0.6,100,0,16.0851,1.815421,0.03
8,s4_8_microtexture,EXACT-TV,0.6,100,0,16.1083,1.810484,0.08
8,s4_8_microtexture,RQL,0.6,100,1,16.2935,1.7727,0.02
8,s4_8_microtexture,EXACT-TV,0.6,100,1,16.2953,1.767878,0.1
8,s4_8_microtexture,RQL,0.6,100,2,16.0536,1.728922,0.03
8,s4_8_microtexture,EXACT-TV,0.6,100,2,16.0337,1.72422,0.03
8,s4_8_microtexture,RQL,0.6,500,0,16.337,4.048926,0.05
8,s4_8_microtexture,EXACT-TV,0.6,500,0,16.337,4.046712,0.1
8,s4_8_microtexture,RQL,0.6,500,1,16.4435,3.953644,0.05
8,s4_8_microtexture,EXACT-TV,0.6,500,1,16.4438,3.951482,0.08
8,s4_8_microtexture,RQL,0.6,500,2,16.292,3.856008,0.03
8,s4_8_microtexture,EXACT-TV,0.6,500,2,16.2921,3.853899,0.1
8,s4_8_microtexture,RQL,0.6,2000,0,16.3474,8.093915,0.06
8,s4_8_microtexture,EXACT-TV,0.6,2000,0,16.2849,8.092808,0.12
8,s4_8_microtexture,RQL,0.6,2000,1,16.2892,7.903444,0.06
8,s4_8_microtexture,EXACT-TV,0.6,2000,1,16.2908,7.902362,0.12
8,s4_8_microtexture,RQL,0.6,2000,2,16.325,7.708267,0.06
8,s4_8_microtexture,EXACT-TV,0.6,2000,2,16.2822,7.707212,0.12
8,s4_8_microtexture,RQL,1.0,20,0,16.0862,0.956579,0.04
8,s4_8_microtexture,EXACT-TV,1.0,20,0,15.9096,0.935666,0.05
8,s4_8_microtexture,RQL,1.0,20,1,16.2532,0.934068,0.03
8,s4_8_microtexture,EXACT-TV,1.0,20,1,16.2785,0.913648,0.04
8,s4_8_microtexture,RQL,1.0,20,2,16.2156,0.911001,0.02
8,s4_8_microtexture,EXACT-TV,1.0,20,2,16.2856,0.891085,0.05
8,s4_8_microtexture,RQL,1.0,100,0,16.2869,2.099489,0.05
8,s4_8_microtexture,EXACT-TV,1.0,100,0,16.2846,2.089958,0.07
8,s4_8_microtexture,RQL,1.0,100,1,16.2339,2.050083,0.05
8,s4_8_microtexture,EXACT-TV,1.0,100,1,16.2208,2.040776,0.07
8,s4_8_microtexture,RQL,1.0,100,2,16.2689,1.999456,0.02
8,s4_8_microtexture,EXACT-TV,1.0,100,2,16.2778,1.990379,0.07
8,s4_8_microtexture,RQL,1.0,500,0,16.2876,4.676742,0.05
8,s4_8_microtexture,EXACT-TV,1.0,500,0,16.2892,4.672463,0.1
8,s4_8_microtexture,RQL,1.0,500,1,16.2915,4.566686,0.04
8,s4_8_microtexture,EXACT-TV,1.0,500,1,16.2887,4.562507,0.09
8,s4_8_microtexture,RQL,1.0,500,2,16.2923,4.453911,0.06
8,s4_8_microtexture,EXACT-TV,1.0,500,2,16.2943,4.449836,0.11
8,s4_8_microtexture,RQL,1.0,2000,0,16.9816,9.346772,0.05
8,s4_8_microtexture,EXACT-TV,1.0,2000,0,16.9808,9.344631,0.08
8,s4_8_microtexture,RQL,1.0,2000,1,16.2916,9.126817,0.07
8,s4_8_microtexture,EXACT-TV,1.0,2000,1,7.0594,9.124726,0.07
8,s4_8_microtexture,RQL,1.0,2000,2,16.454,8.901429,0.06
8,s4_8_microtexture,EXACT-TV,1.0,2000,2,16.3775,8.89939,0.1
8,s4_8_microtexture,RQL,2.0,20,0,15.9826,1.123073,0.03
8,s4_8_microtexture,EXACT-TV,2.0,20,0,16.2676,1.071287,0.04
8,s4_8_microtexture,RQL,2.0,20,1,16.1798,1.096644,0.03
8,s4_8_microtexture,EXACT-TV,2.0,20,1,16.2763,1.046076,0.07
8,s4_8_microtexture,RQL,2.0,20,2,16.2983,1.069562,0.03
8,s4_8_microtexture,EXACT-TV,2.0,20,2,16.1951,1.020243,0.04
8,s4_8_microtexture,RQL,2.0,100,0,16.2855,2.432771,0.03
8,s4_8_microtexture,EXACT-TV,2.0,100,0,16.2845,2.408843,0.09
8,s4_8_microtexture,RQL,2.0,100,1,16.2904,2.375522,0.03
8,s4_8_microtexture,EXACT-TV,2.0,100,1,16.291,2.352157,0.08
8,s4_8_microtexture,RQL,2.0,100,2,16.3069,2.316858,0.02
8,s4_8_microtexture,EXACT-TV,2.0,100,2,16.2887,2.29407,0.09
8,s4_8_microtexture,RQL,2.0,500,0,16.2755,5.404053,0.04
8,s4_8_microtexture,EXACT-TV,2.0,500,0,16.2927,5.393281,0.09
8,s4_8_microtexture,RQL,2.0,500,1,16.2964,5.276881,0.03
8,s4_8_microtexture,EXACT-TV,2.0,500,1,16.2989,5.266362,0.09
8,s4_8_microtexture,RQL,2.0,500,2,16.3369,5.146568,0.04
8,s4_8_microtexture,EXACT-TV,2.0,500,2,16.3358,5.136309,0.1
8,s4_8_microtexture,RQL,2.0,2000,0,16.5201,10.794632,0.03
8,s4_8_microtexture,EXACT-TV,2.0,2000,0,16.5193,10.78924,0.08
8,s4_8_microtexture,RQL,2.0,2000,1,16.2896,10.540605,0.06
8,s4_8_microtexture,EXACT-TV,2.0,2000,1,16.2894,10.53534,0.13
8,s4_8_microtexture,RQL,2.0,2000,2,16.3781,10.280303,0.04
8,s4_8_microtexture,EXACT-TV,2.0,2000,2,16.8706,10.275168,0.11
8,s4_8_spokes,RQL,0.03,20,0,8.2134,0.225783,0.02
8,s4_8_spokes,EXACT-TV,0.03,20,0,8.2137,0.225616,0.04
8,s4_8_spokes,RQL,0.03,20,1,8.1754,0.22047,0.03
8,s4_8_spokes,EXACT-TV,0.03,20,1,8.1746,0.220307,0.05
8,s4_8_spokes,RQL,0.03,20,2,8.193,0.215025,0.01
8,s4_8_spokes,EXACT-TV,0.03,20,2,8.1934,0.214866,0.02
8,s4_8_spokes,RQL,0.03,100,0,8.2217,0.504423,0.02
8,s4_8_spokes,EXACT-TV,0.03,100,0,8.2217,0.504348,0.04
8,s4_8_spokes,RQL,0.03,100,1,8.2219,0.492553,0.03
8,s4_8_spokes,EXACT-TV,0.03,100,1,8.2219,0.49248,0.05
8,s4_8_spokes,RQL,0.03,100,2,8.1514,0.480389,0.04
8,s4_8_spokes,EXACT-TV,0.03,100,2,8.1513,0.480318,0.08
8,s4_8_spokes,RQL,0.03,500,0,8.2188,1.127726,0.04
8,s4_8_spokes,EXACT-TV,0.03,500,0,8.2188,1.127693,0.08
8,s4_8_spokes,RQL,0.03,500,1,8.2248,1.101188,0.04
8,s4_8_spokes,EXACT-TV,0.03,500,1,8.2248,1.101155,0.08
8,s4_8_spokes,RQL,0.03,500,2,8.2064,1.073994,0.03
8,s4_8_spokes,EXACT-TV,0.03,500,2,8.2064,1.073962,0.04
8,s4_8_spokes,RQL,0.03,2000,0,8.2247,2.255378,0.04
8,s4_8_spokes,EXACT-TV,0.03,2000,0,8.2247,2.255362,0.11
8,s4_8_spokes,RQL,0.03,2000,1,9.713,2.202303,0.06
8,s4_8_spokes,EXACT-TV,0.03,2000,1,9.713,2.202287,0.08
8,s4_8_spokes,RQL,0.03,2000,2,8.2192,2.147917,0.05
8,s4_8_spokes,EXACT-TV,0.03,2000,2,8.2192,2.147901,0.09
8,s4_8_spokes,RQL,0.1,20,0,8.2205,0.399839,0.03
8,s4_8_spokes,EXACT-TV,0.1,20,0,8.2215,0.398875,0.06
8,s4_8_spokes,RQL,0.1,20,1,8.1781,0.39043,0.02
8,s4_8_spokes,EXACT-TV,0.1,20,1,8.176,0.389488,0.03
8,s4_8_spokes,RQL,0.1,20,2,8.149,0.380788,0.02
8,s4_8_spokes,EXACT-TV,0.1,20,2,8.1456,0.37987,0.06
8,s4_8_spokes,RQL,0.1,100,0,8.2195,0.891587,0.03
8,s4_8_spokes,EXACT-TV,0.1,100,0,8.2195,0.891155,0.03
8,s4_8_spokes,RQL,0.1,100,1,8.2571,0.870606,0.04
8,s4_8_spokes,EXACT-TV,0.1,100,1,8.182,0.870184,0.06
8,s4_8_spokes,RQL,0.1,100,2,8.2345,0.849106,0.02
8,s4_8_spokes,EXACT-TV,0.1,100,2,8.2335,0.848694,0.08
8,s4_8_spokes,RQL,0.1,500,0,8.2249,1.992539,0.04
8,s4_8_spokes,EXACT-TV,0.1,500,0,8.225,1.992346,0.07
8,s4_8_spokes,RQL,0.1,500,1,10.8613,1.945649,0.05
8,s4_8_spokes,EXACT-TV,0.1,500,1,10.8612,1.94546,0.11
8,s4_8_spokes,RQL,0.1,500,2,8.2457,1.897601,0.05
8,s4_8_spokes,EXACT-TV,0.1,500,2,8.2459,1.897417,0.09
8,s4_8_spokes,RQL,0.1,2000,0,11.0646,3.984661,0.05
8,s4_8_spokes,EXACT-TV,0.1,2000,0,10.9913,3.984564,0.15
8,s4_8_spokes,RQL,0.1,2000,1,12.0536,3.890891,0.06
8,s4_8_spokes,EXACT-TV,0.1,2000,1,12.0535,3.890797,0.07
8,s4_8_spokes,RQL,0.1,2000,2,10.221,3.794805,0.06
8,s4_8_spokes,EXACT-TV,0.1,2000,2,10.133,3.794713,0.18
8,s4_8_spokes,RQL,0.3,20,0,8.2203,0.640696,0.02
8,s4_8_spokes,EXACT-TV,0.3,20,0,8.218,0.636287,0.03
8,s4_8_spokes,RQL,0.3,20,1,8.2123,0.625619,0.02
8,s4_8_spokes,EXACT-TV,0.3,20,1,8.2083,0.621314,0.05
8,s4_8_spokes,RQL,0.3,20,2,8.2172,0.610169,0.03
8,s4_8_spokes,EXACT-TV,0.3,20,2,8.2227,0.60597,0.06
8,s4_8_spokes,RQL,0.3,100,0,8.2218,1.422167,0.03
8,s4_8_spokes,EXACT-TV,0.3,100,0,8.2219,1.420181,0.08
8,s4_8_spokes,RQL,0.3,100,1,8.2169,1.3887,0.04
8,s4_8_spokes,EXACT-TV,0.3,100,1,8.2165,1.38676,0.11
8,s4_8_spokes,RQL,0.3,100,2,8.3349,1.354405,0.08
8,s4_8_spokes,EXACT-TV,0.3,100,2,8.3357,1.352514,0.08
8,s4_8_spokes,RQL,0.3,500,0,10.7956,3.175357,0.06
8,s4_8_spokes,EXACT-TV,0.3,500,0,10.7506,3.174468,0.13
8,s4_8_spokes,RQL,0.3,500,1,12.8656,3.100633,0.06
8,s4_8_spokes,EXACT-TV,0.3,500,1,12.9049,3.099764,0.22
8,s4_8_spokes,RQL,0.3,500,2,8.558,3.024062,0.06
8,s4_8_spokes,EXACT-TV,0.3,500,2,8.5584,3.023215,0.18
8,s4_8_spokes,RQL,0.3,2000,0,12.2944,6.348949,0.07
8,s4_8_spokes,EXACT-TV,0.3,2000,0,12.2941,6.348504,0.09
8,s4_8_spokes,RQL,0.3,2000,1,13.6976,6.199541,0.09
8,s4_8_spokes,EXACT-TV,0.3,2000,1,13.6632,6.199106,0.3
8,s4_8_spokes,RQL,0.3,2000,2,11.4787,6.046442,0.06
8,s4_8_spokes,EXACT-TV,0.3,2000,2,11.5842,6.046018,0.2
8,s4_8_spokes,RQL,0.6,20,0,8.1657,0.822281,0.03
8,s4_8_spokes,EXACT-TV,0.6,20,0,8.188,0.811381,0.04
8,s4_8_spokes,RQL,0.6,20,1,8.1904,0.80293,0.02
8,s4_8_spokes,EXACT-TV,0.6,20,1,8.1672,0.792287,0.03
8,s4_8_spokes,RQL,0.6,20,2,8.2205,0.783102,0.02
8,s4_8_spokes,EXACT-TV,0.6,20,2,8.2271,0.772721,0.03
8,s4_8_spokes,RQL,0.6,100,0,8.2236,1.815421,0.06
8,s4_8_spokes,EXACT-TV,0.6,100,0,8.224,1.810484,0.09
8,s4_8_spokes,RQL,0.6,100,1,9.8156,1.7727,0.05
8,s4_8_spokes,EXACT-TV,0.6,100,1,9.816,1.767878,0.06
8,s4_8_spokes,RQL,0.6,100,2,8.2532,1.728922,0.04
8,s4_8_spokes,EXACT-TV,0.6,100,2,8.253,1.72422,0.08
8,s4_8_spokes,RQL,0.6,500,0,12.0462,4.048926,0.04
8,s4_8_spokes,EXACT-TV,0.6,500,0,12.0502,4.046712,0.08
8,s4_8_spokes,RQL,0.6,500,1,12.2166,3.953644,0.03
8,s4_8_spokes,EXACT-TV,0.6,500,1,12.399,3.951482,0.18
8,s4_8_spokes,RQL,0.6,500,2,10.0654,3.856008,0.06
8,s4_8_spokes,EXACT-TV,0.6,500,2,10.0328,3.853899,0.1
8,s4_8_spokes,RQL,0.6,2000,0,13.9772,8.093915,0.06
8,s4_8_spokes,EXACT-TV,0.6,2000,0,14.1137,8.092808,0.15
8,s4_8_spokes,RQL,0.6,2000,1,14.0563,7.903444,0.09
8,s4_8_spokes,EXACT-TV,0.6,2000,1,14.0553,7.902362,0.21
8,s4_8_spokes,RQL,0.6,2000,2,12.639,7.708267,0.08
8,s4_8_spokes,EXACT-TV,0.6,2000,2,12.7171,7.707212,0.13
8,s4_8_spokes,RQL,1.0,20,0,8.2275,0.956579,0.04
8,s4_8_spokes,EXACT-TV,1.0,20,0,8.2054,0.935666,0.06
8,s4_8_spokes,RQL,1.0,20,1,8.2223,0.934068,0.03
8,s4_8_spokes,EXACT-TV,1.0,20,1,8.2077,0.913648,0.05
8,s4_8_spokes,RQL,1.0,20,2,8.2239,0.911001,0.02
8,s4_8_spokes,EXACT-TV,1.0,20,2,8.2213,0.891085,0.07
8,s4_8_spokes,RQL,1.0,100,0,9.1298,2.099489,0.06
8,s4_8_spokes,EXACT-TV,1.0,100,0,9.1393,2.089958,0.13
8,s4_8_spokes,RQL,1.0,100,1,9.212,2.050083,0.04
8,s4_8_spokes,EXACT-TV,1.0,100,1,9.2054,2.040776,0.1
8,s4_8_spokes,RQL,1.0,100,2,8.218,1.999456,0.05
8,s4_8_spokes,EXACT-TV,1.0,100,2,8.2159,1.990379,0.08
8,s4_8_spokes,RQL,1.0,500,0,11.3391,4.676742,0.03
8,s4_8_spokes,EXACT-TV,1.0,500,0,11.4593,4.672463,0.14
8,s4_8_spokes,RQL,1.0,500,1,12.5676,4.566686,0.06
8,s4_8_spokes,EXACT-TV,1.0,500,1,12.5934,4.562507,0.1
8,s4_8_spokes,RQL,1.0,500,2,11.156,4.453911,0.06
8,s4_8_spokes,EXACT-TV,1.0,500,2,11.1525,4.449836,0.11
8,s4_8_spokes,RQL,1.0,2000,0,13.1294,9.346772,0.09
8,s4_8_spokes,EXACT-TV,1.0,2000,0,13.2373,9.344631,0.12
8,s4_8_spokes,RQL,1.0,2000,1,14.4747,9.126817,0.08
8,s4_8_spokes,EXACT-TV,1.0,2000,1,14.4727,9.124726,0.13
8,s4_8_spokes,RQL,1.0,2000,2,13.4133,8.901429,0.04
8,s4_8_spokes,EXACT-TV,1.0,2000,2,13.4686,8.89939,0.15
8,s4_8_spokes,RQL,2.0,20,0,8.1902,1.123073,0.02
8,s4_8_spokes,EXACT-TV,2.0,20,0,8.2174,1.071287,0.06
8,s4_8_spokes,RQL,2.0,20,1,8.2208,1.096644,0.04
8,s4_8_spokes,EXACT-TV,2.0,20,1,8.2134,1.046076,0.04
8,s4_8_spokes,RQL,2.0,20,2,8.223,1.069562,0.02
8,s4_8_spokes,EXACT-TV,2.0,20,2,8.2151,1.020243,0.07
8,s4_8_spokes,RQL,2.0,100,0,8.9097,2.432771,0.04
8,s4_8_spokes,EXACT-TV,2.0,100,0,8.7056,2.408843,0.13
8,s4_8_spokes,RQL,2.0,100,1,10.7148,2.375522,0.03
8,s4_8_spokes,EXACT-TV,2.0,100,1,10.6796,2.352157,0.09
8,s4_8_spokes,RQL,2.0,100,2,8.6946,2.316858,0.04
8,s4_8_spokes,EXACT-TV,2.0,100,2,8.7153,2.29407,0.14
8,s4_8_spokes,RQL,2.0,500,0,12.2423,5.404053,0.05
8,s4_8_spokes,EXACT-TV,2.0,500,0,12.1522,5.393281,0.14
8,s4_8_spokes,RQL,2.0,500,1,13.1343,5.276881,0.06
8,s4_8_spokes,EXACT-TV,2.0,500,1,13.1149,5.266362,0.15
8,s4_8_spokes,RQL,2.0,500,2,10.7576,5.146568,0.05
8,s4_8_spokes,EXACT-TV,2.0,500,2,10.8283,5.136309,0.12
8,s4_8_spokes,RQL,2.0,2000,0,14.439,10.794632,0.06
8,s4_8_spokes,EXACT-TV,2.0,2000,0,14.5626,10.78924,0.21
8,s4_8_spokes,RQL,2.0,2000,1,15.5728,10.540605,0.07
8,s4_8_spokes,EXACT-TV,2.0,2000,1,9.7524,10.53534,0.08
8,s4_8_spokes,RQL,2.0,2000,2,12.9418,10.280303,0.05
8,s4_8_spokes,EXACT-TV,2.0,2000,2,8.0848,10.275168,0.06
16,s4_16_chirp,RQL,0.03,20,0,9.2042,0.122945,0.07
16,s4_16_chirp,EXACT-TV,0.03,20,0,9.2049,0.122854,0.11
16,s4_16_chirp,RQL,0.03,20,1,9.2136,0.121328,0.07
16,s4_16_chirp,EXACT-TV,0.03,20,1,9.2131,0.121238,0.15
16,s4_16_chirp,RQL,0.03,20,2,9.2294,0.122945,0.09
16,s4_16_chirp,EXACT-TV,0.03,20,2,9.2291,0.122854,0.13
16,s4_16_chirp,RQL,0.03,100,0,9.2355,0.274673,0.08
16,s4_16_chirp,EXACT-TV,0.03,100,0,9.2355,0.274632,0.15
16,s4_16_chirp,RQL,0.03,100,1,9.2203,0.271059,0.07
16,s4_16_chirp,EXACT-TV,0.03,100,1,9.2205,0.271018,0.16
16,s4_16_chirp,RQL,0.03,100,2,9.2227,0.274673,0.08
16,s4_16_chirp,EXACT-TV,0.03,100,2,9.2226,0.274632,0.12
16,s4_16_chirp,RQL,0.03,500,0,9.2261,0.614079,0.1
16,s4_16_chirp,EXACT-TV,0.03,500,0,9.2261,0.614061,0.14
16,s4_16_chirp,RQL,0.03,500,1,9.2259,0.605999,0.11
16,s4_16_chirp,EXACT-TV,0.03,500,1,9.2259,0.605981,0.18
16,s4_16_chirp,RQL,0.03,500,2,9.2343,0.614079,0.1
16,s4_16_chirp,EXACT-TV,0.03,500,2,9.2343,0.614061,0.17
16,s4_16_chirp,RQL,0.03,2000,0,9.2358,1.228118,0.11
16,s4_16_chirp,EXACT-TV,0.03,2000,0,9.2358,1.228109,0.17
16,s4_16_chirp,RQL,0.03,2000,1,9.235,1.211958,0.07
16,s4_16_chirp,EXACT-TV,0.03,2000,1,9.235,1.211949,0.12
16,s4_16_chirp,RQL,0.03,2000,2,9.233,1.228118,0.13
16,s4_16_chirp,EXACT-TV,0.03,2000,2,9.233,1.228109,0.2
16,s4_16_chirp,RQL,0.1,20,0,9.2307,0.217724,0.1
16,s4_16_chirp,EXACT-TV,0.1,20,0,9.2353,0.217199,0.14
16,s4_16_chirp,RQL,0.1,20,1,9.2265,0.214859,0.07
16,s4_16_chirp,EXACT-TV,0.1,20,1,9.2269,0.214341,0.12
16,s4_16_chirp,RQL,0.1,20,2,9.2345,0.217724,0.09
16,s4_16_chirp,EXACT-TV,0.1,20,2,9.2333,0.217199,0.16
16,s4_16_chirp,RQL,0.1,100,0,9.2274,0.485495,0.1
16,s4_16_chirp,EXACT-TV,0.1,100,0,9.2274,0.48526,0.18
16,s4_16_chirp,RQL,0.1,100,1,9.2322,0.479107,0.07
16,s4_16_chirp,EXACT-TV,0.1,100,1,9.2321,0.478874,0.14
16,s4_16_chirp,RQL,0.1,100,2,9.2332,0.485495,0.08
16,s4_16_chirp,EXACT-TV,0.1,100,2,9.2333,0.48526,0.13
16,s4_16_chirp,RQL,0.1,500,0,9.2337,1.084995,0.11
16,s4_16_chirp,EXACT-TV,0.1,500,0,9.2361,1.08489,0.12
16,s4_16_chirp,RQL,0.1,500,1,9.2332,1.070718,0.08
16,s4_16_chirp,EXACT-TV,0.1,500,1,9.2332,1.070614,0.15
16,s4_16_chirp,RQL,0.1,500,2,9.2334,1.084995,0.12
16,s4_16_chirp,EXACT-TV,0.1,500,2,9.2334,1.08489,0.17
16,s4_16_chirp,RQL,0.1,2000,0,9.2674,2.169763,0.16
16,s4_16_chirp,EXACT-TV,0.1,2000,0,9.2628,2.16971,0.3
16,s4_16_chirp,RQL,0.1,2000,1,9.2984,2.141212,0.13
16,s4_16_chirp,EXACT-TV,0.1,2000,1,9.2344,2.14116,0.33
16,s4_16_chirp,RQL,0.1,2000,2,9.2338,2.169763,0.18
16,s4_16_chirp,EXACT-TV,0.1,2000,2,9.2338,2.16971,0.26
16,s4_16_chirp,RQL,0.3,20,0,9.2258,0.348878,0.09
16,s4_16_chirp,EXACT-TV,0.3,20,0,9.2297,0.346477,0.14
16,s4_16_chirp,RQL,0.3,20,1,9.2139,0.344287,0.08
16,s4_16_chirp,EXACT-TV,0.3,20,1,9.2106,0.341918,0.12
16,s4_16_chirp,RQL,0.3,20,2,9.234,0.348878,0.1
16,s4_16_chirp,EXACT-TV,0.3,20,2,9.2324,0.346477,0.14
16,s4_16_chirp,RQL,0.3,100,0,9.2325,0.774411,0.1
16,s4_16_chirp,EXACT-TV,0.3,100,0,9.2295,0.773329,0.11
16,s4_16_chirp,RQL,0.3,100,1,9.2345,0.764221,0.16
16,s4_16_chirp,EXACT-TV,0.3,100,1,9.2002,0.763153,0.17
16,s4_16_chirp,RQL,0.3,100,2,9.2355,0.774411,0.06
16,s4_16_chirp,EXACT-TV,0.3,100,2,9.2358,0.773329,0.15
16,s4_16_chirp,RQL,0.3,500,0,9.2373,1.729074,0.13
16,s4_16_chirp,EXACT-TV,0.3,500,0,9.2374,1.728589,0.24
16,s4_16_chirp,RQL,0.3,500,1,9.237,1.706322,0.17
16,s4_16_chirp,EXACT-TV,0.3,500,1,9.237,1.705844,0.28
16,s4_16_chirp,RQL,0.3,500,2,9.2394,1.729074,0.14
16,s4_16_chirp,EXACT-TV,0.3,500,2,9.2393,1.728589,0.24
16,s4_16_chirp,RQL,0.3,2000,0,9.3346,3.457186,0.2
16,s4_16_chirp,EXACT-TV,0.3,2000,0,9.3112,3.456943,0.4
16,s4_16_chirp,RQL,0.3,2000,1,9.3612,3.411694,0.19
16,s4_16_chirp,EXACT-TV,0.3,2000,1,9.2921,3.411455,0.48
16,s4_16_chirp,RQL,0.3,2000,2,9.3579,3.457186,0.16
16,s4_16_chirp,EXACT-TV,0.3,2000,2,9.3196,3.456943,0.33
16,s4_16_chirp,RQL,0.6,20,0,9.2301,0.447756,0.12
16,s4_16_chirp,EXACT-TV,0.6,20,0,9.2255,0.44182,0.16
16,s4_16_chirp,RQL,0.6,20,1,9.2106,0.441864,0.08
16,s4_16_chirp,EXACT-TV,0.6,20,1,9.2174,0.436007,0.17
16,s4_16_chirp,RQL,0.6,20,2,9.229,0.447756,0.09
16,s4_16_chirp,EXACT-TV,0.6,20,2,9.2212,0.44182,0.2
16,s4_16_chirp,RQL,0.6,100,0,9.2318,0.988549,0.13
16,s4_16_chirp,EXACT-TV,0.6,100,0,9.1651,0.985861,0.2
16,s4_16_chirp,RQL,0.6,100,1,9.2347,0.975541,0.11
16,s4_16_chirp,EXACT-TV,0.6,100,1,9.2326,0.972888,0.21
16,s4_16_chirp,RQL,0.6,100,2,9.2331,0.988549,0.09
16,s4_16_chirp,EXACT-TV,0.6,100,2,9.2339,0.985861,0.26
16,s4_16_chirp,RQL,0.6,500,0,9.2535,2.204757,0.14
16,s4_16_chirp,EXACT-TV,0.6,500,0,9.233,2.203551,0.35
16,s4_16_chirp,RQL,0.6,500,1,9.2356,2.175745,0.14
16,s4_16_chirp,EXACT-TV,0.6,500,1,9.2382,2.174556,0.37
16,s4_16_chirp,RQL,0.6,500,2,9.2314,2.204757,0.18
16,s4_16_chirp,EXACT-TV,0.6,500,2,9.2314,2.203551,0.3
16,s4_16_chirp,RQL,0.6,2000,0,9.4414,4.40737,0.23
16,s4_16_chirp,EXACT-TV,0.6,2000,0,9.3071,4.406767,0.44
16,s4_16_chirp,RQL,0.6,2000,1,9.5163,4.349376,0.2
16,s4_16_chirp,EXACT-TV,0.6,2000,1,9.3867,4.348781,0.65
16,s4_16_chirp,RQL,0.6,2000,2,9.383,4.40737,0.5
16,s4_16_chirp,EXACT-TV,0.6,2000,2,9.3595,4.406767,0.78
16,s4_16_chirp,RQL,1.0,20,0,9.2283,0.520885,0.21
16,s4_16_chirp,EXACT-TV,1.0,20,0,9.2352,0.509497,0.18
16,s4_16_chirp,RQL,1.0,20,1,9.2319,0.514031,0.1
16,s4_16_chirp,EXACT-TV,1.0,20,1,9.2382,0.502793,0.15
16,s4_16_chirp,RQL,1.0,20,2,9.2159,0.520885,0.09
16,s4_16_chirp,EXACT-TV,1.0,20,2,9.226,0.509497,0.18
16,s4_16_chirp,RQL,1.0,100,0,9.234,1.143232,0.17
16,s4_16_chirp,EXACT-TV,1.0,100,0,9.232,1.138042,0.21
16,s4_16_chirp,RQL,1.0,100,1,9.2318,1.128189,0.14
16,s4_16_chirp,EXACT-TV,1.0,100,1,9.2332,1.123068,0.23
16,s4_16_chirp,RQL,1.0,100,2,9.2245,1.143232,0.14
16,s4_16_chirp,EXACT-TV,1.0,100,2,9.2299,1.138042,0.17
16,s4_16_chirp,RQL,1.0,500,0,9.2294,2.546621,0.16
16,s4_16_chirp,EXACT-TV,1.0,500,0,9.2295,2.544291,0.27
16,s4_16_chirp,RQL,1.0,500,1,9.2241,2.513111,0.15
16,s4_16_chirp,EXACT-TV,1.0,500,1,9.2243,2.510812,0.22
16,s4_16_chirp,RQL,1.0,500,2,9.3044,2.546621,0.17
16,s4_16_chirp,EXACT-TV,1.0,500,2,9.2483,2.544291,0.28
16,s4_16_chirp,RQL,1.0,2000,0,9.4262,5.089586,0.19
16,s4_16_chirp,EXACT-TV,1.0,2000,0,9.3543,5.088421,0.41
16,s4_16_chirp,RQL,1.0,2000,1,9.6083,5.022615,0.32
16,s4_16_chirp,EXACT-TV,1.0,2000,1,9.5383,5.021465,0.43
16,s4_16_chirp,RQL,1.0,2000,2,9.4603,5.089586,0.17
16,s4_16_chirp,EXACT-TV,1.0,2000,2,9.3846,5.088421,0.39
16,s4_16_chirp,RQL,2.0,20,0,9.2134,0.611546,0.09
16,s4_16_chirp,EXACT-TV,2.0,20,0,9.2299,0.583347,0.19
16,s4_16_chirp,RQL,2.0,20,1,9.2535,0.603499,0.08
16,s4_16_chirp,EXACT-TV,2.0,20,1,9.2339,0.575671,0.19
16,s4_16_chirp,RQL,2.0,20,2,9.2288,0.611546,0.06
16,s4_16_chirp,EXACT-TV,2.0,20,2,9.2314,0.583347,0.15
16,s4_16_chirp,RQL,2.0,100,0,9.2418,1.324714,0.11
16,s4_16_chirp,EXACT-TV,2.0,100,0,9.1766,1.311685,0.05
16,s4_16_chirp,RQL,2.0,100,1,9.2172,1.307283,0.1
16,s4_16_chirp,EXACT-TV,2.0,100,1,9.2346,1.294425,0.14
16,s4_16_chirp,RQL,2.0,100,2,9.2369,1.324714,0.13
16,s4_16_chirp,EXACT-TV,2.0,100,2,9.2345,1.311685,0.13
16,s4_16_chirp,RQL,2.0,500,0,9.2401,2.942663,0.21
16,s4_16_chirp,EXACT-TV,2.0,500,0,9.2545,2.936797,0.35
16,s4_16_chirp,RQL,2.0,500,1,9.2491,2.903942,0.18
16,s4_16_chirp,EXACT-TV,2.0,500,1,9.2359,2.898153,0.28
16,s4_16_chirp,RQL,2.0,500,2,9.318,2.942663,0.18
16,s4_16_chirp,EXACT-TV,2.0,500,2,9.2807,2.936797,0.33
16,s4_16_chirp,RQL,2.0,2000,0,9.4665,5.877988,0.18
16,s4_16_chirp,EXACT-TV,2.0,2000,0,9.4066,5.875052,0.33
16,s4_16_chirp,RQL,2.0,2000,1,9.6048,5.800643,0.13
16,s4_16_chirp,EXACT-TV,2.0,2000,1,9.5785,5.797745,0.52
16,s4_16_chirp,RQL,2.0,2000,2,9.408,5.877988,0.16
16,s4_16_chirp,EXACT-TV,2.0,2000,2,9.3705,5.875052,0.35
16,s4_16_contour,RQL,0.03,20,0,8.6832,0.122945,0.06
16,s4_16_contour,EXACT-TV,0.03,20,0,8.6837,0.122854,0.09
16,s4_16_contour,RQL,0.03,20,1,8.6727,0.121328,0.05
16,s4_16_contour,EXACT-TV,0.03,20,1,8.6723,0.121238,0.11
16,s4_16_contour,RQL,0.03,20,2,8.6891,0.122945,0.07
16,s4_16_contour,EXACT-TV,0.03,20,2,8.6889,0.122854,0.1
16,s4_16_contour,RQL,0.03,100,0,8.6875,0.274673,0.08
16,s4_16_contour,EXACT-TV,0.03,100,0,8.6874,0.274632,0.13
16,s4_16_contour,RQL,0.03,100,1,8.6906,0.271059,0.07
16,s4_16_contour,EXACT-TV,0.03,100,1,8.6906,0.271018,0.12
16,s4_16_contour,RQL,0.03,100,2,8.673,0.274673,0.1
16,s4_16_contour,EXACT-TV,0.03,100,2,8.673,0.274632,0.13
16,s4_16_contour,RQL,0.03,500,0,8.6903,0.614079,0.09
16,s4_16_contour,EXACT-TV,0.03,500,0,8.6903,0.614061,0.17
16,s4_16_contour,RQL,0.03,500,1,8.9283,0.605999,0.07
16,s4_16_contour,EXACT-TV,0.03,500,1,8.6861,0.605981,0.21
16,s4_16_contour,RQL,0.03,500,2,8.6906,0.614079,0.11
16,s4_16_contour,EXACT-TV,0.03,500,2,8.6906,0.614061,0.17
16,s4_16_contour,RQL,0.03,2000,0,8.687,1.228118,0.12
16,s4_16_contour,EXACT-TV,0.03,2000,0,8.687,1.228109,0.2
16,s4_16_contour,RQL,0.03,2000,1,9.0556,1.211958,0.09
16,s4_16_contour,EXACT-TV,0.03,2000,1,8.6913,1.211949,0.25
16,s4_16_contour,RQL,0.03,2000,2,8.6904,1.228118,0.14
16,s4_16_contour,EXACT-TV,0.03,2000,2,8.6904,1.228109,0.33
16,s4_16_contour,RQL,0.1,20,0,8.7021,0.217724,0.07
16,s4_16_contour,EXACT-TV,0.1,20,0,8.702,0.217199,0.15
16,s4_16_contour,RQL,0.1,20,1,8.6812,0.214859,0.08
16,s4_16_contour,EXACT-TV,0.1,20,1,8.6839,0.214341,0.14
16,s4_16_contour,RQL,0.1,20,2,8.6852,0.217724,0.08
16,s4_16_contour,EXACT-TV,0.1,20,2,8.684,0.217199,0.16
16,s4_16_contour,RQL,0.1,100,0,8.6732,0.485495,0.09
16,s4_16_contour,EXACT-TV,0.1,100,0,8.6735,0.48526,0.18
16,s4_16_contour,RQL,0.1,100,1,8.6926,0.479107,0.07
16,s4_16_contour,EXACT-TV,0.1,100,1,8.7189,0.478874,0.16
16,s4_16_contour,RQL,0.1,100,2,8.6865,0.485495,0.15
16,s4_16_contour,EXACT-TV,0.1,100,2,8.6865,0.48526,0.25
16,s4_16_contour,RQL,0.1,500,0,8.689,1.084995,0.1
16,s4_16_contour,EXACT-TV,0.1,500,0,8.689,1.08489,0.17
16,s4_16_contour,RQL,0.1,500,1,8.7286,1.070718,0.11
16,s4_16_contour,EXACT-TV,0.1,500,1,8.6926,1.070614,0.27
16,s4_16_contour,RQL,0.1,500,2,8.6994,1.084995,0.13
16,s4_16_contour,EXACT-TV,0.1,500,2,8.6994,1.08489,0.23
16,s4_16_contour,RQL,0.1,2000,0,9.576,2.169763,0.14
16,s4_16_contour,EXACT-TV,0.1,2000,0,9.576,2.16971,0.34
16,s4_16_contour,RQL,0.1,2000,1,8.9474,2.141212,0.18
16,s4_16_contour,EXACT-TV,0.1,2000,1,8.9474,2.14116,0.31
16,s4_16_contour,RQL,0.1,2000,2,9.3358,2.169763,0.24
16,s4_16_contour,EXACT-TV,0.1,2000,2,9.3357,2.16971,0.38
16,s4_16_contour,RQL,0.3,20,0,8.6874,0.348878,0.08
16,s4_16_contour,EXACT-TV,0.3,20,0,8.6873,0.346477,0.15
16,s4_16_contour,RQL,0.3,20,1,8.6895,0.344287,0.09
16,s4_16_contour,EXACT-TV,0.3,20,1,8.686,0.341918,0.15
16,s4_16_contour,RQL,0.3,20,2,8.6861,0.348878,0.12
16,s4_16_contour,EXACT-TV,0.3,20,2,8.7333,0.346477,0.11
16,s4_16_contour,RQL,0.3,100,0,8.6854,0.774411,0.12
16,s4_16_contour,EXACT-TV,0.3,100,0,8.685,0.773329,0.2
16,s4_16_contour,RQL,0.3,100,1,8.6914,0.764221,0.12
16,s4_16_contour,EXACT-TV,0.3,100,1,8.6929,0.763153,0.23
16,s4_16_contour,RQL,0.3,100,2,8.6911,0.774411,0.07
16,s4_16_contour,EXACT-TV,0.3,100,2,8.6914,0.773329,0.2
16,s4_16_contour,RQL,0.3,500,0,9.0179,1.729074,0.15
16,s4_16_contour,EXACT-TV,0.3,500,0,9.0181,1.728589,0.22
16,s4_16_contour,RQL,0.3,500,1,9.1358,1.706322,0.13
16,s4_16_contour,EXACT-TV,0.3,500,1,9.136,1.705844,0.21
16,s4_16_contour,RQL,0.3,500,2,9.0428,1.729074,0.17
16,s4_16_contour,EXACT-TV,0.3,500,2,9.0427,1.728589,0.27
16,s4_16_contour,RQL,0.3,2000,0,9.6899,3.457186,0.18
16,s4_16_contour,EXACT-TV,0.3,2000,0,9.6187,3.456943,0.38
16,s4_16_contour,RQL,0.3,2000,1,9.9744,3.411694,0.13
16,s4_16_contour,EXACT-TV,0.3,2000,1,9.8329,3.411455,0.38
16,s4_16_contour,RQL,0.3,2000,2,9.7158,3.457186,0.21
16,s4_16_contour,EXACT-TV,0.3,2000,2,9.7096,3.456943,0.36
16,s4_16_contour,RQL,0.6,20,0,8.6893,0.447756,0.11
16,s4_16_contour,EXACT-TV,0.6,20,0,8.6849,0.44182,0.18
16,s4_16_contour,RQL,0.6,20,1,8.6763,0.441864,0.06
16,s4_16_contour,EXACT-TV,0.6,20,1,8.6756,0.436007,0.13
16,s4_16_contour,RQL,0.6,20,2,8.689,0.447756,0.09
16,s4_16_contour,EXACT-TV,0.6,20,2,8.8349,0.44182,0.16
16,s4_16_contour,RQL,0.6,100,0,8.6914,0.988549,0.11
16,s4_16_contour,EXACT-TV,0.6,100,0,8.8256,0.985861,0.21
16,s4_16_contour,RQL,0.6,100,1,8.6898,0.975541,0.13
16,s4_16_contour,EXACT-TV,0.6,100,1,8.6886,0.972888,0.23
16,s4_16_contour,RQL,0.6,100,2,8.824,0.988549,0.14
16,s4_16_contour,EXACT-TV,0.6,100,2,8.8298,0.985861,0.24
16,s4_16_contour,RQL,0.6,500,0,8.8749,2.204757,0.18
16,s4_16_contour,EXACT-TV,0.6,500,0,8.8883,2.203551,0.33
16,s4_16_contour,RQL,0.6,500,1,9.3611,2.175745,0.2
16,s4_16_contour,EXACT-TV,0.6,500,1,9.3325,2.174556,0.39
16,s4_16_contour,RQL,0.6,500,2,9.3354,2.204757,0.26
16,s4_16_contour,EXACT-TV,0.6,500,2,9.3349,2.203551,0.33
16,s4_16_contour,RQL,0.6,2000,0,10.4284,4.40737,0.21
16,s4_16_contour,EXACT-TV,0.6,2000,0,10.1588,4.406767,0.48
16,s4_16_contour,RQL,0.6,2000,1,10.1744,4.349376,0.27
16,s4_16_contour,EXACT-TV,0.6,2000,1,9.9992,4.348781,0.51
16,s4_16_contour,RQL,0.6,2000,2,10.3533,4.40737,0.2
16,s4_16_contour,EXACT-TV,0.6,2000,2,10.0967,4.406767,0.46
16,s4_16_contour,RQL,1.0,20,0,8.681,0.520885,0.08
16,s4_16_contour,EXACT-TV,1.0,20,0,8.6813,0.509497,0.16
16,s4_16_contour,RQL,1.0,20,1,8.6844,0.514031,0.06
16,s4_16_contour,EXACT-TV,1.0,20,1,8.6973,0.502793,0.14
16,s4_16_contour,RQL,1.0,20,2,8.6749,0.520885,0.11
16,s4_16_contour,EXACT-TV,1.0,20,2,8.6847,0.509497,0.14
16,s4_16_contour,RQL,1.0,100,0,8.6883,1.143232,0.14
16,s4_16_contour,EXACT-TV,1.0,100,0,8.6882,1.138042,0.19
16,s4_16_contour,RQL,1.0,100,1,8.6976,1.128189,0.13
16,s4_16_contour,EXACT-TV,1.0,100,1,8.6908,1.123068,0.23
16,s4_16_contour,RQL,1.0,100,2,9.0846,1.143232,0.12
16,s4_16_contour,EXACT-TV,1.0,100,2,9.1245,1.138042,0.2
16,s4_16_contour,RQL,1.0,500,0,9.4071,2.546621,0.13
16,s4_16_contour,EXACT-TV,1.0,500,0,9.422,2.544291,0.26
16,s4_16_contour,RQL,1.0,500,1,8.891,2.513111,0.18
16,s4_16_contour,EXACT-TV,1.0,500,1,8.8913,2.510812,0.29
16,s4_16_contour,RQL,1.0,500,2,9.6468,2.546621,0.24
16,s4_16_contour,EXACT-TV,1.0,500,2,9.6028,2.544291,0.4
16,s4_16_contour,RQL,1.0,2000,0,10.3022,5.089586,0.2
16,s4_16_contour,EXACT-TV,1.0,2000,0,10.2296,5.088421,0.37
16,s4_16_contour,RQL,1.0,2000,1,10.5089,5.022615,0.2
16,s4_16_contour,EXACT-TV,1.0,2000,1,10.5065,5.021465,0.34
16,s4_16_contour,RQL,1.0,2000,2,10.5367,5.089586,0.15
16,s4_16_contour,EXACT-TV,1.0,2000,2,10.3684,5.088421,0.44
16,s4_16_contour,RQL,2.0,20,0,8.6827,0.611546,0.1
16,s4_16_contour,EXACT-TV,2.0,20,0,8.7032,0.583347,0.22
16,s4_16_contour,RQL,2.0,20,1,8.6661,0.603499,0.1
16,s4_16_contour,EXACT-TV,2.0,20,1,8.6866,0.575671,0.19
16,s4_16_contour,RQL,2.0,20,2,8.6821,0.611546,0.1
16,s4_16_contour,EXACT-TV,2.0,20,2,8.6873,0.583347,0.18
16,s4_16_contour,RQL,2.0,100,0,8.6908,1.324714,0.17
16,s4_16_contour,EXACT-TV,2.0,100,0,8.6893,1.311685,0.14
16,s4_16_contour,RQL,2.0,100,1,8.687,1.307283,0.11
16,s4_16_contour,EXACT-TV,2.0,100,1,8.6897,1.294425,0.19
16,s4_16_contour,RQL,2.0,100,2,9.2074,1.324714,0.11
16,s4_16_contour,EXACT-TV,2.0,100,2,8.7975,1.311685,0.29
16,s4_16_contour,RQL,2.0,500,0,9.3057,2.942663,0.16
16,s4_16_contour,EXACT-TV,2.0,500,0,9.3047,2.936797,0.24
16,s4_16_contour,RQL,2.0,500,1,9.4392,2.903942,0.12
16,s4_16_contour,EXACT-TV,2.0,500,1,9.3325,2.898153,0.38
16,s4_16_contour,RQL,2.0,500,2,9.4988,2.942663,0.15
16,s4_16_contour,EXACT-TV,2.0,500,2,9.4233,2.936797,0.39
16,s4_16_contour,RQL,2.0,2000,0,11.0453,5.877988,0.17
16,s4_16_contour,EXACT-TV,2.0,2000,0,11.1077,5.875052,0.57
16,s4_16_contour,RQL,2.0,2000,1,10.7042,5.800643,0.15
16,s4_16_contour,EXACT-TV,2.0,2000,1,10.6777,5.797745,0.53
16,s4_16_contour,RQL,2.0,2000,2,10.6557,5.877988,0.17
16,s4_16_contour,EXACT-TV,2.0,2000,2,10.4223,5.875052,0.38
16,s4_16_glyph,RQL,0.03,20,0,10.6472,0.122945,0.06
16,s4_16_glyph,EXACT-TV,0.03,20,0,10.6476,0.122854,0.08
16,s4_16_glyph,RQL,0.03,20,1,10.6502,0.121328,0.07
16,s4_16_glyph,EXACT-TV,0.03,20,1,10.6496,0.121238,0.11
16,s4_16_glyph,RQL,0.03,20,2,10.6512,0.122945,0.1
16,s4_16_glyph,EXACT-TV,0.03,20,2,10.651,0.122854,0.12
16,s4_16_glyph,RQL,0.03,100,0,10.6538,0.274673,0.1
16,s4_16_glyph,EXACT-TV,0.03,100,0,10.6538,0.274632,0.15
16,s4_16_glyph,RQL,0.03,100,1,10.6448,0.271059,0.1
16,s4_16_glyph,EXACT-TV,0.03,100,1,10.6449,0.271018,0.13
16,s4_16_glyph,RQL,0.03,100,2,10.6467,0.274673,0.09
16,s4_16_glyph,EXACT-TV,0.03,100,2,10.6467,0.274632,0.16
16,s4_16_glyph,RQL,0.03,500,0,10.6572,0.614079,0.1
16,s4_16_glyph,EXACT-TV,0.03,500,0,10.6573,0.614061,0.15
16,s4_16_glyph,RQL,0.03,500,1,10.6483,0.605999,0.09
16,s4_16_glyph,EXACT-TV,0.03,500,1,10.6484,0.605981,0.15
16,s4_16_glyph,RQL,0.03,500,2,10.6547,0.614079,0.1
16,s4_16_glyph,EXACT-TV,0.03,500,2,10.6547,0.614061,0.15
16,s4_16_glyph,RQL,0.03,2000,0,10.6559,1.228118,0.1
16,s4_16_glyph,EXACT-TV,0.03,2000,0,10.6559,1.228109,0.16
16,s4_16_glyph,RQL,0.03,2000,1,10.6563,1.211958,0.08
16,s4_16_glyph,EXACT-TV,0.03,2000,1,10.6563,1.211949,0.13
16,s4_16_glyph,RQL,0.03,2000,2,10.6557,1.228118,0.11
16,s4_16_glyph,EXACT-TV,0.03,2000,2,10.6557,1.228109,0.2
16,s4_16_glyph,RQL,0.1,20,0,10.1243,0.217724,0.08
16,s4_16_glyph,EXACT-TV,0.1,20,0,10.6571,0.217199,0.13
16,s4_16_glyph,RQL,0.1,20,1,10.6543,0.214859,0.07
16,s4_16_glyph,EXACT-TV,0.1,20,1,10.6547,0.214341,0.08
16,s4_16_glyph,RQL,0.1,20,2,10.6509,0.217724,0.1
16,s4_16_glyph,EXACT-TV,0.1,20,2,10.6434,0.217199,0.13
16,s4_16_glyph,RQL,0.1,100,0,10.6419,0.485495,0.07
16,s4_16_glyph,EXACT-TV,0.1,100,0,10.6419,0.48526,0.18
16,s4_16_glyph,RQL,0.1,100,1,10.6565,0.479107,0.06
16,s4_16_glyph,EXACT-TV,0.1,100,1,10.6564,0.478874,0.16
16,s4_16_glyph,RQL,0.1,100,2,10.6553,0.485495,0.07
16,s4_16_glyph,EXACT-TV,0.1,100,2,10.6553,0.48526,0.14
16,s4_16_glyph,RQL,0.1,500,0,10.655,1.084995,0.07
16,s4_16_glyph,EXACT-TV,0.1,500,0,10.6551,1.08489,0.16
16,s4_16_glyph,RQL,0.1,500,1,10.6553,1.070718,0.1
16,s4_16_glyph,EXACT-TV,0.1,500,1,10.6555,1.070614,0.19
16,s4_16_glyph,RQL,0.1,500,2,10.6561,1.084995,0.1
16,s4_16_glyph,EXACT-TV,0.1,500,2,10.6561,1.08489,0.17
16,s4_16_glyph,RQL,0.1,2000,0,10.6557,2.169763,0.2
16,s4_16_glyph,EXACT-TV,0.1,2000,0,10.6557,2.16971,0.31
16,s4_16_glyph,RQL,0.1,2000,1,10.656,2.141212,0.2
16,s4_16_glyph,EXACT-TV,0.1,2000,1,10.656,2.14116,0.3
16,s4_16_glyph,RQL,0.1,2000,2,10.6852,2.169763,0.17
16,s4_16_glyph,EXACT-TV,0.1,2000,2,10.6852,2.16971,0.33
16,s4_16_glyph,RQL,0.3,20,0,10.6528,0.348878,0.1
16,s4_16_glyph,EXACT-TV,0.3,20,0,10.6494,0.346477,0.19
16,s4_16_glyph,RQL,0.3,20,1,10.6571,0.344287,0.08
16,s4_16_glyph,EXACT-TV,0.3,20,1,10.6537,0.341918,0.2
16,s4_16_glyph,RQL,0.3,20,2,10.6536,0.348878,0.1
16,s4_16_glyph,EXACT-TV,0.3,20,2,10.652,0.346477,0.19
16,s4_16_glyph,RQL,0.3,100,0,10.6551,0.774411,0.09
16,s4_16_glyph,EXACT-TV,0.3,100,0,10.6546,0.773329,0.19
16,s4_16_glyph,RQL,0.3,100,1,10.6565,0.764221,0.11
16,s4_16_glyph,EXACT-TV,0.3,100,1,10.6567,0.763153,0.27
16,s4_16_glyph,RQL,0.3,100,2,10.6558,0.774411,0.09
16,s4_16_glyph,EXACT-TV,0.3,100,2,10.6558,0.773329,0.21
16,s4_16_glyph,RQL,0.3,500,0,10.6575,1.729074,0.29
16,s4_16_glyph,EXACT-TV,0.3,500,0,10.6576,1.728589,0.72
16,s4_16_glyph,RQL,0.3,500,1,10.657,1.706322,0.24
16,s4_16_glyph,EXACT-TV,0.3,500,1,10.6569,1.705844,0.27
16,s4_16_glyph,RQL,0.3,500,2,10.7494,1.729074,0.14
16,s4_16_glyph,EXACT-TV,0.3,500,2,10.658,1.728589,0.26
16,s4_16_glyph,RQL,0.3,2000,0,10.7394,3.457186,0.18
16,s4_16_glyph,EXACT-TV,0.3,2000,0,10.7006,3.456943,0.39
16,s4_16_glyph,RQL,0.3,2000,1,10.6923,3.411694,0.19
16,s4_16_glyph,EXACT-TV,0.3,2000,1,10.6923,3.411455,0.33
16,s4_16_glyph,RQL,0.3,2000,2,10.7384,3.457186,0.17
16,s4_16_glyph,EXACT-TV,0.3,2000,2,10.7193,3.456943,0.37
16,s4_16_glyph,RQL,0.6,20,0,10.6544,0.447756,0.14
16,s4_16_glyph,EXACT-TV,0.6,20,0,10.65,0.44182,0.18
16,s4_16_glyph,RQL,0.6,20,1,10.6411,0.441864,0.16
16,s4_16_glyph,EXACT-TV,0.6,20,1,10.6512,0.436007,0.15
16,s4_16_glyph,RQL,0.6,20,2,10.6461,0.447756,0.08
16,s4_16_glyph,EXACT-TV,0.6,20,2,10.6352,0.44182,0.12
16,s4_16_glyph,RQL,0.6,100,0,10.6543,0.988549,0.08
16,s4_16_glyph,EXACT-TV,0.6,100,0,10.6546,0.985861,0.15
16,s4_16_glyph,RQL,0.6,100,1,10.6572,0.975541,0.08
16,s4_16_glyph,EXACT-TV,0.6,100,1,10.6547,0.972888,0.18
16,s4_16_glyph,RQL,0.6,100,2,10.6562,0.988549,0.14
16,s4_16_glyph,EXACT-TV,0.6,100,2,10.6557,0.985861,0.19
16,s4_16_glyph,RQL,0.6,500,0,10.6593,2.204757,0.28
16,s4_16_glyph,EXACT-TV,0.6,500,0,10.6593,2.203551,0.38
16,s4_16_glyph,RQL,0.6,500,1,10.6629,2.175745,0.16
16,s4_16_glyph,EXACT-TV,0.6,500,1,10.6631,2.174556,0.3
16,s4_16_glyph,RQL,0.6,500,2,10.6598,2.204757,0.17
16,s4_16_glyph,EXACT-TV,0.6,500,2,10.6598,2.203551,0.3
16,s4_16_glyph,RQL,0.6,2000,0,11.0448,4.40737,0.17
16,s4_16_glyph,EXACT-TV,0.6,2000,0,10.9905,4.406767,0.51
16,s4_16_glyph,RQL,0.6,2000,1,10.7443,4.349376,0.22
16,s4_16_glyph,EXACT-TV,0.6,2000,1,10.7389,4.348781,0.45
16,s4_16_glyph,RQL,0.6,2000,2,10.9649,4.40737,0.24
16,s4_16_glyph,EXACT-TV,0.6,2000,2,10.7849,4.406767,0.52
16,s4_16_glyph,RQL,1.0,20,0,10.6542,0.520885,0.11
16,s4_16_glyph,EXACT-TV,1.0,20,0,10.6568,0.509497,0.12
16,s4_16_glyph,RQL,1.0,20,1,10.6488,0.514031,0.11
16,s4_16_glyph,EXACT-TV,1.0,20,1,10.6603,0.502793,0.13
16,s4_16_glyph,RQL,1.0,20,2,10.6421,0.520885,0.06
16,s4_16_glyph,EXACT-TV,1.0,20,2,10.6499,0.509497,0.15
16,s4_16_glyph,RQL,1.0,100,0,10.6534,1.143232,0.13
16,s4_16_glyph,EXACT-TV,1.0,100,0,10.6559,1.138042,0.19
16,s4_16_glyph,RQL,1.0,100,1,10.6566,1.128189,0.14
16,s4_16_glyph,EXACT-TV,1.0,100,1,10.6558,1.123068,0.18
16,s4_16_glyph,RQL,1.0,100,2,10.6583,1.143232,0.11
16,s4_16_glyph,EXACT-TV,1.0,100,2,10.66,1.138042,0.16
16,s4_16_glyph,RQL,1.0,500,0,10.7392,2.546621,0.16
16,s4_16_glyph,EXACT-TV,1.0,500,0,10.7391,2.544291,0.28
16,s4_16_glyph,RQL,1.0,500,1,10.6557,2.513111,0.16
16,s4_16_glyph,EXACT-TV,1.0,500,1,10.6563,2.510812,0.29
16,s4_16_glyph,RQL,1.0,500,2,10.671,2.546621,0.18
16,s4_16_glyph,EXACT-TV,1.0,500,2,10.6644,2.544291,0.34
16,s4_16_glyph,RQL,1.0,2000,0,11.05,5.089586,0.23
16,s4_16_glyph,EXACT-TV,1.0,2000,0,10.9328,5.088421,0.39
16,s4_16_glyph,RQL,1.0,2000,1,10.7837,5.022615,0.21
16,s4_16_glyph,EXACT-TV,1.0,2000,1,10.7838,5.021465,0.33
16,s4_16_glyph,RQL,1.0,2000,2,11.152,5.089586,0.18
16,s4_16_glyph,EXACT-TV,1.0,2000,2,11.145,5.088421,0.37
16,s4_16_glyph,RQL,2.0,20,0,10.6448,0.611546,0.1
16,s4_16_glyph,EXACT-TV,2.0,20,0,10.6531,0.583347,0.19
16,s4_16_glyph,RQL,2.0,20,1,10.6287,0.603499,0.07
16,s4_16_glyph,EXACT-TV,2.0,20,1,10.6586,0.575671,0.17
16,s4_16_glyph,RQL,2.0,20,2,10.6586,0.611546,0.06
16,s4_16_glyph,EXACT-TV,2.0,20,2,10.6572,0.583347,0.15
16,s4_16_glyph,RQL,2.0,100,0,10.6554,1.324714,0.11
16,s4_16_glyph,EXACT-TV,2.0,100,0,10.6569,1.311685,0.18
16,s4_16_glyph,RQL,2.0,100,1,10.6587,1.307283,0.09
16,s4_16_glyph,EXACT-TV,2.0,100,1,10.6568,1.294425,0.13
16,s4_16_glyph,RQL,2.0,100,2,10.6601,1.324714,0.1
16,s4_16_glyph,EXACT-TV,2.0,100,2,10.6563,1.311685,0.11
16,s4_16_glyph,RQL,2.0,500,0,10.6645,2.942663,0.17
16,s4_16_glyph,EXACT-TV,2.0,500,0,10.656,2.936797,0.32
16,s4_16_glyph,RQL,2.0,500,1,10.6542,2.903942,0.12
16,s4_16_glyph,EXACT-TV,2.0,500,1,10.6543,2.898153,0.22
16,s4_16_glyph,RQL,2.0,500,2,10.7175,2.942663,0.15
16,s4_16_glyph,EXACT-TV,2.0,500,2,10.7179,2.936797,0.26
16,s4_16_glyph,RQL,2.0,2000,0,11.2799,5.877988,0.16
16,s4_16_glyph,EXACT-TV,2.0,2000,0,11.2093,5.875052,0.54
16,s4_16_glyph,RQL,2.0,2000,1,10.859,5.800643,0.18
16,s4_16_glyph,EXACT-TV,2.0,2000,1,10.8337,5.797745,0.37
16,s4_16_glyph,RQL,2.0,2000,2,11.2477,5.877988,0.16
16,s4_16_glyph,EXACT-TV,2.0,2000,2,11.222,5.875052,0.59
16,s4_16_maze,RQL,0.03,20,0,10.381,0.122945,0.07
16,s4_16_maze,EXACT-TV,0.03,20,0,10.3811,0.122854,0.08
16,s4_16_maze,RQL,0.03,20,1,10.3845,0.121328,0.07
16,s4_16_maze,EXACT-TV,0.03,20,1,10.3838,0.121238,0.11
16,s4_16_maze,RQL,0.03,20,2,10.3841,0.122945,0.07
16,s4_16_maze,EXACT-TV,0.03,20,2,10.3848,0.122854,0.14
16,s4_16_maze,RQL,0.03,100,0,10.381,0.274673,0.08
16,s4_16_maze,EXACT-TV,0.03,100,0,10.381,0.274632,0.14
16,s4_16_maze,RQL,0.03,100,1,10.3863,0.271059,0.08
16,s4_16_maze,EXACT-TV,0.03,100,1,10.3863,0.271018,0.14
16,s4_16_maze,RQL,0.03,100,2,10.3777,0.274673,0.08
16,s4_16_maze,EXACT-TV,0.03,100,2,10.3777,0.274632,0.14
16,s4_16_maze,RQL,0.03,500,0,10.4011,0.614079,0.11
16,s4_16_maze,EXACT-TV,0.03,500,0,10.4011,0.614061,0.2
16,s4_16_maze,RQL,0.03,500,1,10.3843,0.605999,0.07
16,s4_16_maze,EXACT-TV,0.03,500,1,10.3843,0.605981,0.19
16,s4_16_maze,RQL,0.03,500,2,10.3845,0.614079,0.06
16,s4_16_maze,EXACT-TV,0.03,500,2,10.3845,0.614061,0.16
16,s4_16_maze,RQL,0.03,2000,0,10.3844,1.228118,0.07
16,s4_16_maze,EXACT-TV,0.03,2000,0,10.3844,1.228109,0.13
16,s4_16_maze,RQL,0.03,2000,1,10.3927,1.211958,0.09
16,s4_16_maze,EXACT-TV,0.03,2000,1,10.3845,1.211949,0.16
16,s4_16_maze,RQL,0.03,2000,2,10.3847,1.228118,0.08
16,s4_16_maze,EXACT-TV,0.03,2000,2,10.3847,1.228109,0.13
16,s4_16_maze,RQL,0.1,20,0,10.3788,0.217724,0.09
16,s4_16_maze,EXACT-TV,0.1,20,0,10.3737,0.217199,0.09
16,s4_16_maze,RQL,0.1,20,1,10.3731,0.214859,0.1
16,s4_16_maze,EXACT-TV,0.1,20,1,10.3742,0.214341,0.15
16,s4_16_maze,RQL,0.1,20,2,10.3833,0.217724,0.1
16,s4_16_maze,EXACT-TV,0.1,20,2,10.3831,0.217199,0.11
16,s4_16_maze,RQL,0.1,100,0,10.3832,0.485495,0.1
16,s4_16_maze,EXACT-TV,0.1,100,0,10.3832,0.48526,0.15
16,s4_16_maze,RQL,0.1,100,1,10.4017,0.479107,0.11
16,s4_16_maze,EXACT-TV,0.1,100,1,10.4029,0.478874,0.16
16,s4_16_maze,RQL,0.1,100,2,10.3683,0.485495,0.1
16,s4_16_maze,EXACT-TV,0.1,100,2,10.3683,0.48526,0.15
16,s4_16_maze,RQL,0.1,500,0,10.3844,1.084995,0.09
16,s4_16_maze,EXACT-TV,0.1,500,0,10.3845,1.08489,0.15
16,s4_16_maze,RQL,0.1,500,1,10.4047,1.070718,0.08
16,s4_16_maze,EXACT-TV,0.1,500,1,10.4047,1.070614,0.15
16,s4_16_maze,RQL,0.1,500,2,10.3848,1.084995,0.09
16,s4_16_maze,EXACT-TV,0.1,500,2,10.3844,1.08489,0.18
16,s4_16_maze,RQL,0.1,2000,0,10.3889,2.169763,0.19
16,s4_16_maze,EXACT-TV,0.1,2000,0,10.3849,2.16971,0.33
16,s4_16_maze,RQL,0.1,2000,1,10.4334,2.141212,0.12
16,s4_16_maze,EXACT-TV,0.1,2000,1,10.4334,2.14116,0.24
16,s4_16_maze,RQL,0.1,2000,2,10.525,2.169763,0.15
16,s4_16_maze,EXACT-TV,0.1,2000,2,10.5047,2.16971,0.41
16,s4_16_maze,RQL,0.3,20,0,10.3812,0.348878,0.09
16,s4_16_maze,EXACT-TV,0.3,20,0,10.3818,0.346477,0.15
16,s4_16_maze,RQL,0.3,20,1,10.3842,0.344287,0.09
16,s4_16_maze,EXACT-TV,0.3,20,1,10.3839,0.341918,0.13
16,s4_16_maze,RQL,0.3,20,2,10.3846,0.348878,0.11
16,s4_16_maze,EXACT-TV,0.3,20,2,10.3845,0.346477,0.2
16,s4_16_maze,RQL,0.3,100,0,10.3836,0.774411,0.09
16,s4_16_maze,EXACT-TV,0.3,100,0,10.3842,0.773329,0.15
16,s4_16_maze,RQL,0.3,100,1,10.384,0.764221,0.08
16,s4_16_maze,EXACT-TV,0.3,100,1,10.3839,0.763153,0.17
16,s4_16_maze,RQL,0.3,100,2,10.3857,0.774411,0.09
16,s4_16_maze,EXACT-TV,0.3,100,2,10.3845,0.773329,0.18
16,s4_16_maze,RQL,0.3,500,0,10.4322,1.729074,0.14
16,s4_16_maze,EXACT-TV,0.3,500,0,10.4323,1.728589,0.2
16,s4_16_maze,RQL,0.3,500,1,10.3866,1.706322,0.37
16,s4_16_maze,EXACT-TV,0.3,500,1,10.3851,1.705844,0.72
16,s4_16_maze,RQL,0.3,500,2,10.4361,1.729074,0.27
16,s4_16_maze,EXACT-TV,0.3,500,2,10.3945,1.728589,0.46
16,s4_16_maze,RQL,0.3,2000,0,10.6502,3.457186,0.24
16,s4_16_maze,EXACT-TV,0.3,2000,0,10.7456,3.456943,0.28
16,s4_16_maze,RQL,0.3,2000,1,10.7614,3.411694,0.16
16,s4_16_maze,EXACT-TV,0.3,2000,1,10.7246,3.411455,0.58
16,s4_16_maze,RQL,0.3,2000,2,10.7,3.457186,0.22
16,s4_16_maze,EXACT-TV,0.3,2000,2,10.7006,3.456943,0.49
16,s4_16_maze,RQL,0.6,20,0,10.3837,0.447756,0.1
16,s4_16_maze,EXACT-TV,0.6,20,0,10.3822,0.44182,0.18
16,s4_16_maze,RQL,0.6,20,1,10.3831,0.441864,0.09
16,s4_16_maze,EXACT-TV,0.6,20,1,10.387,0.436007,0.13
16,s4_16_maze,RQL,0.6,20,2,10.3834,0.447756,0.13
16,s4_16_maze,EXACT-TV,0.6,20,2,10.3827,0.44182,0.15
16,s4_16_maze,RQL,0.6,100,0,10.3849,0.988549,0.12
16,s4_16_maze,EXACT-TV,0.6,100,0,10.3923,0.985861,0.17
16,s4_16_maze,RQL,0.6,100,1,10.3844,0.975541,0.11
16,s4_16_maze,EXACT-TV,0.6,100,1,10.3847,0.972888,0.23
16,s4_16_maze,RQL,0.6,100,2,10.384,0.988549,0.13
16,s4_16_maze,EXACT-TV,0.6,100,2,10.3845,0.985861,0.14
16,s4_16_maze,RQL,0.6,500,0,10.3973,2.204757,0.26
16,s4_16_maze,EXACT-TV,0.6,500,0,10.3925,2.203551,0.45
16,s4_16_maze,RQL,0.6,500,1,10.4209,2.175745,0.22
16,s4_16_maze,EXACT-TV,0.6,500,1,10.4209,2.174556,0.37
16,s4_16_maze,RQL,0.6,500,2,10.3955,2.204757,0.22
16,s4_16_maze,EXACT-TV,0.6,500,2,10.3952,2.203551,0.39
16,s4_16_maze,RQL,0.6,2000,0,10.8688,4.40737,0.2
16,s4_16_maze,EXACT-TV,0.6,2000,0,11.3756,4.406767,0.27
16,s4_16_maze,RQL,0.6,2000,1,10.9345,4.349376,0.19
16,s4_16_maze,EXACT-TV,0.6,2000,1,10.9349,4.348781,0.31
16,s4_16_maze,RQL,0.6,2000,2,11.0771,4.40737,0.19
16,s4_16_maze,EXACT-TV,0.6,2000,2,11.0253,4.406767,0.39
16,s4_16_maze,RQL,1.0,20,0,10.3806,0.520885,0.09
16,s4_16_maze,EXACT-TV,1.0,20,0,10.3853,0.509497,0.12
16,s4_16_maze,RQL,1.0,20,1,10.384,0.514031,0.08
16,s4_16_maze,EXACT-TV,1.0,20,1,10.3833,0.502793,0.12
16,s4_16_maze,RQL,1.0,20,2,10.382,0.520885,0.09
16,s4_16_maze,EXACT-TV,1.0,20,2,10.3878,0.509497,0.13
16,s4_16_maze,RQL,1.0,100,0,10.3863,1.143232,0.17
16,s4_16_maze,EXACT-TV,1.0,100,0,10.4608,1.138042,0.19
16,s4_16_maze,RQL,1.0,100,1,10.3839,1.128189,0.12
16,s4_16_maze,EXACT-TV,1.0,100,1,10.3844,1.123068,0.25
16,s4_16_maze,RQL,1.0,100,2,10.3873,1.143232,0.13
16,s4_16_maze,EXACT-TV,1.0,100,2,10.3844,1.138042,0.22
16,s4_16_maze,RQL,1.0,500,0,10.4079,2.546621,0.16
16,s4_16_maze,EXACT-TV,1.0,500,0,10.4027,2.544291,0.38
16,s4_16_maze,RQL,1.0,500,1,10.4453,2.513111,0.18
16,s4_16_maze,EXACT-TV,1.0,500,1,10.4453,2.510812,0.32
16,s4_16_maze,RQL,1.0,500,2,10.4955,2.546621,0.17
16,s4_16_maze,EXACT-TV,1.0,500,2,10.4989,2.544291,0.37
16,s4_16_maze,RQL,1.0,2000,0,11.1551,5.089586,0.18
16,s4_16_maze,EXACT-TV,1.0,2000,0,12.3833,5.088421,0.18
16,s4_16_maze,RQL,1.0,2000,1,11.231,5.022615,0.19
16,s4_16_maze,EXACT-TV,1.0,2000,1,11.7533,5.021465,0.24
16,s4_16_maze,RQL,1.0,2000,2,11.1942,5.089586,0.18
16,s4_16_maze,EXACT-TV,1.0,2000,2,11.1568,5.088421,0.47
16,s4_16_maze,RQL,2.0,20,0,10.3783,0.611546,0.11
16,s4_16_maze,EXACT-TV,2.0,20,0,10.3838,0.583347,0.18
16,s4_16_maze,RQL,2.0,20,1,10.3797,0.603499,0.1
16,s4_16_maze,EXACT-TV,2.0,20,1,10.3866,0.575671,0.16
16,s4_16_maze,RQL,2.0,20,2,10.3839,0.611546,0.09
16,s4_16_maze,EXACT-TV,2.0,20,2,10.3863,0.583347,0.15
16,s4_16_maze,RQL,2.0,100,0,10.3854,1.324714,0.18
16,s4_16_maze,EXACT-TV,2.0,100,0,10.3843,1.311685,0.16
16,s4_16_maze,RQL,2.0,100,1,10.4327,1.307283,0.12
16,s4_16_maze,EXACT-TV,2.0,100,1,10.6113,1.294425,0.06
16,s4_16_maze,RQL,2.0,100,2,10.3845,1.324714,0.15
16,s4_16_maze,EXACT-TV,2.0,100,2,10.3848,1.311685,0.18
16,s4_16_maze,RQL,2.0,500,0,10.5899,2.942663,0.14
16,s4_16_maze,EXACT-TV,2.0,500,0,10.5339,2.936797,0.29
16,s4_16_maze,RQL,2.0,500,1,10.4814,2.903942,0.14
16,s4_16_maze,EXACT-TV,2.0,500,1,10.4631,2.898153,0.32
16,s4_16_maze,RQL,2.0,500,2,10.5044,2.942663,0.13
16,s4_16_maze,EXACT-TV,2.0,500,2,10.4835,2.936797,0.35
16,s4_16_maze,RQL,2.0,2000,0,11.2697,5.877988,0.18
16,s4_16_maze,EXACT-TV,2.0,2000,0,11.7356,5.875052,0.25
16,s4_16_maze,RQL,2.0,2000,1,11.6235,5.800643,0.15
16,s4_16_maze,EXACT-TV,2.0,2000,1,12.6646,5.797745,0.21
16,s4_16_maze,RQL,2.0,2000,2,11.8268,5.877988,0.17
16,s4_16_maze,EXACT-TV,2.0,2000,2,12.5487,5.875052,0.23
16,s4_16_microtexture,RQL,0.03,20,0,15.6613,0.122945,0.04
16,s4_16_microtexture,EXACT-TV,0.03,20,0,15.6636,0.122854,0.08
16,s4_16_microtexture,RQL,0.03,20,1,15.7203,0.121328,0.08
16,s4_16_microtexture,EXACT-TV,0.03,20,1,15.7191,0.121238,0.12
16,s4_16_microtexture,RQL,0.03,20,2,15.74,0.122945,0.07
16,s4_16_microtexture,EXACT-TV,0.03,20,2,15.7389,0.122854,0.12
16,s4_16_microtexture,RQL,0.03,100,0,15.7683,0.274673,0.08
16,s4_16_microtexture,EXACT-TV,0.03,100,0,15.7683,0.274632,0.14
16,s4_16_microtexture,RQL,0.03,100,1,15.7484,0.271059,0.06
16,s4_16_microtexture,EXACT-TV,0.03,100,1,15.7488,0.271018,0.15
16,s4_16_microtexture,RQL,0.03,100,2,15.6859,0.274673,0.09
16,s4_16_microtexture,EXACT-TV,0.03,100,2,15.6857,0.274632,0.14
16,s4_16_microtexture,RQL,0.03,500,0,15.7256,0.614079,0.1
16,s4_16_microtexture,EXACT-TV,0.03,500,0,15.7256,0.614061,0.19
16,s4_16_microtexture,RQL,0.03,500,1,15.7369,0.605999,0.08
16,s4_16_microtexture,EXACT-TV,0.03,500,1,15.737,0.605981,0.19
16,s4_16_microtexture,RQL,0.03,500,2,15.7644,0.614079,0.07
16,s4_16_microtexture,EXACT-TV,0.03,500,2,15.7643,0.614061,0.14
16,s4_16_microtexture,RQL,0.03,2000,0,15.7586,1.228118,0.08
16,s4_16_microtexture,EXACT-TV,0.03,2000,0,15.7586,1.228109,0.22
16,s4_16_microtexture,RQL,0.03,2000,1,15.7505,1.211958,0.07
16,s4_16_microtexture,EXACT-TV,0.03,2000,1,15.7505,1.211949,0.13
16,s4_16_microtexture,RQL,0.03,2000,2,15.7516,1.228118,0.06
16,s4_16_microtexture,EXACT-TV,0.03,2000,2,15.7516,1.228109,0.15
16,s4_16_microtexture,RQL,0.1,20,0,15.7463,0.217724,0.07
16,s4_16_microtexture,EXACT-TV,0.1,20,0,15.7533,0.217199,0.17
16,s4_16_microtexture,RQL,0.1,20,1,15.7356,0.214859,0.07
16,s4_16_microtexture,EXACT-TV,0.1,20,1,15.7516,0.214341,0.1
16,s4_16_microtexture,RQL,0.1,20,2,15.7389,0.217724,0.11
16,s4_16_microtexture,EXACT-TV,0.1,20,2,15.7591,0.217199,0.13
16,s4_16_microtexture,RQL,0.1,100,0,15.7672,0.485495,0.1
16,s4_16_microtexture,EXACT-TV,0.1,100,0,15.7673,0.48526,0.17
16,s4_16_microtexture,RQL,0.1,100,1,15.7303,0.479107,0.1
16,s4_16_microtexture,EXACT-TV,0.1,100,1,15.7301,0.478874,0.12
16,s4_16_microtexture,RQL,0.1,100,2,15.7455,0.485495,0.09
16,s4_16_microtexture,EXACT-TV,0.1,100,2,15.7459,0.48526,0.13
16,s4_16_microtexture,RQL,0.1,500,0,15.7463,1.084995,0.12
16,s4_16_microtexture,EXACT-TV,0.1,500,0,15.7463,1.08489,0.18
16,s4_16_microtexture,RQL,0.1,500,1,15.7624,1.070718,0.09
16,s4_16_microtexture,EXACT-TV,0.1,500,1,15.7625,1.070614,0.19
16,s4_16_microtexture,RQL,0.1,500,2,15.7589,1.084995,0.1
16,s4_16_microtexture,EXACT-TV,0.1,500,2,15.7589,1.08489,0.23
16,s4_16_microtexture,RQL,0.1,2000,0,15.7519,2.169763,0.19
16,s4_16_microtexture,EXACT-TV,0.1,2000,0,15.7519,2.16971,0.32
16,s4_16_microtexture,RQL,0.1,2000,1,15.9055,2.141212,0.14
16,s4_16_microtexture,EXACT-TV,0.1,2000,1,15.9054,2.14116,0.28
16,s4_16_microtexture,RQL,0.1,2000,2,15.745,2.169763,0.18
16,s4_16_microtexture,EXACT-TV,0.1,2000,2,15.745,2.16971,0.26
16,s4_16_microtexture,RQL,0.3,20,0,15.7486,0.348878,0.07
16,s4_16_microtexture,EXACT-TV,0.3,20,0,15.7516,0.346477,0.14
16,s4_16_microtexture,RQL,0.3,20,1,15.7455,0.344287,0.07
16,s4_16_microtexture,EXACT-TV,0.3,20,1,15.7393,0.341918,0.12
16,s4_16_microtexture,RQL,0.3,20,2,15.3853,0.348878,0.09
16,s4_16_microtexture,EXACT-TV,0.3,20,2,15.365,0.346477,0.12
16,s4_16_microtexture,RQL,0.3,100,0,15.7492,0.774411,0.09
16,s4_16_microtexture,EXACT-TV,0.3,100,0,15.7505,0.773329,0.12
16,s4_16_microtexture,RQL,0.3,100,1,15.7572,0.764221,0.08
16,s4_16_microtexture,EXACT-TV,0.3,100,1,15.7545,0.763153,0.12
16,s4_16_microtexture,RQL,0.3,100,2,15.7602,0.774411,0.08
16,s4_16_microtexture,EXACT-TV,0.3,100,2,15.7599,0.773329,0.13
16,s4_16_microtexture,RQL,0.3,500,0,15.7554,1.729074,0.11
16,s4_16_microtexture,EXACT-TV,0.3,500,0,15.7554,1.728589,0.23
16,s4_16_microtexture,RQL,0.3,500,1,15.8932,1.706322,0.09
16,s4_16_microtexture,EXACT-TV,0.3,500,1,15.8932,1.705844,0.2
16,s4_16_microtexture,RQL,0.3,500,2,15.9379,1.729074,0.11
16,s4_16_microtexture,EXACT-TV,0.3,500,2,15.9379,1.728589,0.17
16,s4_16_microtexture,RQL,0.3,2000,0,15.7823,3.457186,0.17
16,s4_16_microtexture,EXACT-TV,0.3,2000,0,15.7823,3.456943,0.31
16,s4_16_microtexture,RQL,0.3,2000,1,15.7789,3.411694,0.14
16,s4_16_microtexture,EXACT-TV,0.3,2000,1,15.7631,3.411455,0.32
16,s4_16_microtexture,RQL,0.3,2000,2,15.7748,3.457186,0.18
16,s4_16_microtexture,EXACT-TV,0.3,2000,2,15.7679,3.456943,0.31
16,s4_16_microtexture,RQL,0.6,20,0,15.7587,0.447756,0.11
16,s4_16_microtexture,EXACT-TV,0.6,20,0,15.755,0.44182,0.16
16,s4_16_microtexture,RQL,0.6,20,1,15.6971,0.441864,0.08
16,s4_16_microtexture,EXACT-TV,0.6,20,1,15.722,0.436007,0.16
16,s4_16_microtexture,RQL,0.6,20,2,15.7544,0.447756,0.08
16,s4_16_microtexture,EXACT-TV,0.6,20,2,15.7415,0.44182,0.15
16,s4_16_microtexture,RQL,0.6,100,0,15.7525,0.988549,0.09
16,s4_16_microtexture,EXACT-TV,0.6,100,0,15.7567,0.985861,0.19
16,s4_16_microtexture,RQL,0.6,100,1,15.7516,0.975541,0.14
16,s4_16_microtexture,EXACT-TV,0.6,100,1,15.7545,0.972888,0.34
16,s4_16_microtexture,RQL,0.6,100,2,15.7675,0.988549,0.1
16,s4_16_microtexture,EXACT-TV,0.6,100,2,15.7671,0.985861,0.26
16,s4_16_microtexture,RQL,0.6,500,0,15.7707,2.204757,0.18
16,s4_16_microtexture,EXACT-TV,0.6,500,0,15.7612,2.203551,0.28
16,s4_16_microtexture,RQL,0.6,500,1,15.7405,2.175745,0.13
16,s4_16_microtexture,EXACT-TV,0.6,500,1,15.752,2.174556,0.28
16,s4_16_microtexture,RQL,0.6,500,2,15.7742,2.204757,0.15
16,s4_16_microtexture,EXACT-TV,0.6,500,2,15.7988,2.203551,0.24
16,s4_16_microtexture,RQL,0.6,2000,0,15.9209,4.40737,0.21
16,s4_16_microtexture,EXACT-TV,0.6,2000,0,15.8472,4.406767,0.4
16,s4_16_microtexture,RQL,0.6,2000,1,15.9031,4.349376,0.16
16,s4_16_microtexture,EXACT-TV,0.6,2000,1,15.9031,4.348781,0.32
16,s4_16_microtexture,RQL,0.6,2000,2,16.0233,4.40737,0.18
16,s4_16_microtexture,EXACT-TV,0.6,2000,2,15.8385,4.406767,0.41
16,s4_16_microtexture,RQL,1.0,20,0,15.7274,0.520885,0.09
16,s4_16_microtexture,EXACT-TV,1.0,20,0,15.7555,0.509497,0.19
16,s4_16_microtexture,RQL,1.0,20,1,15.7454,0.514031,0.11
16,s4_16_microtexture,EXACT-TV,1.0,20,1,15.7432,0.502793,0.16
16,s4_16_microtexture,RQL,1.0,20,2,15.7009,0.520885,0.08
16,s4_16_microtexture,EXACT-TV,1.0,20,2,15.7354,0.509497,0.16
16,s4_16_microtexture,RQL,1.0,100,0,15.936,1.143232,0.12
16,s4_16_microtexture,EXACT-TV,1.0,100,0,15.7486,1.138042,0.21
16,s4_16_microtexture,RQL,1.0,100,1,15.7638,1.128189,0.12
16,s4_16_microtexture,EXACT-TV,1.0,100,1,15.7439,1.123068,0.2
16,s4_16_microtexture,RQL,1.0,100,2,15.7228,1.143232,0.12
16,s4_16_microtexture,EXACT-TV,1.0,100,2,15.734,1.138042,0.26
16,s4_16_microtexture,RQL,1.0,500,0,15.8416,2.546621,0.13
16,s4_16_microtexture,EXACT-TV,1.0,500,0,15.7722,2.544291,0.27
16,s4_16_microtexture,RQL,1.0,500,1,15.7654,2.513111,0.15
16,s4_16_microtexture,EXACT-TV,1.0,500,1,15.7388,2.510812,0.24
16,s4_16_microtexture,RQL,1.0,500,2,15.7537,2.546621,0.23
16,s4_16_microtexture,EXACT-TV,1.0,500,2,15.7537,2.544291,0.3
16,s4_16_microtexture,RQL,1.0,2000,0,16.0049,5.089586,0.17
16,s4_16_microtexture,EXACT-TV,1.0,2000,0,15.8929,5.088421,0.35
16,s4_16_microtexture,RQL,1.0,2000,1,16.1249,5.022615,0.18
16,s4_16_microtexture,EXACT-TV,1.0,2000,1,16.0217,5.021465,0.49
16,s4_16_microtexture,RQL,1.0,2000,2,16.077,5.089586,0.2
16,s4_16_microtexture,EXACT-TV,1.0,2000,2,15.807,5.088421,0.53
16,s4_16_microtexture,RQL,2.0,20,0,15.6727,0.611546,0.09
16,s4_16_microtexture,EXACT-TV,2.0,20,0,15.7494,0.583347,0.18
16,s4_16_microtexture,RQL,2.0,20,1,15.6562,0.603499,0.1
16,s4_16_microtexture,EXACT-TV,2.0,20,1,15.7517,0.575671,0.16
16,s4_16_microtexture,RQL,2.0,20,2,15.7364,0.611546,0.07
16,s4_16_microtexture,EXACT-TV,2.0,20,2,15.7478,0.583347,0.14
16,s4_16_microtexture,RQL,2.0,100,0,15.7422,1.324714,0.11
16,s4_16_microtexture,EXACT-TV,2.0,100,0,15.7525,1.311685,0.2
16,s4_16_microtexture,RQL,2.0,100,1,15.7516,1.307283,0.13
16,s4_16_microtexture,EXACT-TV,2.0,100,1,15.7543,1.294425,0.15
16,s4_16_microtexture,RQL,2.0,100,2,15.7565,1.324714,0.11
16,s4_16_microtexture,EXACT-TV,2.0,100,2,15.7554,1.311685,0.19
16,s4_16_microtexture,RQL,2.0,500,0,15.8361,2.942663,0.16
16,s4_16_microtexture,EXACT-TV,2.0,500,0,15.7974,2.936797,0.47
16,s4_16_microtexture,RQL,2.0,500,1,15.7581,2.903942,0.13
16,s4_16_microtexture,EXACT-TV,2.0,500,1,15.7781,2.898153,0.25
16,s4_16_microtexture,RQL,2.0,500,2,15.7566,2.942663,0.13
16,s4_16_microtexture,EXACT-TV,2.0,500,2,15.7564,2.936797,0.34
16,s4_16_microtexture,RQL,2.0,2000,0,16.0053,5.877988,0.15
16,s4_16_microtexture,EXACT-TV,2.0,2000,0,15.9451,5.875052,0.3
16,s4_16_microtexture,RQL,2.0,2000,1,16.0782,5.800643,0.17
16,s4_16_microtexture,EXACT-TV,2.0,2000,1,15.9167,5.797745,0.33
16,s4_16_microtexture,RQL,2.0,2000,2,15.992,5.877988,0.17
16,s4_16_microtexture,EXACT-TV,2.0,2000,2,15.9007,5.875052,0.36
16,s4_16_spokes,RQL,0.03,20,0,10.3407,0.122945,0.05
16,s4_16_spokes,EXACT-TV,0.03,20,0,10.3408,0.122854,0.07
16,s4_16_spokes,RQL,0.03,20,1,10.3853,0.121328,0.06
16,s4_16_spokes,EXACT-TV,0.03,20,1,10.3858,0.121238,0.11
16,s4_16_spokes,RQL,0.03,20,2,10.3405,0.122945,0.06
16,s4_16_spokes,EXACT-TV,0.03,20,2,10.3518,0.122854,0.15
16,s4_16_spokes,RQL,0.03,100,0,10.3421,0.274673,0.1
16,s4_16_spokes,EXACT-TV,0.03,100,0,10.3422,0.274632,0.16
16,s4_16_spokes,RQL,0.03,100,1,10.3099,0.271059,0.08
16,s4_16_spokes,EXACT-TV,0.03,100,1,10.31,0.271018,0.17
16,s4_16_spokes,RQL,0.03,100,2,10.3353,0.274673,0.09
16,s4_16_spokes,EXACT-TV,0.03,100,2,10.3354,0.274632,0.18
16,s4_16_spokes,RQL,0.03,500,0,10.3339,0.614079,0.14
16,s4_16_spokes,EXACT-TV,0.03,500,0,10.3339,0.614061,0.26
16,s4_16_spokes,RQL,0.03,500,1,10.3429,0.605999,0.11
16,s4_16_spokes,EXACT-TV,0.03,500,1,10.343,0.605981,0.15
16,s4_16_spokes,RQL,0.03,500,2,10.3169,0.614079,0.09
16,s4_16_spokes,EXACT-TV,0.03,500,2,10.3169,0.614061,0.16
16,s4_16_spokes,RQL,0.03,2000,0,11.387,1.228118,0.12
16,s4_16_spokes,EXACT-TV,0.03,2000,0,11.387,1.228109,0.2
16,s4_16_spokes,RQL,0.03,2000,1,10.6258,1.211958,0.12
16,s4_16_spokes,EXACT-TV,0.03,2000,1,10.4036,1.211949,0.32
16,s4_16_spokes,RQL,0.03,2000,2,10.4198,1.228118,0.14
16,s4_16_spokes,EXACT-TV,0.03,2000,2,10.3518,1.228109,0.36
16,s4_16_spokes,RQL,0.1,20,0,10.3572,0.217724,0.12
16,s4_16_spokes,EXACT-TV,0.1,20,0,10.3616,0.217199,0.17
16,s4_16_spokes,RQL,0.1,20,1,10.3521,0.214859,0.09
16,s4_16_spokes,EXACT-TV,0.1,20,1,10.341,0.214341,0.12
16,s4_16_spokes,RQL,0.1,20,2,10.3644,0.217724,0.1
16,s4_16_spokes,EXACT-TV,0.1,20,2,10.3703,0.217199,0.17
16,s4_16_spokes,RQL,0.1,100,0,10.4392,0.485495,0.1
16,s4_16_spokes,EXACT-TV,0.1,100,0,10.4383,0.48526,0.15
16,s4_16_spokes,RQL,0.1,100,1,10.3233,0.479107,0.1
16,s4_16_spokes,EXACT-TV,0.1,100,1,10.3237,0.478874,0.21
16,s4_16_spokes,RQL,0.1,100,2,10.3359,0.485495,0.09
16,s4_16_spokes,EXACT-TV,0.1,100,2,10.3821,0.48526,0.17
16,s4_16_spokes,RQL,0.1,500,0,10.7869,1.084995,0.14
16,s4_16_spokes,EXACT-TV,0.1,500,0,10.4876,1.08489,0.37
16,s4_16_spokes,RQL,0.1,500,1,10.8736,1.070718,0.11
16,s4_16_spokes,EXACT-TV,0.1,500,1,10.8712,1.070614,0.14
16,s4_16_spokes,RQL,0.1,500,2,10.4996,1.084995,0.15
16,s4_16_spokes,EXACT-TV,0.1,500,2,10.477,1.08489,0.26
16,s4_16_spokes,RQL,0.1,2000,0,12.1816,2.169763,0.14
16,s4_16_spokes,EXACT-TV,0.1,2000,0,12.1816,2.16971,0.28
16,s4_16_spokes,RQL,0.1,2000,1,12.0627,2.141212,0.21
16,s4_16_spokes,EXACT-TV,0.1,2000,1,11.8722,2.14116,0.52
16,s4_16_spokes,RQL,0.1,2000,2,12.6193,2.169763,0.15
16,s4_16_spokes,EXACT-TV,0.1,2000,2,12.59,2.16971,0.33
16,s4_16_spokes,RQL,0.3,20,0,10.3423,0.348878,0.1
16,s4_16_spokes,EXACT-TV,0.3,20,0,10.3367,0.346477,0.16
16,s4_16_spokes,RQL,0.3,20,1,10.3353,0.344287,0.12
16,s4_16_spokes,EXACT-TV,0.3,20,1,10.3399,0.341918,0.19
16,s4_16_spokes,RQL,0.3,20,2,10.8594,0.348878,0.13
16,s4_16_spokes,EXACT-TV,0.3,20,2,10.87,0.346477,0.21
16,s4_16_spokes,RQL,0.3,100,0,10.346,0.774411,0.2
16,s4_16_spokes,EXACT-TV,0.3,100,0,10.3508,0.773329,0.42
16,s4_16_spokes,RQL,0.3,100,1,10.3463,0.764221,0.14
16,s4_16_spokes,EXACT-TV,0.3,100,1,10.3463,0.763153,0.24
16,s4_16_spokes,RQL,0.3,100,2,10.345,0.774411,0.2
16,s4_16_spokes,EXACT-TV,0.3,100,2,10.3409,0.773329,0.29
16,s4_16_spokes,RQL,0.3,500,0,11.7096,1.729074,0.2
16,s4_16_spokes,EXACT-TV,0.3,500,0,11.4769,1.728589,0.48
16,s4_16_spokes,RQL,0.3,500,1,12.031,1.706322,0.16
16,s4_16_spokes,EXACT-TV,0.3,500,1,12.0308,1.705844,0.28
16,s4_16_spokes,RQL,0.3,500,2,11.7417,1.729074,0.18
16,s4_16_spokes,EXACT-TV,0.3,500,2,11.6948,1.728589,0.53
16,s4_16_spokes,RQL,0.3,2000,0,13.1869,3.457186,0.39
16,s4_16_spokes,EXACT-TV,0.3,2000,0,13.1868,3.456943,0.69
16,s4_16_spokes,RQL,0.3,2000,1,12.7215,3.411694,0.54
16,s4_16_spokes,EXACT-TV,0.3,2000,1,12.7213,3.411455,0.71
16,s4_16_spokes,RQL,0.3,2000,2,13.2518,3.457186,0.23
16,s4_16_spokes,EXACT-TV,0.3,2000,2,13.3445,3.456943,0.59
16,s4_16_spokes,RQL,0.6,20,0,10.3414,0.447756,0.29
16,s4_16_spokes,EXACT-TV,0.6,20,0,10.348,0.44182,0.3
16,s4_16_spokes,RQL,0.6,20,1,10.3286,0.441864,0.3
16,s4_16_spokes,EXACT-TV,0.6,20,1,10.3357,0.436007,0.44
16,s4_16_spokes,RQL,0.6,20,2,10.3436,0.447756,0.35
16,s4_16_spokes,EXACT-TV,0.6,20,2,10.3472,0.44182,0.33
16,s4_16_spokes,RQL,0.6,100,0,11.4051,0.988549,0.13
16,s4_16_spokes,EXACT-TV,0.6,100,0,10.3505,0.985861,0.84
16,s4_16_spokes,RQL,0.6,100,1,10.3565,0.975541,0.24
16,s4_16_spokes,EXACT-TV,0.6,100,1,10.7595,0.972888,0.53
16,s4_16_spokes,RQL,0.6,100,2,10.3446,0.988549,0.38
16,s4_16_spokes,EXACT-TV,0.6,100,2,10.3445,0.985861,0.82
16,s4_16_spokes,RQL,0.6,500,0,12.2051,2.204757,0.57
16,s4_16_spokes,EXACT-TV,0.6,500,0,12.2037,2.203551,0.93
16,s4_16_spokes,RQL,0.6,500,1,12.1414,2.175745,0.59
16,s4_16_spokes,EXACT-TV,0.6,500,1,12.0067,2.174556,1.33
16,s4_16_spokes,RQL,0.6,500,2,12.1943,2.204757,0.3
16,s4_16_spokes,EXACT-TV,0.6,500,2,12.1938,2.203551,0.6
16,s4_16_spokes,RQL,0.6,2000,0,13.5433,4.40737,0.51
16,s4_16_spokes,EXACT-TV,0.6,2000,0,13.5428,4.406767,0.92
16,s4_16_spokes,RQL,0.6,2000,1,13.2196,4.349376,0.48
16,s4_16_spokes,EXACT-TV,0.6,2000,1,13.3377,4.348781,1.21
16,s4_16_spokes,RQL,0.6,2000,2,14.2074,4.40737,0.62
16,s4_16_spokes,EXACT-TV,0.6,2000,2,14.2214,4.406767,1.2
16,s4_16_spokes,RQL,1.0,20,0,10.3529,0.520885,0.37
16,s4_16_spokes,EXACT-TV,1.0,20,0,10.3688,0.509497,0.54
16,s4_16_spokes,RQL,1.0,20,1,10.3477,0.514031,0.34
16,s4_16_spokes,EXACT-TV,1.0,20,1,10.3733,0.502793,0.53
16,s4_16_spokes,RQL,1.0,20,2,10.34,0.520885,0.2
16,s4_16_spokes,EXACT-TV,1.0,20,2,10.3606,0.509497,0.28
16,s4_16_spokes,RQL,1.0,100,0,11.2515,1.143232,0.47
16,s4_16_spokes,EXACT-TV,1.0,100,0,11.2413,1.138042,0.7
16,s4_16_spokes,RQL,1.0,100,1,11.4525,1.128189,0.23
16,s4_16_spokes,EXACT-TV,1.0,100,1,10.3468,1.123068,0.8
16,s4_16_spokes,RQL,1.0,100,2,11.1405,1.143232,0.33
16,s4_16_spokes,EXACT-TV,1.0,100,2,11.1572,1.138042,0.51
16,s4_16_spokes,RQL,1.0,500,0,12.5932,2.546621,0.17
16,s4_16_spokes,EXACT-TV,1.0,500,0,12.5716,2.544291,0.37
16,s4_16_spokes,RQL,1.0,500,1,12.1111,2.513111,0.17
16,s4_16_spokes,EXACT-TV,1.0,500,1,12.0328,2.510812,0.36
16,s4_16_spokes,RQL,1.0,500,2,12.897,2.546621,0.15
16,s4_16_spokes,EXACT-TV,1.0,500,2,12.8954,2.544291,0.23
16,s4_16_spokes,RQL,1.0,2000,0,13.688,5.089586,0.21
16,s4_16_spokes,EXACT-TV,1.0,2000,0,13.7074,5.088421,0.66
16,s4_16_spokes,RQL,1.0,2000,1,13.7149,5.022615,0.2
16,s4_16_spokes,EXACT-TV,1.0,2000,1,13.87,5.021465,0.39
16,s4_16_spokes,RQL,1.0,2000,2,13.9255,5.089586,0.2
16,s4_16_spokes,EXACT-TV,1.0,2000,2,13.9936,5.088421,0.4
16,s4_16_spokes,RQL,2.0,20,0,10.3396,0.611546,0.12
16,s4_16_spokes,EXACT-TV,2.0,20,0,10.3529,0.583347,0.2
16,s4_16_spokes,RQL,2.0,20,1,10.3399,0.603499,0.11
16,s4_16_spokes,EXACT-TV,2.0,20,1,10.3655,0.575671,0.22
16,s4_16_spokes,RQL,2.0,20,2,10.3311,0.611546,0.08
16,s4_16_spokes,EXACT-TV,2.0,20,2,10.3445,0.583347,0.2
16,s4_16_spokes,RQL,2.0,100,0,11.5106,1.324714,0.17
16,s4_16_spokes,EXACT-TV,2.0,100,0,11.4511,1.311685,0.31
16,s4_16_spokes,RQL,2.0,100,1,10.9115,1.307283,0.18
16,s4_16_spokes,EXACT-TV,2.0,100,1,10.7362,1.294425,0.32
16,s4_16_spokes,RQL,2.0,100,2,11.517,1.324714,0.1
16,s4_16_spokes,EXACT-TV,2.0,100,2,10.5786,1.311685,0.32
16,s4_16_spokes,RQL,2.0,500,0,13.072,2.942663,0.11
16,s4_16_spokes,EXACT-TV,2.0,500,0,13.0592,2.936797,0.21
16,s4_16_spokes,RQL,2.0,500,1,12.6117,2.903942,0.16
16,s4_16_spokes,EXACT-TV,2.0,500,1,12.6852,2.898153,0.35
16,s4_16_spokes,RQL,2.0,500,2,12.7913,2.942663,0.14
16,s4_16_spokes,EXACT-TV,2.0,500,2,13.2631,2.936797,0.37
16,s4_16_spokes,RQL,2.0,2000,0,14.0725,5.877988,0.18
16,s4_16_spokes,EXACT-TV,2.0,2000,0,13.9816,5.875052,0.41
16,s4_16_spokes,RQL,2.0,2000,1,14.1833,5.800643,0.22
16,s4_16_spokes,EXACT-TV,2.0,2000,1,14.308,5.797745,0.35
16,s4_16_spokes,RQL,2.0,2000,2,14.6601,5.877988,0.2
16,s4_16_spokes,EXACT-TV,2.0,2000,2,14.7283,5.875052,0.35
