side,pattern,rho_bar,nu,M,seed,image,arm,PSNR,SSIM,LPIPS,rad_nrmse,flux_dev,lam_tv,mean_counts,optical_time_s,dark_frac,tau_err,runtime_s,select_runtime_s,PSNR_rad,C_hat,S_N2,V0_exact,muprime0_exact,omega_A,c_used,sigma_grad_arm,lambda_tv_arm,audit_status,d_ratio,q_d,q_mean,leak_suspect,cnr,C_u,Gamma,S_det,S_inc,k_occupancy,k,flux_mode,alpha_cv,study2_mode,cell_id
32,sparsek,0.05,20.0,1024,0,detail32_glyph_0,RQL,8.2424,0.00744,,0.82459,-0.09213,0.455015,0.87,0.001024,0.0,0.0,0.98,0.86,8.2224,1.26439,0.931245,0.866957,1e-06,62.984855,0.5,0.244415,0.455015,,,,,,1.34197,0.360175,0.351495,0.00084972,0.00094689,16|0.015625,16,normalized,0.2,scattering,scattering_k16_normalized_r0.05_nu20_s0_acv0.20
32,sparsek,0.05,20.0,1024,0,detail32_chirp_0,RQL,6.0269,0.00349,,0.73267,-0.08353,0.455015,0.88,0.001024,0.0,0.0,0.11,0.112,6.0015,1.0,0.872995,0.866957,1e-06,62.984855,0.5,0.244415,0.455015,,,,,,-0.73585,0.270006,0.263499,0.0008564,0.00094542,16|0.015625,16,normalized,0.2,scattering,scattering_k16_normalized_r0.05_nu20_s0_acv0.20
32,sparsek,0.05,20.0,1024,0,detail32_spokes_0,RQL,7.401,0.05324,,0.76415,0.03227,0.455015,1.0,0.001024,0.0,0.0,0.14,0.135,7.4152,3.938324,1.0672,0.866957,1e-06,62.984855,0.5,0.244415,0.455015,,,,,,3.7623,0.379397,0.370254,0.00097275,0.00098373,16|0.015625,16,normalized,0.2,scattering,scattering_k16_normalized_r0.05_nu20_s0_acv0.20
32,sparsek,0.05,20.0,1024,0,detail32_maze_0,RQL,7.4339,0.00553,,0.87057,-0.02038,0.455015,0.94,0.001024,0.0,0.0,0.12,0.112,7.4331,5.549343,1.149111,0.866957,1e-06,62.984855,0.5,0.244415,0.455015,,,,,,0.21665,0.456374,0.445376,0.00091457,0.00101226,16|0.015625,16,normalized,0.2,scattering,scattering_k16_normalized_r0.05_nu20_s0_acv0.20
32,sparsek,0.05,20.0,1024,0,detail32_contour_0,RQL,8.9111,0.2205,,0.69475,0.02486,0.455015,0.98,0.001024,0.0,0.0,0.17,0.164,8.9203,1.845374,0.960785,0.866957,1e-06,62.984855,0.5,0.244415,0.455015,,,,,,3.40143,0.280268,0.273513,0.00095654,0.00098579,16|0.015625,16,normalized,0.2,scattering,scattering_k16_normalized_r0.05_nu20_s0_acv0.20
32,sparsek,0.05,20.0,1024,0,detail32_microtexture_0,RQL,14.2906,0.02928,,0.57642,0.03498,0.455015,0.99,0.001024,0.0,0.0,0.14,0.134,14.2808,2.577078,0.997988,0.866957,1e-06,62.984855,0.5,0.244415,0.455015,,,,,,0.78299,0.173325,0.169148,0.00096226,0.00097936,16|0.015625,16,normalized,0.2,scattering,scattering_k16_normalized_r0.05_nu20_s0_acv0.20
32,sparsek,0.05,20.0,1024,1,detail32_glyph_0,RQL,8.2367,0.00777,,0.82439,0.07839,0.455015,1.03,0.001024,0.0,0.0,0.13,0.129,8.2246,4.197721,1.080392,0.866957,1e-06,62.985821,0.5,0.244415,0.455015,,,,,,0.72587,0.367072,0.358225,0.00100231,0.00103376,16|0.015625,16,normalized,0.2,scattering,scattering_k16_normalized_r0.05_nu20_s1_acv0.20
32,sparsek,0.05,20.0,1024,1,detail32_chirp_0,RQL,6.1804,0.00686,,0.72242,-0.10621,0.455015,0.86,0.001024,0.0,0.0,0.19,0.195,6.1239,1.0,0.825683,0.866957,1e-06,62.985821,0.5,0.244415,0.455015,,,,,,-0.57177,0.259268,0.25302,0.00083733,0.00089697,16|0.015625,16,normalized,0.2,scattering,scattering_k16_normalized_r0.05_nu20_s1_acv0.20
32,sparsek,0.05,20.0,1024,1,detail32_spokes_0,RQL,7.1209,0.01993,,0.78951,0.04959,0.455015,1.01,0.001024,0.0,0.0,0.2,0.195,7.1316,4.852382,1.113678,0.866957,1e-06,62.985821,0.5,0.244415,0.455015,,,,,,2.48832,0.365809,0.356993,0.00098228,0.00104459,16|0.015625,16,normalized,0.2,scattering,scattering_k16_normalized_r0.05_nu20_s1_acv0.20
32,sparsek,0.05,20.0,1024,1,detail32_maze_0,RQL,7.45,0.00918,,0.86887,0.00042,0.455015,0.96,0.001024,0.0,0.0,0.17,0.175,7.45,2.693234,1.003896,0.866957,1e-06,62.985821,0.5,0.244415,0.455015,,,,,,0.26724,0.449701,0.438863,0.00093365,0.00101032,16|0.015625,16,normalized,0.2,scattering,scattering_k16_normalized_r0.05_nu20_s1_acv0.20
32,sparsek,0.05,20.0,1024,1,detail32_contour_0,RQL,8.9583,0.21117,,0.69185,-0.00363,0.455015,0.96,0.001024,0.0,0.0,0.16,0.163,8.9566,1.0,0.91456,0.866957,1e-06,62.985821,0.5,0.244415,0.455015,,,,,,2.38725,0.265849,0.259442,0.00093269,0.00099536,16|0.015625,16,normalized,0.2,scattering,scattering_k16_normalized_r0.05_nu20_s1_acv0.20
32,sparsek,0.05,20.0,1024,1,detail32_microtexture_0,RQL,14.349,0.0296,,0.57192,0.0007,0.455015,0.95,0.001024,0.0,0.0,0.12,0.119,14.349,1.0,0.877807,0.866957,1e-06,62.985821,0.5,0.244415,0.455015,,,,,,0.93861,0.173715,0.169528,0.00093174,0.00099095,16|0.015625,16,normalized,0.2,scattering,scattering_k16_normalized_r0.05_nu20_s1_acv0.20
32,sparsek,0.05,20.0,1024,2,detail32_glyph_0,RQL,8.2221,0.0059,,0.82463,0.0155,0.455015,0.97,0.001024,0.0,0.0,0.16,0.162,8.222,2.859692,1.012359,0.866957,1e-06,62.985725,0.5,0.244415,0.455015,,,,,,1.22206,0.372419,0.363444,0.00094414,0.00098235,16|0.015625,16,normalized,0.2,scattering,scattering_k16_normalized_r0.05_nu20_s2_acv0.20
32,sparsek,0.05,20.0,1024,2,detail32_chirp_0,RQL,6.1248,0.00548,,0.72319,-0.04341,0.455015,0.91,0.001024,0.0,0.0,0.17,0.167,6.1146,1.066271,0.921172,0.866957,1e-06,62.985725,0.5,0.244415,0.455015,,,,,,-1.82854,0.252523,0.246438,0.00089264,0.00095731,16|0.015625,16,normalized,0.2,scattering,scattering_k16_normalized_r0.05_nu20_s2_acv0.20
32,sparsek,0.05,20.0,1024,2,detail32_spokes_0,RQL,7.15,0.02627,,0.78771,0.00422,0.455015,0.97,0.001024,0.0,0.0,0.14,0.142,7.1514,1.794971,0.958223,0.866957,1e-06,62.985725,0.5,0.244415,0.455015,,,,,,2.20803,0.373301,0.364305,0.00094318,0.00097248,16|0.015625,16,normalized,0.2,scattering,scattering_k16_normalized_r0.05_nu20_s2_acv0.20
32,sparsek,0.05,20.0,1024,2,detail32_maze_0,RQL,7.4384,0.00442,,0.87081,-0.06827,0.455015,0.89,0.001024,0.0,0.0,0.13,0.13,7.4306,2.658949,1.002152,0.866957,1e-06,62.985725,0.5,0.244415,0.455015,,,,,,0.24049,0.443381,0.432696,0.00087166,0.00091369,16|0.015625,16,normalized,0.2,scattering,scattering_k16_normalized_r0.05_nu20_s2_acv0.20
32,sparsek,0.05,20.0,1024,2,detail32_contour_0,RQL,9.0708,0.16476,,0.68198,0.03428,0.455015,0.99,0.001024,0.0,0.0,0.15,0.149,9.0814,2.801448,1.009398,0.866957,1e-06,62.985725,0.5,0.244415,0.455015,,,,,,3.0864,0.271067,0.264535,0.00096798,0.00099054,16|0.015625,16,normalized,0.2,scattering,scattering_k16_normalized_r0.05_nu20_s2_acv0.20
32,sparsek,0.05,20.0,1024,2,detail32_microtexture_0,RQL,14.275,0.02781,,0.57684,-0.00822,0.455015,0.95,0.001024,0.0,0.0,0.17,0.164,14.2746,1.0,0.848223,0.866957,1e-06,62.985725,0.5,0.244415,0.455015,,,,,,0.78898,0.176412,0.172161,0.00092506,0.00101191,16|0.015625,16,normalized,0.2,scattering,scattering_k16_normalized_r0.05_nu20_s2_acv0.20
32,sparsek,0.05,200.0,1024,0,detail32_glyph_0,RQL,8.9453,0.61629,,0.77703,0.0416,1.436553,9.9,0.010239999999999999,0.0,0.0,0.53,0.524,8.7385,3.220327,24.944986,8.641496,9e-06,62.984103,0.5,0.771656,1.436553,,,,,,0.52226,0.360175,1.111524,0.00966835,0.01011534,16|0.015625,16,normalized,0.2,scattering,scattering_k16_normalized_r0.05_nu200_s0_acv0.20
32,sparsek,0.05,200.0,1024,0,detail32_chirp_0,RQL,3.6761,0.39922,,0.97107,0.01764,1.436553,9.68,0.010239999999999999,0.0,0.0,0.89,0.886,3.5546,1.876496,18.141594,8.641496,9e-06,62.984103,0.5,0.771656,1.436553,,,,,,1.09897,0.270006,0.833257,0.00945663,0.01014489,16|0.015625,16,normalized,0.2,scattering,scattering_k16_normalized_r0.05_nu200_s0_acv0.20
32,sparsek,0.05,200.0,1024,0,detail32_spokes_0,RQL,7.9869,0.16608,,0.71534,0.00602,1.436553,9.69,0.010239999999999999,0.0,0.0,0.16,0.162,7.9885,3.552526,26.626804,8.641496,9e-06,62.984103,0.5,0.771656,1.436553,,,,,,4.41278,0.379397,1.170845,0.00946331,0.0099853,16|0.015625,16,normalized,0.2,scattering,scattering_k16_normalized_r0.05_nu200_s0_acv0.20
32,sparsek,0.05,200.0,1024,0,detail32_maze_0,RQL,9.976,0.63393,,0.64802,-0.01183,1.436553,9.3,0.010239999999999999,0.0,0.0,1.1,1.1,9.9973,3.551375,26.620973,8.641496,9e-06,62.984103,0.5,0.771656,1.436553,,,,,,0.92613,0.456374,1.408401,0.00908661,0.00938189,16|0.015625,16,normalized,0.2,scattering,scattering_k16_normalized_r0.05_nu200_s0_acv0.20
32,sparsek,0.05,200.0,1024,0,detail32_contour_0,RQL,7.1447,0.36867,,0.88495,0.04539,1.436553,9.68,0.010239999999999999,0.0,0.0,1.14,1.138,6.8185,1.816995,17.840362,8.641496,9e-06,62.984103,0.5,0.771656,1.436553,,,,,,0.7394,0.280268,0.864925,0.00945377,0.0099766,16|0.015625,16,normalized,0.2,scattering,scattering_k16_normalized_r0.05_nu200_s0_acv0.20
32,sparsek,0.05,200.0,1024,0,detail32_microtexture_0,RQL,14.5136,0.0591,,0.56192,-0.03009,1.436553,9.27,0.010239999999999999,0.0,0.0,0.17,0.167,14.5022,1.027011,13.840927,8.641496,9e-06,62.984103,0.5,0.771656,1.436553,,,,,,1.04969,0.173325,0.534893,0.00905514,0.00967237,16|0.015625,16,normalized,0.2,scattering,scattering_k16_normalized_r0.05_nu200_s0_acv0.20
32,sparsek,0.05,200.0,1024,1,detail32_glyph_0,RQL,8.5062,0.05223,,0.79823,-0.00815,1.436553,9.53,0.010239999999999999,0.0,0.0,0.17,0.171,8.5046,2.5312,21.456266,8.641496,9e-06,62.984664,0.5,0.771656,1.436553,,,,,,1.47068,0.367072,1.132807,0.00931072,0.00978305,16|0.015625,16,normalized,0.2,scattering,scattering_k16_normalized_r0.05_nu200_s1_acv0.20
32,sparsek,0.05,200.0,1024,1,detail32_chirp_0,RQL,3.2552,0.35161,,0.96696,-0.05106,1.436553,9.06,0.010239999999999999,0.0,0.0,0.65,0.647,3.5915,1.354491,15.498912,8.641496,9e-06,62.984664,0.5,0.771656,1.436553,,,,,,-0.0625,0.259268,0.800118,0.00884724,0.00943743,16|0.015625,16,normalized,0.2,scattering,scattering_k16_normalized_r0.05_nu200_s1_acv0.20
32,sparsek,0.05,200.0,1024,1,detail32_spokes_0,RQL,7.1223,0.49137,,0.79486,0.01041,1.436553,9.62,0.010239999999999999,0.0,0.0,0.98,0.976,7.0729,3.188497,24.783981,8.641496,9e-06,62.984664,0.5,0.771656,1.436553,,,,,,0.60529,0.365809,1.12891,0.00939274,0.0097861,16|0.015625,16,normalized,0.2,scattering,scattering_k16_normalized_r0.05_nu200_s1_acv0.20
32,sparsek,0.05,200.0,1024,1,detail32_maze_0,RQL,9.0546,0.59134,,0.70845,-0.05373,1.436553,9.04,0.010239999999999999,0.0,0.0,1.16,1.158,9.2229,3.572354,26.727347,8.641496,9e-06,62.984664,0.5,0.771656,1.436553,,,,,,0.88917,0.449701,1.387806,0.00882339,0.0094078,16|0.015625,16,normalized,0.2,scattering,scattering_k16_normalized_r0.05_nu200_s1_acv0.20
32,sparsek,0.05,200.0,1024,1,detail32_contour_0,RQL,10.3721,0.41331,,0.58592,0.03571,1.436553,9.95,0.010239999999999999,0.0,0.0,0.82,0.819,10.4001,1.88212,18.170155,8.641496,9e-06,62.984664,0.5,0.771656,1.436553,,,,,,4.24758,0.265849,0.820428,0.00971603,0.01015957,16|0.015625,16,normalized,0.2,scattering,scattering_k16_normalized_r0.05_nu200_s1_acv0.20
32,sparsek,0.05,200.0,1024,1,detail32_microtexture_0,RQL,14.4503,0.04746,,0.56619,-0.0329,1.436553,9.24,0.010239999999999999,0.0,0.0,0.16,0.159,14.4364,1.020695,13.808995,8.641496,9e-06,62.984664,0.5,0.771656,1.436553,,,,,,0.79174,0.173715,0.536096,0.00902176,0.00955726,16|0.015625,16,normalized,0.2,scattering,scattering_k16_normalized_r0.05_nu200_s1_acv0.20
32,sparsek,0.05,200.0,1024,2,detail32_glyph_0,RQL,9.4713,0.63122,,0.70078,-0.03615,1.436553,9.2,0.010239999999999999,0.0,0.0,1.03,1.026,9.6355,2.318243,20.378251,8.641496,9e-06,62.985332,0.5,0.771656,1.436553,,,,,,0.62801,0.372419,1.14931,0.0089798,0.00949837,16|0.015625,16,normalized,0.2,scattering,scattering_k16_normalized_r0.05_nu200_s2_acv0.20
32,sparsek,0.05,200.0,1024,2,detail32_chirp_0,RQL,6.5131,0.05083,,0.69244,-0.04644,1.436553,9.15,0.010239999999999999,0.0,0.0,0.16,0.163,6.492,1.701929,17.257987,8.641496,9e-06,62.985332,0.5,0.771656,1.436553,,,,,,-0.02254,0.252523,0.779304,0.00893688,0.00961747,16|0.015625,16,normalized,0.2,scattering,scattering_k16_normalized_r0.05_nu200_s2_acv0.20
32,sparsek,0.05,200.0,1024,2,detail32_spokes_0,RQL,7.8633,0.12488,,0.72764,-0.04278,1.436553,9.25,0.010239999999999999,0.0,0.0,0.17,0.169,7.8404,2.747734,22.552669,8.641496,9e-06,62.985332,0.5,0.771656,1.436553,,,,,,3.87441,0.373301,1.152032,0.0090313,0.00958184,16|0.015625,16,normalized,0.2,scattering,scattering_k16_normalized_r0.05_nu200_s2_acv0.20
32,sparsek,0.05,200.0,1024,2,detail32_maze_0,RQL,9.4407,0.6081,,0.679,-0.07492,1.436553,8.84,0.010239999999999999,0.0,0.0,1.25,1.244,9.5917,3.082418,24.247099,8.641496,9e-06,62.985332,0.5,0.771656,1.436553,,,,,,0.76005,0.443381,1.368304,0.00863457,0.00910127,16|0.015625,16,normalized,0.2,scattering,scattering_k16_normalized_r0.05_nu200_s2_acv0.20
32,sparsek,0.05,200.0,1024,2,detail32_contour_0,RQL,10.128,0.34817,,0.60299,0.04502,1.436553,10.01,0.010239999999999999,0.0,0.0,0.2,0.196,10.1506,2.006638,18.80066,8.641496,9e-06,62.985332,0.5,0.771656,1.436553,,,,,,3.7456,0.271067,0.836532,0.00977516,0.01034571,16|0.015625,16,normalized,0.2,scattering,scattering_k16_normalized_r0.05_nu200_s2_acv0.20
32,sparsek,0.05,200.0,1024,2,detail32_microtexture_0,RQL,8.2389,0.26449,,1.1448,-0.00993,1.436553,9.43,0.010239999999999999,0.0,0.0,1.18,1.171,8.3211,1.33345,15.392461,8.641496,9e-06,62.985332,0.5,0.771656,1.436553,,,,,,0.37885,0.176412,0.54442,0.00921249,0.00957974,16|0.015625,16,normalized,0.2,scattering,scattering_k16_normalized_r0.05_nu200_s2_acv0.20
32,sparsek,0.05,2000.0,1024,0,detail32_glyph_0,RQL,10.7385,0.51707,,0.62334,-0.06007,4.54204,92.15,0.10239999999999999,0.0,0.0,1.13,1.129,10.6526,2.661005,1432.995862,86.38688,9.1e-05,62.984306,0.5,2.439794,4.54204,,,,,,2.17699,0.360175,3.514949,0.0899868,0.0943192,16|0.015625,16,normalized,0.2,scattering,scattering_k16_normalized_r0.05_nu2000_s0_acv0.20
32,sparsek,0.05,2000.0,1024,0,detail32_chirp_0,RQL,8.0691,0.41367,,0.58119,-0.05918,4.54204,91.27,0.10239999999999999,0.0,0.0,0.33,0.334,8.0133,1.660529,926.702276,86.38688,9.1e-05,62.984306,0.5,2.439794,4.54204,,,,,,1.6323,0.270006,2.634989,0.08913231,0.09348064,16|0.015625,16,normalized,0.2,scattering,scattering_k16_normalized_r0.05_nu2000_s0_acv0.20
32,sparsek,0.05,2000.0,1024,0,detail32_spokes_0,RQL,8.356,0.60025,,0.69457,0.02234,4.54204,97.26,0.10239999999999999,0.0,0.0,0.89,0.893,8.2444,3.306941,1759.873962,86.38688,9.1e-05,62.984306,0.5,2.439794,4.54204,,,,,,0.89233,0.379397,3.702536,0.09498119,0.10039596,16|0.015625,16,normalized,0.2,scattering,scattering_k16_normalized_r0.05_nu2000_s0_acv0.20
32,sparsek,0.05,2000.0,1024,0,detail32_maze_0,RQL,10.5346,0.69979,,0.60142,-0.06216,4.54204,89.58,0.10239999999999999,0.0,0.0,0.69,0.693,10.6456,3.994712,2107.922405,86.38688,9.1e-05,62.984306,0.5,2.439794,4.54204,,,,,,1.06122,0.456374,4.453755,0.08748341,0.09336858,16|0.015625,16,normalized,0.2,scattering,scattering_k16_normalized_r0.05_nu2000_s0_acv0.20
32,sparsek,0.05,2000.0,1024,0,detail32_contour_0,RQL,7.6534,0.4409,,0.76642,-0.04934,4.54204,90.75,0.10239999999999999,0.0,0.0,1.16,1.159,8.0675,1.568659,880.211168,86.38688,9.1e-05,62.984306,0.5,2.439794,4.54204,,,,,,0.86453,0.280268,2.735133,0.08862209,0.09388825,16|0.015625,16,normalized,0.2,scattering,scattering_k16_normalized_r0.05_nu2000_s0_acv0.20
32,sparsek,0.05,2000.0,1024,0,detail32_microtexture_0,RQL,15.5751,0.34046,,0.49665,0.00674,4.54204,96.74,0.10239999999999999,0.0,0.0,0.3,0.3,15.5747,1.483708,837.221467,86.38688,9.1e-05,62.984306,0.5,2.439794,4.54204,,,,,,1.05678,0.173325,1.69148,0.09447193,0.09978996,16|0.015625,16,normalized,0.2,scattering,scattering_k16_normalized_r0.05_nu2000_s0_acv0.20
32,sparsek,0.05,2000.0,1024,1,detail32_glyph_0,RQL,10.0777,0.70601,,0.67284,0.01535,4.54204,96.62,0.10239999999999999,0.0,0.0,1.15,1.147,9.9889,3.006772,1607.98931,86.38688,9.1e-05,62.98501,0.5,2.439794,4.54204,,,,,,0.46644,0.367072,3.582251,0.09436035,0.09986549,16|0.015625,16,normalized,0.2,scattering,scattering_k16_normalized_r0.05_nu2000_s1_acv0.20
32,sparsek,0.05,2000.0,1024,1,detail32_chirp_0,RQL,4.3358,0.49317,,0.89219,0.00627,4.54204,95.8,0.10239999999999999,0.0,0.0,1.12,1.122,4.2905,1.671462,932.244305,86.38688,9.1e-05,62.98501,0.5,2.439794,4.54204,,,,,,-0.04473,0.259268,2.530197,0.09355831,0.09840984,16|0.015625,16,normalized,0.2,scattering,scattering_k16_normalized_r0.05_nu2000_s1_acv0.20
32,sparsek,0.05,2000.0,1024,1,detail32_spokes_0,RQL,9.3102,0.44927,,0.61546,-0.01666,4.54204,95.88,0.10239999999999999,0.0,0.0,0.36,0.361,9.2947,2.910323,1559.180634,86.38688,9.1e-05,62.98501,0.5,2.439794,4.54204,,,,,,2.37077,0.365809,3.569926,0.09363174,0.0992169,16|0.015625,16,normalized,0.2,scattering,scattering_k16_normalized_r0.05_nu2000_s1_acv0.20
32,sparsek,0.05,2000.0,1024,1,detail32_maze_0,RQL,18.2141,0.93332,,0.25656,-0.01368,4.54204,96.96,0.10239999999999999,0.0,0.0,0.26,0.261,18.0452,4.258241,2241.305973,86.38688,9.1e-05,62.98501,0.5,2.439794,4.54204,,,,,,2.02092,0.449701,4.388628,0.09468937,0.10054795,16|0.015625,16,normalized,0.2,scattering,scattering_k16_normalized_r0.05_nu2000_s1_acv0.20
32,sparsek,0.05,2000.0,1024,1,detail32_contour_0,RQL,10.9004,0.5081,,0.5436,-0.03516,4.54204,88.62,0.10239999999999999,0.0,0.0,1.04,1.039,11.0512,1.395143,792.410892,86.38688,9.1e-05,62.98501,0.5,2.439794,4.54204,,,,,,1.12073,0.265849,2.59442,0.08654308,0.09098812,16|0.015625,16,normalized,0.2,scattering,scattering_k16_normalized_r0.05_nu2000_s1_acv0.20
32,sparsek,0.05,2000.0,1024,1,detail32_microtexture_0,RQL,8.7986,0.333,,1.13349,0.04495,4.54204,99.3,0.10239999999999999,0.0,0.0,1.28,1.275,8.4073,1.151708,669.21844,86.38688,9.1e-05,62.98501,0.5,2.439794,4.54204,,,,,,0.29447,0.173715,1.695284,0.09697533,0.1028533,16|0.015625,16,normalized,0.2,scattering,scattering_k16_normalized_r0.05_nu2000_s1_acv0.20
32,sparsek,0.05,2000.0,1024,2,detail32_glyph_0,RQL,10.2536,0.71044,,0.65949,0.01567,4.54204,96.65,0.10239999999999999,0.0,0.0,1.13,1.135,10.163,2.956482,1582.532792,86.38688,9.1e-05,62.984723,0.5,2.439794,4.54204,,,,,,0.71048,0.372419,3.634438,0.09438801,0.10000274,16|0.015625,16,normalized,0.2,scattering,scattering_k16_normalized_r0.05_nu2000_s2_acv0.20
32,sparsek,0.05,2000.0,1024,2,detail32_chirp_0,RQL,4.3256,0.47524,,0.94713,0.07662,4.54204,102.16,0.10239999999999999,0.0,0.0,1.23,1.23,3.7715,1.894052,1044.883548,86.38688,9.1e-05,62.984723,0.5,2.439794,4.54204,,,,,,1.16724,0.252523,2.464375,0.09976482,0.10571428,16|0.015625,16,normalized,0.2,scattering,scattering_k16_normalized_r0.05_nu2000_s2_acv0.20
32,sparsek,0.05,2000.0,1024,2,detail32_spokes_0,RQL,9.7752,0.50741,,0.58316,-0.01009,4.54204,96.62,0.10239999999999999,0.0,0.0,0.37,0.371,9.763,3.177567,1694.414451,86.38688,9.1e-05,62.984723,0.5,2.439794,4.54204,,,,,,2.83317,0.373301,3.643045,0.09435463,0.10063358,16|0.015625,16,normalized,0.2,scattering,scattering_k16_normalized_r0.05_nu2000_s2_acv0.20
32,sparsek,0.05,2000.0,1024,2,detail32_maze_0,RQL,10.6525,0.69408,,0.60646,0.03279,4.54204,98.21,0.10239999999999999,0.0,0.0,0.78,0.778,10.573,4.308243,2266.599741,86.38688,9.1e-05,62.984723,0.5,2.439794,4.54204,,,,,,0.8827,0.443381,4.326958,0.0959053,0.1018251,16|0.015625,16,normalized,0.2,scattering,scattering_k16_normalized_r0.05_nu2000_s2_acv0.20
32,sparsek,0.05,2000.0,1024,2,detail32_contour_0,RQL,7.5421,0.40139,,0.8329,0.02574,4.54204,97.57,0.10239999999999999,0.0,0.0,1.19,1.184,7.345,2.041672,1119.587684,86.38688,9.1e-05,62.984723,0.5,2.439794,4.54204,,,,,,0.78883,0.271067,2.645348,0.09528065,0.10078977,16|0.015625,16,normalized,0.2,scattering,scattering_k16_normalized_r0.05_nu2000_s2_acv0.20
32,sparsek,0.05,2000.0,1024,2,detail32_microtexture_0,RQL,15.4384,0.29592,,0.50452,0.01037,4.54204,96.93,0.10239999999999999,0.0,0.0,0.98,0.978,15.4382,1.179841,683.452666,86.38688,9.1e-05,62.984723,0.5,2.439794,4.54204,,,,,,1.06452,0.176412,1.721606,0.09465885,0.09987879,16|0.015625,16,normalized,0.2,scattering,scattering_k16_normalized_r0.05_nu2000_s2_acv0.20
32,sparsek,0.6,20.0,1024,0,detail32_glyph_0,RQL,8.378,0.02635,,0.81016,-0.01661,1.295091,7.43,0.001024,0.0,0.0,0.25,0.244,8.3758,2.361053,6.336498,3.024719,0.0,62.985081,0.5,0.695669,1.295091,,,,,,1.71246,0.360175,0.98638,0.00725937,0.01207548,16|0.015625,16,normalized,0.2,scattering,scattering_k16_normalized_r0.6_nu20_s0_acv0.20
32,sparsek,0.6,20.0,1024,0,detail32_chirp_0,RQL,6.7349,0.30731,,0.67337,0.00034,1.295091,7.55,0.001024,0.0,0.0,1.24,1.242,6.7345,1.80899,5.562135,3.024719,0.0,62.985081,0.5,0.695669,1.295091,,,,,,1.15265,0.270006,0.739442,0.00737572,0.01224022,16|0.015625,16,normalized,0.2,scattering,scattering_k16_normalized_r0.6_nu20_s0_acv0.20
32,sparsek,0.6,20.0,1024,0,detail32_spokes_0,RQL,7.8724,0.164,,0.72532,-0.01124,1.295091,7.44,0.001024,0.0,0.0,0.17,0.172,7.8682,3.048331,7.300522,3.024719,0.0,62.985081,0.5,0.695669,1.295091,,,,,,4.93406,0.379397,1.039022,0.00726604,0.01203581,16|0.015625,16,normalized,0.2,scattering,scattering_k16_normalized_r0.6_nu20_s0_acv0.20
32,sparsek,0.6,20.0,1024,0,detail32_maze_0,RQL,10.4196,0.516,,0.64694,-0.12775,1.295091,7.0,0.001024,0.0,0.0,0.44,0.44,10.0118,4.298341,9.053873,3.024719,0.0,62.985081,0.5,0.695669,1.295091,,,,,,1.64902,0.456374,1.249832,0.00683784,0.01153043,16|0.015625,16,normalized,0.2,scattering,scattering_k16_normalized_r0.6_nu20_s0_acv0.20
32,sparsek,0.6,20.0,1024,0,detail32_contour_0,RQL,10.0664,0.37466,,0.6134,-0.05391,1.295091,7.25,0.001024,0.0,0.0,0.2,0.204,10.002,1.743167,5.469808,3.024719,0.0,62.985081,0.5,0.695669,1.295091,,,,,,4.03572,0.280268,0.767545,0.00707722,0.01159098,16|0.015625,16,normalized,0.2,scattering,scattering_k16_normalized_r0.6_nu20_s0_acv0.20
32,sparsek,0.6,20.0,1024,0,detail32_microtexture_0,RQL,14.2448,0.03049,,0.579,-0.0174,1.295091,7.42,0.001024,0.0,0.0,0.43,0.428,14.2422,1.0,4.2706,3.024719,0.0,62.985081,0.5,0.695669,1.295091,,,,,,0.23004,0.173325,0.47467,0.00724602,0.01155609,16|0.015625,16,normalized,0.2,scattering,scattering_k16_normalized_r0.6_nu20_s0_acv0.20
32,sparsek,0.6,20.0,1024,1,detail32_glyph_0,RQL,9.0138,0.59163,,0.73531,-0.04565,1.295091,7.28,0.001024,0.0,0.0,1.13,1.133,9.2177,2.986681,7.213977,3.024719,0.0,62.98402,0.5,0.695669,1.295091,,,,,,0.40209,0.367072,1.005267,0.00711155,0.01169915,16|0.015625,16,normalized,0.2,scattering,scattering_k16_normalized_r0.6_nu20_s1_acv0.20
32,sparsek,0.6,20.0,1024,1,detail32_chirp_0,RQL,4.1311,0.4145,,0.87707,-0.04927,1.295091,7.26,0.001024,0.0,0.0,1.23,1.227,4.439,2.052807,5.904081,3.024719,0.0,62.98402,0.5,0.695669,1.295091,,,,,,0.78794,0.259268,0.710035,0.00709438,0.01135129,16|0.015625,16,normalized,0.2,scattering,scattering_k16_normalized_r0.6_nu20_s1_acv0.20
32,sparsek,0.6,20.0,1024,1,detail32_spokes_0,RQL,7.076,0.48311,,0.75311,-0.11978,1.295091,6.91,0.001024,0.0,0.0,0.66,0.661,7.5416,2.735169,6.861194,3.024719,0.0,62.98402,0.5,0.695669,1.295091,,,,,,0.58791,0.365809,1.001808,0.00675011,0.01104734,16|0.015625,16,normalized,0.2,scattering,scattering_k16_normalized_r0.6_nu20_s1_acv0.20
32,sparsek,0.6,20.0,1024,1,detail32_maze_0,RQL,10.1058,0.45631,,0.67074,-0.14208,1.295091,6.92,0.001024,0.0,0.0,0.17,0.165,9.698,3.972787,8.597135,3.024719,0.0,62.98402,0.5,0.695669,1.295091,,,,,,1.70242,0.449701,1.231556,0.00675297,0.01114787,16|0.015625,16,normalized,0.2,scattering,scattering_k16_normalized_r0.6_nu20_s1_acv0.20
32,sparsek,0.6,20.0,1024,1,detail32_contour_0,RQL,9.7482,0.29736,,0.62999,0.02799,1.295091,7.64,0.001024,0.0,0.0,0.21,0.207,9.7701,1.430181,5.030758,3.024719,0.0,62.98402,0.5,0.695669,1.295091,,,,,,4.32757,0.265849,0.728057,0.00745964,0.01230802,16|0.015625,16,normalized,0.2,scattering,scattering_k16_normalized_r0.6_nu20_s1_acv0.20
32,sparsek,0.6,20.0,1024,1,detail32_microtexture_0,RQL,14.3738,0.08565,,0.56968,-0.03078,1.295091,7.36,0.001024,0.0,0.0,1.02,1.024,14.383,1.0,3.922131,3.024719,0.0,62.98402,0.5,0.695669,1.295091,,,,,,1.12719,0.173715,0.475738,0.00719166,0.01169896,16|0.015625,16,normalized,0.2,scattering,scattering_k16_normalized_r0.6_nu20_s1_acv0.20
32,sparsek,0.6,20.0,1024,2,detail32_glyph_0,RQL,9.1874,0.60808,,0.73224,-0.0147,1.295091,7.43,0.001024,0.0,0.0,1.12,1.12,9.2541,2.780259,6.924477,3.024719,0.0,62.984628,0.5,0.695669,1.295091,,,,,,0.53968,0.372419,1.019912,0.00725651,0.01190474,16|0.015625,16,normalized,0.2,scattering,scattering_k16_normalized_r0.6_nu20_s2_acv0.20
32,sparsek,0.6,20.0,1024,2,detail32_chirp_0,RQL,6.1616,0.3489,,0.74374,0.08654,1.295091,7.68,0.001024,0.0,0.0,0.94,0.94,5.8713,1.899642,5.689272,3.024719,0.0,62.984628,0.5,0.695669,1.295091,,,,,,1.27531,0.252523,0.691564,0.00749874,0.01273138,16|0.015625,16,normalized,0.2,scattering,scattering_k16_normalized_r0.6_nu20_s2_acv0.20
32,sparsek,0.6,20.0,1024,2,detail32_spokes_0,RQL,7.8373,0.12158,,0.73379,-0.08955,1.295091,7.08,0.001024,0.0,0.0,0.18,0.174,7.7673,2.919752,7.120139,3.024719,0.0,62.984628,0.5,0.695669,1.295091,,,,,,4.18706,0.373301,1.022327,0.00691605,0.01112948,16|0.015625,16,normalized,0.2,scattering,scattering_k16_normalized_r0.6_nu20_s2_acv0.20
32,sparsek,0.6,20.0,1024,2,detail32_maze_0,RQL,9.2184,0.38131,,0.73011,-0.13545,1.295091,6.93,0.001024,0.0,0.0,0.19,0.184,8.9614,3.459273,7.876903,3.024719,0.0,62.984628,0.5,0.695669,1.295091,,,,,,1.44202,0.443381,1.21425,0.00676632,0.01135944,16|0.015625,16,normalized,0.2,scattering,scattering_k16_normalized_r0.6_nu20_s2_acv0.20
32,sparsek,0.6,20.0,1024,2,detail32_contour_0,RQL,10.0574,0.32908,,0.60893,0.01206,1.295091,7.56,0.001024,0.0,0.0,0.15,0.143,10.0654,1.599472,5.268235,3.024719,0.0,62.984628,0.5,0.695669,1.295091,,,,,,3.63658,0.271067,0.742349,0.00738049,0.01206716,16|0.015625,16,normalized,0.2,scattering,scattering_k16_normalized_r0.6_nu20_s2_acv0.20
32,sparsek,0.6,20.0,1024,2,detail32_microtexture_0,RQL,14.3896,0.042,,0.56926,0.00523,1.295091,7.53,0.001024,0.0,0.0,0.15,0.15,14.3895,1.361465,4.934391,3.024719,0.0,62.984628,0.5,0.695669,1.295091,,,,,,0.97532,0.176412,0.483124,0.00735188,0.01214849,16|0.015625,16,normalized,0.2,scattering,scattering_k16_normalized_r0.6_nu20_s2_acv0.20
32,sparsek,0.6,200.0,1024,0,detail32_glyph_0,RQL,10.8016,0.74256,,0.58401,-0.1037,4.037119,69.94,0.010239999999999999,0.0,0.0,1.17,1.171,11.2187,2.417279,357.30823,29.391907,4e-06,62.983471,0.5,2.168572,4.037119,,,,,,0.76516,0.360175,3.119208,0.06830025,0.11114489,16|0.015625,16,normalized,0.2,scattering,scattering_k16_normalized_r0.6_nu200_s0_acv0.20
32,sparsek,0.6,200.0,1024,0,detail32_chirp_0,RQL,7.7046,0.34638,,0.60323,-0.02354,4.037119,74.0,0.010239999999999999,0.0,0.0,0.44,0.445,7.69,1.70798,261.088121,29.391907,4e-06,62.983471,0.5,2.168572,4.037119,,,,,,-0.08303,0.270006,2.338321,0.07226753,0.11888664,16|0.015625,16,normalized,0.2,scattering,scattering_k16_normalized_r0.6_nu200_s0_acv0.20
32,sparsek,0.6,200.0,1024,0,detail32_spokes_0,RQL,9.52,0.51701,,0.6096,-0.0966,4.037119,70.18,0.010239999999999999,0.0,0.0,0.35,0.353,9.3779,2.992496,435.339408,29.391907,4e-06,62.983471,0.5,2.168572,4.037119,,,,,,2.86478,0.379397,3.285674,0.06853294,0.11254164,16|0.015625,16,normalized,0.2,scattering,scattering_k16_normalized_r0.6_nu200_s0_acv0.20
32,sparsek,0.6,200.0,1024,0,detail32_maze_0,RQL,11.0895,0.71247,,0.57063,-0.12339,4.037119,68.93,0.010239999999999999,0.0,0.0,1.15,1.145,11.102,4.390987,625.051882,29.391907,4e-06,62.983471,0.5,2.168572,4.037119,,,,,,1.01832,0.456374,3.952316,0.06731892,0.11279639,16|0.015625,16,normalized,0.2,scattering,scattering_k16_normalized_r0.6_nu200_s0_acv0.20
32,sparsek,0.6,200.0,1024,0,detail32_contour_0,RQL,8.2947,0.44508,,0.72023,-0.03948,4.037119,73.12,0.010239999999999999,0.0,0.0,1.08,1.076,8.6074,1.963186,295.708136,29.391907,4e-06,62.983471,0.5,2.168572,4.037119,,,,,,0.8957,0.280268,2.42719,0.07140636,0.11709972,16|0.015625,16,normalized,0.2,scattering,scattering_k16_normalized_r0.6_nu200_s0_acv0.20
32,sparsek,0.6,200.0,1024,0,detail32_microtexture_0,RQL,15.1421,0.19465,,0.52238,-0.0086,4.037119,74.72,0.010239999999999999,0.0,0.0,1.15,1.146,15.136,1.0,150.36453,29.391907,4e-06,62.983471,0.5,2.168572,4.037119,,,,,,1.33008,0.173325,1.501039,0.07296944,0.11824435,16|0.015625,16,normalized,0.2,scattering,scattering_k16_normalized_r0.6_nu200_s0_acv0.20
32,sparsek,0.6,200.0,1024,1,detail32_glyph_0,RQL,11.0392,0.74832,,0.59165,-0.01363,4.037119,74.36,0.010239999999999999,0.0,0.0,1.07,1.07,11.1059,2.714151,397.588839,29.391907,4e-06,62.984914,0.5,2.168572,4.037119,,,,,,0.58809,0.367072,3.178933,0.07261276,0.12259167,16|0.015625,16,normalized,0.2,scattering,scattering_k16_normalized_r0.6_nu200_s1_acv0.20
32,sparsek,0.6,200.0,1024,1,detail32_chirp_0,RQL,7.0938,0.53979,,0.64698,0.00345,4.037119,72.09,0.010239999999999999,0.0,0.0,1.07,1.066,7.0818,1.701626,260.231551,29.391907,4e-06,62.984914,0.5,2.168572,4.037119,,,,,,1.35508,0.259268,2.245327,0.07039928,0.11488846,16|0.015625,16,normalized,0.2,scattering,scattering_k16_normalized_r0.6_nu200_s1_acv0.20
32,sparsek,0.6,200.0,1024,1,detail32_spokes_0,RQL,9.3827,0.45321,,0.62103,-0.11467,4.037119,69.36,0.010239999999999999,0.0,0.0,1.25,1.25,9.2165,3.115854,452.083213,29.391907,4e-06,62.984914,0.5,2.168572,4.037119,,,,,,2.59406,0.365809,3.167995,0.06773853,0.11069687,16|0.015625,16,normalized,0.2,scattering,scattering_k16_normalized_r0.6_nu200_s1_acv0.20
32,sparsek,0.6,200.0,1024,1,detail32_maze_0,RQL,18.5514,0.9385,,0.27083,-0.06556,4.037119,70.85,0.010239999999999999,0.0,0.0,0.3,0.295,17.575,4.133211,590.096038,29.391907,4e-06,62.984914,0.5,2.168572,4.037119,,,,,,2.10134,0.449701,3.894521,0.06919193,0.11715609,16|0.015625,16,normalized,0.2,scattering,scattering_k16_normalized_r0.6_nu200_s1_acv0.20
32,sparsek,0.6,200.0,1024,1,detail32_contour_0,RQL,7.626,0.41125,,0.74914,-0.08278,4.037119,70.99,0.010239999999999999,0.0,0.0,1.1,1.094,8.2656,1.604218,247.017333,29.391907,4e-06,62.984914,0.5,2.168572,4.037119,,,,,,0.86318,0.265849,2.302319,0.06932926,0.11139841,16|0.015625,16,normalized,0.2,scattering,scattering_k16_normalized_r0.6_nu200_s1_acv0.20
32,sparsek,0.6,200.0,1024,1,detail32_microtexture_0,RQL,9.126,0.38197,,0.98607,-0.0539,4.037119,72.42,0.010239999999999999,0.0,0.0,1.05,1.048,9.6175,1.0,159.762084,29.391907,4e-06,62.984914,0.5,2.168572,4.037119,,,,,,0.60751,0.173715,1.504415,0.07072258,0.11345108,16|0.015625,16,normalized,0.2,scattering,scattering_k16_normalized_r0.6_nu200_s1_acv0.20
32,sparsek,0.6,200.0,1024,2,detail32_glyph_0,RQL,10.8805,0.73996,,0.59523,-0.03594,4.037119,73.29,0.010239999999999999,0.0,0.0,1.15,1.146,11.0534,2.857211,416.987303,29.391907,4e-06,62.983471,0.5,2.168572,4.037119,,,,,,0.83856,0.372419,3.225244,0.0715723,0.12108631,16|0.015625,16,normalized,0.2,scattering,scattering_k16_normalized_r0.6_nu200_s2_acv0.20
32,sparsek,0.6,200.0,1024,2,detail32_chirp_0,RQL,4.7073,0.49751,,0.85155,0.00172,4.037119,75.08,0.010239999999999999,0.0,0.0,1.18,1.174,4.6954,1.61268,248.160187,29.391907,4e-06,62.983471,0.5,2.168572,4.037119,,,,,,1.41695,0.252523,2.186916,0.07331848,0.12101997,16|0.015625,16,normalized,0.2,scattering,scattering_k16_normalized_r0.6_nu200_s2_acv0.20
32,sparsek,0.6,200.0,1024,2,detail32_spokes_0,RQL,9.452,0.46328,,0.61055,-0.06277,4.037119,71.86,0.010239999999999999,0.0,0.0,0.41,0.406,9.3643,2.839617,414.600521,29.391907,4e-06,62.983471,0.5,2.168572,4.037119,,,,,,2.88738,0.373301,3.232882,0.07017803,0.11722185,16|0.015625,16,normalized,0.2,scattering,scattering_k16_normalized_r0.6_nu200_s2_acv0.20
32,sparsek,0.6,200.0,1024,2,detail32_maze_0,RQL,16.3129,0.89984,,0.37256,-0.12249,4.037119,68.67,0.010239999999999999,0.0,0.0,1.05,1.053,14.8051,3.544734,510.253368,29.391907,4e-06,62.983471,0.5,2.168572,4.037119,,,,,,1.91542,0.443381,3.839794,0.06705666,0.1108426,16|0.015625,16,normalized,0.2,scattering,scattering_k16_normalized_r0.6_nu200_s2_acv0.20
32,sparsek,0.6,200.0,1024,2,detail32_contour_0,RQL,8.3371,0.45853,,0.71064,-0.0521,4.037119,72.51,0.010239999999999999,0.0,0.0,1.08,1.082,8.7239,1.773201,269.935708,29.391907,4e-06,62.983471,0.5,2.168572,4.037119,,,,,,0.84942,0.271067,2.347513,0.07080841,0.11600808,16|0.015625,16,normalized,0.2,scattering,scattering_k16_normalized_r0.6_nu200_s2_acv0.20
32,sparsek,0.6,200.0,1024,2,detail32_microtexture_0,RQL,15.3532,0.29761,,0.50966,-0.00895,4.037119,74.82,0.010239999999999999,0.0,0.0,1.01,1.004,15.3501,1.082319,176.214111,29.391907,4e-06,62.983471,0.5,2.168572,4.037119,,,,,,0.9456,0.176412,1.527774,0.0730629,0.11914209,16|0.015625,16,normalized,0.2,scattering,scattering_k16_normalized_r0.6_nu200_s2_acv0.20
32,sparsek,0.6,2000.0,1024,0,detail32_glyph_0,RQL,11.0545,0.76105,,0.57316,-0.07216,12.747904,715.22,0.10239999999999999,0.0,0.0,0.25,0.244,11.3816,2.518733,34346.889573,293.063782,3.9e-05,62.985177,0.5,6.847642,12.747904,,,,,,0.85632,0.360175,9.8638,0.69846058,1.15115397,16|0.015625,16,normalized,0.2,scattering,scattering_k16_normalized_r0.6_nu2000_s0_acv0.20
32,sparsek,0.6,2000.0,1024,0,detail32_chirp_0,RQL,10.4608,0.71117,,0.43842,0.0039,12.747904,745.87,0.10239999999999999,0.0,0.0,0.51,0.509,10.4619,1.766599,24177.879437,293.063782,3.9e-05,62.985177,0.5,6.847642,12.747904,,,,,,1.70449,0.270006,7.394421,0.72838879,1.21152449,16|0.015625,16,normalized,0.2,scattering,scattering_k16_normalized_r0.6_nu2000_s0_acv0.20
32,sparsek,0.6,2000.0,1024,0,detail32_spokes_0,RQL,11.8482,0.73285,,0.46709,-0.07502,12.747904,701.14,0.10239999999999999,0.0,0.0,1.03,1.033,11.6908,3.104549,42267.25272,293.063782,3.9e-05,62.985177,0.5,6.847642,12.747904,,,,,,1.71346,0.379397,10.390215,0.6847086,1.12965919,16|0.015625,16,normalized,0.2,scattering,scattering_k16_normalized_r0.6_nu2000_s0_acv0.20
32,sparsek,0.6,2000.0,1024,0,detail32_maze_0,RQL,20.6118,0.9675,,0.19961,-0.04073,12.747904,699.82,0.10239999999999999,0.0,0.0,0.86,0.858,20.2255,4.542381,61707.05919,293.063782,3.9e-05,62.985177,0.5,6.847642,12.747904,,,,,,1.93488,0.456374,12.49832,0.68342018,1.16126735,16|0.015625,16,normalized,0.2,scattering,scattering_k16_normalized_r0.6_nu2000_s0_acv0.20
32,sparsek,0.6,2000.0,1024,0,detail32_contour_0,RQL,8.3894,0.46386,,0.73536,-0.00444,12.747904,747.9,0.10239999999999999,0.0,0.0,0.21,0.211,8.4268,1.908143,26091.580379,293.063782,3.9e-05,62.985177,0.5,6.847642,12.747904,,,,,,0.92747,0.280268,7.675447,0.73037529,1.22090238,16|0.015625,16,normalized,0.2,scattering,scattering_k16_normalized_r0.6_nu2000_s0_acv0.20
32,sparsek,0.6,2000.0,1024,0,detail32_microtexture_0,RQL,9.5618,0.411,,1.00119,0.00844,12.747904,753.93,0.10239999999999999,0.0,0.0,0.24,0.239,9.4854,1.006384,13899.591592,293.063782,3.9e-05,62.985177,0.5,6.847642,12.747904,,,,,,0.56378,0.173325,4.746703,0.73625851,1.20955578,16|0.015625,16,normalized,0.2,scattering,scattering_k16_normalized_r0.6_nu2000_s0_acv0.20
32,sparsek,0.6,2000.0,1024,1,detail32_glyph_0,RQL,11.0249,0.74875,,0.58179,-0.04813,12.747904,727.0,0.10239999999999999,0.0,0.0,0.24,0.241,11.2518,2.755832,37552.055638,293.063782,3.9e-05,62.984389,0.5,6.847642,12.747904,,,,,,0.60852,0.367072,10.052668,0.70996475,1.1864738,16|0.015625,16,normalized,0.2,scattering,scattering_k16_normalized_r0.6_nu2000_s1_acv0.20
32,sparsek,0.6,2000.0,1024,1,detail32_chirp_0,RQL,7.1897,0.60115,,0.64877,0.0297,12.747904,732.09,0.10239999999999999,0.0,0.0,1.01,1.013,7.0578,1.612159,22089.541551,293.063782,3.9e-05,62.984389,0.5,6.847642,12.747904,,,,,,1.40482,0.259268,7.100347,0.7149353,1.17073165,16|0.015625,16,normalized,0.2,scattering,scattering_k16_normalized_r0.6_nu2000_s1_acv0.20
32,sparsek,0.6,2000.0,1024,1,detail32_spokes_0,RQL,8.8781,0.61597,,0.63403,-0.04827,12.747904,726.95,0.10239999999999999,0.0,0.0,0.18,0.181,9.0365,2.964825,40377.652409,293.063782,3.9e-05,62.984389,0.5,6.847642,12.747904,,,,,,0.6895,0.365809,10.01808,0.70991135,1.19137214,16|0.015625,16,normalized,0.2,scattering,scattering_k16_normalized_r0.6_nu2000_s1_acv0.20
32,sparsek,0.6,2000.0,1024,1,detail32_maze_0,RQL,20.7302,0.96801,,0.20699,-0.05849,12.747904,696.09,0.10239999999999999,0.0,0.0,0.3,0.3,19.9101,3.950584,53705.172684,293.063782,3.9e-05,62.984389,0.5,6.847642,12.747904,,,,,,1.89915,0.449701,12.315557,0.67977333,1.13953294,16|0.015625,16,normalized,0.2,scattering,scattering_k16_normalized_r0.6_nu2000_s1_acv0.20
32,sparsek,0.6,2000.0,1024,1,detail32_contour_0,RQL,7.9015,0.44108,,0.73703,-0.06301,12.747904,719.58,0.10239999999999999,0.0,0.0,1.12,1.11,8.4071,1.693161,23184.689006,293.063782,3.9e-05,62.984389,0.5,6.847642,12.747904,,,,,,0.89543,0.265849,7.280573,0.70271397,1.14125907,16|0.015625,16,normalized,0.2,scattering,scattering_k16_normalized_r0.6_nu2000_s1_acv0.20
32,sparsek,0.6,2000.0,1024,1,detail32_microtexture_0,RQL,16.5696,0.61667,,0.44257,-0.00364,12.747904,746.87,0.10239999999999999,0.0,0.0,0.46,0.46,16.576,1.048085,14463.232059,293.063782,3.9e-05,62.984389,0.5,6.847642,12.747904,,,,,,1.02483,0.173715,4.757379,0.72936344,1.1923861,16|0.015625,16,normalized,0.2,scattering,scattering_k16_normalized_r0.6_nu2000_s1_acv0.20
32,sparsek,0.6,2000.0,1024,2,detail32_glyph_0,RQL,13.0754,0.77394,,0.48843,-0.0978,12.747904,693.51,0.10239999999999999,0.0,0.0,1.04,1.038,12.7712,2.694488,36722.610951,293.063782,3.9e-05,62.984258,0.5,6.847642,12.747904,,,,,,1.21324,0.372419,10.199117,0.6772604,1.10345865,16|0.015625,16,normalized,0.2,scattering,scattering_k16_normalized_r0.6_nu2000_s2_acv0.20
32,sparsek,0.6,2000.0,1024,2,detail32_chirp_0,RQL,9.5436,0.67457,,0.48711,-0.01956,12.747904,735.63,0.10239999999999999,0.0,0.0,0.57,0.568,9.5471,1.732938,23722.425938,293.063782,3.9e-05,62.984258,0.5,6.847642,12.747904,,,,,,0.7978,0.252523,6.915636,0.7183876,1.1842355,16|0.015625,16,normalized,0.2,scattering,scattering_k16_normalized_r0.6_nu2000_s2_acv0.20
32,sparsek,0.6,2000.0,1024,2,detail32_spokes_0,RQL,10.8463,0.672,,0.5152,-0.01361,12.747904,728.64,0.10239999999999999,0.0,0.0,1.05,1.045,10.8392,3.066492,41752.105227,293.063782,3.9e-05,62.984258,0.5,6.847642,12.747904,,,,,,1.17805,0.373301,10.22327,0.71156597,1.20000691,16|0.015625,16,normalized,0.2,scattering,scattering_k16_normalized_r0.6_nu2000_s2_acv0.20
32,sparsek,0.6,2000.0,1024,2,detail32_maze_0,RQL,19.8159,0.96354,,0.22636,-0.05654,12.747904,697.55,0.10239999999999999,0.0,0.0,0.92,0.923,19.1333,3.9759,54047.322732,293.063782,3.9e-05,62.984258,0.5,6.847642,12.747904,,,,,,1.8307,0.443381,12.142496,0.68120384,1.14485339,16|0.015625,16,normalized,0.2,scattering,scattering_k16_normalized_r0.6_nu2000_s2_acv0.20
32,sparsek,0.6,2000.0,1024,2,detail32_contour_0,RQL,14.9966,0.64564,,0.34472,-0.01362,12.747904,734.96,0.10239999999999999,0.0,0.0,0.47,0.474,15.0076,1.753485,24000.228217,293.063782,3.9e-05,62.984258,0.5,6.847642,12.747904,,,,,,1.79229,0.271067,7.423488,0.71773815,1.18405254,16|0.015625,16,normalized,0.2,scattering,scattering_k16_normalized_r0.6_nu2000_s2_acv0.20
32,sparsek,0.6,2000.0,1024,2,detail32_microtexture_0,RQL,9.0277,0.3629,,0.96387,-0.08678,12.747904,707.94,0.10239999999999999,0.0,0.0,0.23,0.23,9.8153,1.206856,16609.779363,293.063782,3.9e-05,62.984258,0.5,6.847642,12.747904,,,,,,0.33618,0.176412,4.831245,0.69134712,1.09991112,16|0.015625,16,normalized,0.2,scattering,scattering_k16_normalized_r0.6_nu2000_s2_acv0.20
