side,pattern,rho_bar,nu,M,seed,image,arm,PSNR,SSIM,LPIPS,rad_nrmse,flux_dev,lam_tv,mean_counts,optical_time_s,dark_frac,tau_err,runtime_s,select_runtime_s,PSNR_rad,C_hat,S_N2,V0_exact,muprime0_exact,omega_A,c_used,sigma_grad_arm,lambda_tv_arm,audit_status,d_ratio,q_d,q_mean,leak_suspect,c_force
64,bern50,0.05,1000.0,4096,0,dev_stl_00,RQL,15.5947,0.21176,,0.33018,-0.00042,0.159425,47.59,0.20479999999999998,0.0,0.0,10.52,10.424,15.5966,1.0,43.128056,43.195,4.5e-05,0.999695,0.25,0.15635,0.159425,,,,,,0.25
64,bern50,0.05,1000.0,4096,0,dev_stl_01,RQL,14.7516,0.1219,,0.34801,-0.00065,0.159425,47.58,0.20479999999999998,0.0,0.0,9.77,9.763,14.7532,5.186825,45.798953,43.195,4.5e-05,0.999695,0.25,0.15635,0.159425,,,,,,0.25
64,bern50,0.05,1000.0,4096,0,dev_stl_02,RQL,14.8396,0.19174,,0.37797,0.00262,0.159425,47.73,0.20479999999999998,0.0,0.0,9.4,9.397,14.834,1.328549,43.861974,43.195,4.5e-05,0.999695,0.25,0.15635,0.159425,,,,,,0.25
64,bern50,0.05,1000.0,4096,0,dev_stl_03,RQL,15.2941,0.17361,,0.62161,-0.00215,0.159425,47.51,0.20479999999999998,0.0,0.0,10.33,10.326,15.2938,1.745736,44.071416,43.195,4.5e-05,0.999695,0.25,0.15635,0.159425,,,,,,0.25
64,bern50,0.05,1000.0,4096,0,dev_text,RQL,14.3233,0.15485,,0.8437,-0.00663,0.159425,47.29,0.20479999999999998,0.0,0.0,11.39,11.387,14.316,21.198645,53.837403,43.195,4.5e-05,0.999695,0.25,0.15635,0.159425,,,,,,0.25
64,bern50,0.05,1000.0,4096,0,dev_fine_lines,RQL,6.0669,0.00789,,0.75193,0.00141,0.159425,47.67,0.20479999999999998,0.0,0.0,9.95,9.949,6.0667,1.0,43.21195,43.195,4.5e-05,0.999695,0.25,0.15635,0.159425,,,,,,0.25
64,bern50,0.05,1000.0,4096,1,dev_stl_00,RQL,16.2631,0.187,,0.30632,0.00315,0.159091,47.76,0.20479999999999998,0.0,0.0,9.24,9.24,16.2481,4.830938,45.62032,43.195,4.5e-05,0.999709,0.25,0.156023,0.159091,,,,,,0.25
64,bern50,0.05,1000.0,4096,1,dev_stl_01,RQL,15.04,0.14192,,0.33654,-0.00193,0.159091,47.53,0.20479999999999998,0.0,0.0,8.93,8.927,15.0443,1.0,42.5999,43.195,4.5e-05,0.999709,0.25,0.156023,0.159091,,,,,,0.25
64,bern50,0.05,1000.0,4096,1,dev_stl_02,RQL,15.6721,0.18737,,0.34301,-0.0032,0.159091,47.47,0.20479999999999998,0.0,0.0,9.01,9.007,15.6771,1.0,41.882243,43.195,4.5e-05,0.999709,0.25,0.156023,0.159091,,,,,,0.25
64,bern50,0.05,1000.0,4096,1,dev_stl_03,RQL,15.3581,0.22001,,0.61704,-0.00421,0.159091,47.43,0.20479999999999998,0.0,0.0,9.5,9.501,15.3579,2.58548,44.493012,43.195,4.5e-05,0.999709,0.25,0.156023,0.159091,,,,,,0.25
64,bern50,0.05,1000.0,4096,1,dev_text,RQL,14.2115,0.12598,,0.85382,0.00093,0.159091,47.68,0.20479999999999998,0.0,0.0,10.03,10.025,14.2125,23.142977,54.813682,43.195,4.5e-05,0.999709,0.25,0.156023,0.159091,,,,,,0.25
64,bern50,0.05,1000.0,4096,1,dev_fine_lines,RQL,5.9537,0.00834,,0.76181,0.00122,0.159091,47.67,0.20479999999999998,0.0,0.0,9.32,9.322,5.9533,4.8612,45.635513,43.195,4.5e-05,0.999709,0.25,0.156023,0.159091,,,,,,0.25
64,bern50,0.05,1000.0,4096,0,dev_stl_00,RQL,18.5626,0.28411,,0.23466,-0.00029,0.31885,47.59,0.20479999999999998,0.0,0.0,6.98,6.982,18.5627,1.0,43.128056,43.195,4.5e-05,0.999695,0.5,0.15635,0.31885,,,,,,0.5
64,bern50,0.05,1000.0,4096,0,dev_stl_01,RQL,15.9819,0.15365,,0.3021,-0.00055,0.31885,47.58,0.20479999999999998,0.0,0.0,7.2,7.196,15.982,5.186825,45.798953,43.195,4.5e-05,0.999695,0.5,0.15635,0.31885,,,,,,0.5
64,bern50,0.05,1000.0,4096,0,dev_stl_02,RQL,15.5142,0.15875,,0.34948,0.00277,0.31885,47.73,0.20479999999999998,0.0,0.0,6.98,6.975,15.5149,1.328549,43.861974,43.195,4.5e-05,0.999695,0.5,0.15635,0.31885,,,,,,0.5
64,bern50,0.05,1000.0,4096,0,dev_stl_03,RQL,15.0188,0.15652,,0.64164,-0.00207,0.31885,47.51,0.20479999999999998,0.0,0.0,6.91,6.905,15.0184,1.745736,44.071416,43.195,4.5e-05,0.999695,0.5,0.15635,0.31885,,,,,,0.5
64,bern50,0.05,1000.0,4096,0,dev_text,RQL,13.5497,0.05258,,0.92184,-0.00666,0.31885,47.29,0.20479999999999998,0.0,0.0,8.33,8.325,13.5467,21.198645,53.837403,43.195,4.5e-05,0.999695,0.5,0.15635,0.31885,,,,,,0.5
64,bern50,0.05,1000.0,4096,0,dev_fine_lines,RQL,6.1394,0.00422,,0.74566,0.00146,0.31885,47.67,0.20479999999999998,0.0,0.0,6.89,6.892,6.1394,1.0,43.21195,43.195,4.5e-05,0.999695,0.5,0.15635,0.31885,,,,,,0.5
64,bern50,0.05,1000.0,4096,1,dev_stl_00,RQL,18.5516,0.26107,,0.23502,0.00331,0.318183,47.76,0.20479999999999998,0.0,0.0,6.95,6.95,18.5496,4.830938,45.62032,43.195,4.5e-05,0.999709,0.5,0.156023,0.318183,,,,,,0.5
64,bern50,0.05,1000.0,4096,1,dev_stl_01,RQL,15.9275,0.15218,,0.30399,-0.00189,0.318183,47.53,0.20479999999999998,0.0,0.0,7.45,7.451,15.9278,1.0,42.5999,43.195,4.5e-05,0.999709,0.5,0.156023,0.318183,,,,,,0.5
64,bern50,0.05,1000.0,4096,1,dev_stl_02,RQL,15.8568,0.16451,,0.33607,-0.0031,0.318183,47.47,0.20479999999999998,0.0,0.0,6.06,6.06,15.8546,1.0,41.882243,43.195,4.5e-05,0.999709,0.5,0.156023,0.318183,,,,,,0.5
64,bern50,0.05,1000.0,4096,1,dev_stl_03,RQL,14.871,0.1584,,0.65265,-0.00403,0.318183,47.43,0.20479999999999998,0.0,0.0,8.7,8.698,14.8706,2.58548,44.493012,43.195,4.5e-05,0.999709,0.5,0.156023,0.318183,,,,,,0.5
64,bern50,0.05,1000.0,4096,1,dev_text,RQL,13.5599,0.05201,,0.92039,0.00121,0.318183,47.68,0.20479999999999998,0.0,0.0,8.46,8.463,13.5604,23.142977,54.813682,43.195,4.5e-05,0.999709,0.5,0.156023,0.318183,,,,,,0.5
64,bern50,0.05,1000.0,4096,1,dev_fine_lines,RQL,6.1115,0.00418,,0.74806,0.0013,0.318183,47.67,0.20479999999999998,0.0,0.0,11.09,11.09,6.1115,4.8612,45.635513,43.195,4.5e-05,0.999709,0.5,0.156023,0.318183,,,,,,0.5
64,bern50,0.05,100.0,4096,0,dev_stl_00,RQL,14.4231,0.21434,,0.37594,-0.00773,0.050431,4.73,0.020479999999999998,0.0,0.0,8.12,8.028,14.4692,1.0,4.282631,4.322308,5e-06,0.999693,0.25,0.049458,0.050431,,,,,,0.25
64,bern50,0.05,100.0,4096,0,dev_stl_01,RQL,12.8893,0.12948,,0.4284,-0.01501,0.050431,4.69,0.020479999999999998,0.0,0.0,6.48,6.474,12.9479,24.512376,4.445473,4.322308,5e-06,0.999693,0.25,0.049458,0.050431,,,,,,0.25
64,bern50,0.05,100.0,4096,0,dev_stl_02,RQL,13.9161,0.09567,,0.41995,-0.00193,0.050431,4.75,0.020479999999999998,0.0,0.0,6.2,6.199,13.9192,1.0,4.190804,4.322308,5e-06,0.999693,0.25,0.049458,0.050431,,,,,,0.25
64,bern50,0.05,100.0,4096,0,dev_stl_03,RQL,15.0207,0.14734,,0.64133,-0.00906,0.050431,4.72,0.020479999999999998,0.0,0.0,6.39,6.39,15.0225,30.383025,4.474971,4.322308,5e-06,0.999693,0.25,0.049458,0.050431,,,,,,0.25
64,bern50,0.05,100.0,4096,0,dev_text,RQL,13.4828,0.05832,,0.92857,0.00233,0.050431,4.77,0.020479999999999998,0.0,0.0,7.83,7.829,13.4835,38.44108,4.51546,4.322308,5e-06,0.999693,0.25,0.049458,0.050431,,,,,,0.25
64,bern50,0.05,100.0,4096,0,dev_fine_lines,RQL,5.853,0.00621,,0.77047,-0.00489,0.050431,4.74,0.020479999999999998,0.0,0.0,6.45,6.45,5.8551,1.0,4.274037,4.322308,5e-06,0.999693,0.25,0.049458,0.050431,,,,,,0.25
64,bern50,0.05,100.0,4096,1,dev_stl_00,RQL,14.9653,0.18276,,0.35519,0.00049,0.050325,4.76,0.020479999999999998,0.0,0.0,5.93,5.927,14.9624,1.0,4.319973,4.322308,5e-06,0.999698,0.25,0.049355,0.050325,,,,,,0.25
64,bern50,0.05,100.0,4096,1,dev_stl_01,RQL,12.6136,0.14493,,0.44543,0.00094,0.050325,4.77,0.020479999999999998,0.0,0.0,6.33,6.332,12.6094,1.0,4.276689,4.322308,5e-06,0.999698,0.25,0.049355,0.050325,,,,,,0.25
64,bern50,0.05,100.0,4096,1,dev_stl_02,RQL,15.199,0.14559,,0.36231,-0.00331,0.050325,4.75,0.020479999999999998,0.0,0.0,5.75,5.747,15.2016,16.827061,4.406858,4.322308,5e-06,0.999698,0.25,0.049355,0.050325,,,,,,0.25
64,bern50,0.05,100.0,4096,1,dev_stl_03,RQL,15.0424,0.15358,,0.63991,-0.00364,0.050325,4.75,0.020479999999999998,0.0,0.0,6.18,6.179,15.0417,12.06463,4.382928,4.322308,5e-06,0.999698,0.25,0.049355,0.050325,,,,,,0.25
64,bern50,0.05,100.0,4096,1,dev_text,RQL,13.3364,0.06046,,0.94469,-0.01079,0.050325,4.71,0.020479999999999998,0.0,0.0,6.14,6.141,13.334,1.0,4.187969,4.322308,5e-06,0.999698,0.25,0.049355,0.050325,,,,,,0.25
64,bern50,0.05,100.0,4096,1,dev_fine_lines,RQL,5.8974,0.00479,,0.76713,0.00924,0.050325,4.8,0.020479999999999998,0.0,0.0,5.81,5.808,5.8929,1.0,4.19431,4.322308,5e-06,0.999698,0.25,0.049355,0.050325,,,,,,0.25
64,bern50,0.05,100.0,4096,0,dev_stl_00,RQL,18.6709,0.27629,,0.23189,-0.00743,0.100862,4.73,0.020479999999999998,0.0,0.0,6.19,6.188,18.6661,1.0,4.282631,4.322308,5e-06,0.999693,0.5,0.049458,0.100862,,,,,,0.5
64,bern50,0.05,100.0,4096,0,dev_stl_01,RQL,15.9834,0.15336,,0.30238,-0.01488,0.100862,4.69,0.020479999999999998,0.0,0.0,5.9,5.894,15.9738,24.512376,4.445473,4.322308,5e-06,0.999693,0.5,0.049458,0.100862,,,,,,0.5
64,bern50,0.05,100.0,4096,0,dev_stl_02,RQL,15.0484,0.14277,,0.36877,-0.00174,0.100862,4.75,0.020479999999999998,0.0,0.0,5.24,5.24,15.0481,1.0,4.190804,4.322308,5e-06,0.999693,0.5,0.049458,0.100862,,,,,,0.5
64,bern50,0.05,100.0,4096,0,dev_stl_03,RQL,14.8163,0.14925,,0.6568,-0.00875,0.100862,4.72,0.020479999999999998,0.0,0.0,4.35,4.345,14.8155,30.383025,4.474971,4.322308,5e-06,0.999693,0.5,0.049458,0.100862,,,,,,0.5
64,bern50,0.05,100.0,4096,0,dev_text,RQL,13.0986,0.02827,,0.97064,0.00261,0.100862,4.77,0.020479999999999998,0.0,0.0,6.18,6.183,13.0987,38.44108,4.51546,4.322308,5e-06,0.999693,0.5,0.049458,0.100862,,,,,,0.5
64,bern50,0.05,100.0,4096,0,dev_fine_lines,RQL,6.0815,0.00392,,0.75064,-0.00462,0.100862,4.74,0.020479999999999998,0.0,0.0,4.98,4.975,6.0815,1.0,4.274037,4.322308,5e-06,0.999693,0.5,0.049458,0.100862,,,,,,0.5
64,bern50,0.05,100.0,4096,1,dev_stl_00,RQL,18.4746,0.27239,,0.23706,0.00086,0.100651,4.76,0.020479999999999998,0.0,0.0,5.54,5.543,18.4743,1.0,4.319973,4.322308,5e-06,0.999698,0.5,0.049355,0.100651,,,,,,0.5
64,bern50,0.05,100.0,4096,1,dev_stl_01,RQL,15.6969,0.14928,,0.3122,0.00142,0.100651,4.77,0.020479999999999998,0.0,0.0,5.12,5.114,15.6963,1.0,4.276689,4.322308,5e-06,0.999698,0.5,0.049355,0.100651,,,,,,0.5
64,bern50,0.05,100.0,4096,1,dev_stl_02,RQL,15.2255,0.1414,,0.36136,-0.00317,0.100651,4.75,0.020479999999999998,0.0,0.0,4.96,4.962,15.2244,16.827061,4.406858,4.322308,5e-06,0.999698,0.5,0.049355,0.100651,,,,,,0.5
64,bern50,0.05,100.0,4096,1,dev_stl_03,RQL,14.8172,0.14741,,0.65668,-0.0035,0.100651,4.75,0.020479999999999998,0.0,0.0,4.88,4.876,14.817,12.06463,4.382928,4.322308,5e-06,0.999698,0.5,0.049355,0.100651,,,,,,0.5
64,bern50,0.05,100.0,4096,1,dev_text,RQL,13.0892,0.02824,,0.97172,-0.01036,0.100651,4.71,0.020479999999999998,0.0,0.0,5.87,5.869,13.089,1.0,4.187969,4.322308,5e-06,0.999698,0.5,0.049355,0.100651,,,,,,0.5
64,bern50,0.05,100.0,4096,1,dev_fine_lines,RQL,6.0765,0.00365,,0.75112,0.00941,0.100651,4.8,0.020479999999999998,0.0,0.0,5.62,5.62,6.076,1.0,4.19431,4.322308,5e-06,0.999698,0.5,0.049355,0.100651,,,,,,0.5
64,bern50,0.05,10.0,4096,0,dev_stl_00,RQL,13.7708,0.26718,,0.41273,0.01855,0.015999,0.48,0.002048,0.0,0.0,8.27,8.171,13.6582,64.0,0.452754,0.435039,0.0,0.999696,0.25,0.015691,0.015999,,,,,,0.25
64,bern50,0.05,10.0,4096,0,dev_stl_01,RQL,13.0071,0.12147,,0.42954,0.0224,0.015999,0.49,0.002048,0.0,0.0,4.95,4.949,12.9248,9.560816,0.435523,0.435039,0.0,0.999696,0.25,0.015691,0.015999,,,,,,0.25
64,bern50,0.05,10.0,4096,0,dev_stl_02,RQL,6.9181,0.14247,,0.92148,-0.01995,0.015999,0.47,0.002048,0.0,0.0,12.07,12.069,7.0935,1.0,0.428319,0.435039,0.0,0.999696,0.25,0.015691,0.015999,,,,,,0.25
64,bern50,0.05,10.0,4096,0,dev_stl_03,RQL,13.7882,0.11547,,0.73981,0.00453,0.015999,0.48,0.002048,0.0,0.0,5.88,5.881,13.7817,1.0,0.42885,0.435039,0.0,0.999696,0.25,0.015691,0.015999,,,,,,0.25
64,bern50,0.05,10.0,4096,0,dev_text,RQL,13.0686,0.02692,,0.97401,0.00412,0.015999,0.48,0.002048,0.0,0.0,4.6,4.602,13.0685,23.085344,0.436209,0.435039,0.0,0.999696,0.25,0.015691,0.015999,,,,,,0.25
64,bern50,0.05,10.0,4096,0,dev_fine_lines,RQL,2.7524,0.0027,,1.09288,-0.01535,0.015999,0.47,0.002048,0.0,0.0,10.82,10.817,2.8188,1.0,0.432987,0.435039,0.0,0.999696,0.25,0.015691,0.015999,,,,,,0.25
64,bern50,0.05,10.0,4096,1,dev_stl_00,RQL,17.6128,0.25503,,0.26463,0.02716,0.015966,0.49,0.002048,0.0,0.0,5.12,5.123,17.5188,64.0,0.43953,0.435039,0.0,0.999712,0.25,0.015658,0.015966,,,,,,0.25
64,bern50,0.05,10.0,4096,1,dev_stl_01,RQL,15.186,0.13319,,0.34126,0.05216,0.015966,0.5,0.002048,0.0,0.0,4.38,4.384,14.9232,64.0,0.463139,0.435039,0.0,0.999712,0.25,0.015658,0.015966,,,,,,0.25
64,bern50,0.05,10.0,4096,1,dev_stl_02,RQL,12.3646,0.11469,,0.51217,0.03642,0.015966,0.49,0.002048,0.0,0.0,5.98,5.978,12.1949,64.0,0.457646,0.435039,0.0,0.999712,0.25,0.015658,0.015966,,,,,,0.25
64,bern50,0.05,10.0,4096,1,dev_stl_03,RQL,13.8322,0.11283,,0.73262,-0.02744,0.015966,0.46,0.002048,0.0,0.0,4.54,4.541,13.8665,1.0,0.406588,0.435039,0.0,0.999712,0.25,0.015658,0.015966,,,,,,0.25
64,bern50,0.05,10.0,4096,1,dev_text,RQL,13.0862,0.02978,,0.97204,0.0176,0.015966,0.48,0.002048,0.0,0.0,4.61,4.61,13.0861,64.0,0.457927,0.435039,0.0,0.999712,0.25,0.015658,0.015966,,,,,,0.25
64,bern50,0.05,10.0,4096,1,dev_fine_lines,RQL,5.8994,0.00517,,0.76624,-0.0055,0.015966,0.47,0.002048,0.0,0.0,4.1,4.101,5.9029,5.910314,0.435338,0.435039,0.0,0.999712,0.25,0.015658,0.015966,,,,,,0.25
64,bern50,0.05,10.0,4096,0,dev_stl_00,RQL,18.4426,0.27839,,0.23869,0.01945,0.031999,0.48,0.002048,0.0,0.0,2.82,2.821,18.415,64.0,0.452754,0.435039,0.0,0.999696,0.5,0.015691,0.031999,,,,,,0.5
64,bern50,0.05,10.0,4096,0,dev_stl_01,RQL,15.7846,0.15099,,0.30996,0.0227,0.031999,0.49,0.002048,0.0,0.0,3.9,3.901,15.7588,9.560816,0.435523,0.435039,0.0,0.999696,0.5,0.015691,0.031999,,,,,,0.5
64,bern50,0.05,10.0,4096,0,dev_stl_02,RQL,15.0637,0.14126,,0.36852,-0.01826,0.031999,0.47,0.002048,0.0,0.0,2.76,2.764,15.0539,1.0,0.428319,0.435039,0.0,0.999696,0.5,0.015691,0.031999,,,,,,0.5
64,bern50,0.05,10.0,4096,0,dev_stl_03,RQL,14.6634,0.14864,,0.66846,0.00492,0.031999,0.48,0.002048,0.0,0.0,2.33,2.333,14.6626,1.0,0.42885,0.435039,0.0,0.999696,0.5,0.015691,0.031999,,,,,,0.5
64,bern50,0.05,10.0,4096,0,dev_text,RQL,13.0709,0.02714,,0.97375,0.00439,0.031999,0.48,0.002048,0.0,0.0,3.14,3.145,13.0709,23.085344,0.436209,0.435039,0.0,0.999696,0.5,0.015691,0.031999,,,,,,0.5
64,bern50,0.05,10.0,4096,0,dev_fine_lines,RQL,6.0668,0.00357,,0.75194,-0.01232,0.031999,0.47,0.002048,0.0,0.0,3.3,3.296,6.0666,1.0,0.432987,0.435039,0.0,0.999696,0.5,0.015691,0.031999,,,,,,0.5
64,bern50,0.05,10.0,4096,1,dev_stl_00,RQL,18.4956,0.27386,,0.23796,0.02741,0.031932,0.49,0.002048,0.0,0.0,3.52,3.521,18.4415,64.0,0.43953,0.435039,0.0,0.999712,0.5,0.015658,0.031932,,,,,,0.5
64,bern50,0.05,10.0,4096,1,dev_stl_01,RQL,16.1779,0.15415,,0.2993,0.05283,0.031932,0.5,0.002048,0.0,0.0,3.52,3.519,16.0628,64.0,0.463139,0.435039,0.0,0.999712,0.5,0.015658,0.031932,,,,,,0.5
64,bern50,0.05,10.0,4096,1,dev_stl_02,RQL,14.908,0.1393,,0.3764,0.03713,0.031932,0.49,0.002048,0.0,0.0,3.41,3.411,14.8703,64.0,0.457646,0.435039,0.0,0.999712,0.5,0.015658,0.031932,,,,,,0.5
64,bern50,0.05,10.0,4096,1,dev_stl_03,RQL,14.7283,0.1454,,0.66362,-0.02642,0.031932,0.46,0.002048,0.0,0.0,2.45,2.447,14.7258,1.0,0.406588,0.435039,0.0,0.999712,0.5,0.015658,0.031932,,,,,,0.5
64,bern50,0.05,10.0,4096,1,dev_text,RQL,13.0746,0.02726,,0.97333,0.01828,0.031932,0.48,0.002048,0.0,0.0,3.41,3.413,13.0746,64.0,0.457927,0.435039,0.0,0.999712,0.5,0.015658,0.031932,,,,,,0.5
64,bern50,0.05,10.0,4096,1,dev_fine_lines,RQL,6.1199,0.00375,,0.74735,-0.00433,0.031932,0.47,0.002048,0.0,0.0,3.11,3.11,6.1197,5.910314,0.435338,0.435039,0.0,0.999712,0.5,0.015658,0.031932,,,,,,0.5
64,bern50,0.05,2000.0,4096,0,dev_stl_00,RQL,16.6767,0.23519,,0.29189,0.00192,0.225457,95.39,0.40959999999999996,0.0,0.0,11.63,11.514,16.6673,1.0,87.475664,86.38688,9.1e-05,0.999684,0.25,0.221108,0.225457,,,,,,0.25
64,bern50,0.05,2000.0,4096,0,dev_stl_01,RQL,15.1945,0.1009,,0.3309,0.00123,0.225457,95.33,0.40959999999999996,0.0,0.0,10.38,10.383,15.1909,1.528511,89.456146,86.38688,9.1e-05,0.999684,0.25,0.221108,0.225457,,,,,,0.25
64,bern50,0.05,2000.0,4096,0,dev_stl_02,RQL,15.8624,0.19485,,0.3359,0.00202,0.225457,95.4,0.40959999999999996,0.0,0.0,10.27,10.267,15.8589,3.844034,94.105743,86.38688,9.1e-05,0.999684,0.25,0.221108,0.225457,,,,,,0.25
64,bern50,0.05,2000.0,4096,0,dev_stl_03,RQL,15.6271,0.21584,,0.59821,-0.00047,0.225457,95.18,0.40959999999999996,0.0,0.0,10.79,10.786,15.627,2.732021,91.872807,86.38688,9.1e-05,0.999684,0.25,0.221108,0.225457,,,,,,0.25
64,bern50,0.05,2000.0,4096,0,dev_text,RQL,15.0987,0.29021,,0.77153,-0.00337,0.225457,94.88,0.40959999999999996,0.0,0.0,12.67,12.666,15.0928,19.413712,125.369828,86.38688,9.1e-05,0.999684,0.25,0.221108,0.225457,,,,,,0.25
64,bern50,0.05,2000.0,4096,0,dev_fine_lines,RQL,6.097,0.01138,,0.74933,0.00167,0.225457,95.37,0.40959999999999996,0.0,0.0,10.4,10.4,6.0967,1.291226,88.979676,86.38688,9.1e-05,0.999684,0.25,0.221108,0.225457,,,,,,0.25
64,bern50,0.05,2000.0,4096,1,dev_stl_00,RQL,16.1494,0.23793,,0.30965,-0.00094,0.224985,95.14,0.40959999999999996,0.0,0.0,9.36,9.364,16.1541,1.173476,88.743284,86.38688,9.1e-05,0.999705,0.25,0.220646,0.224985,,,,,,0.25
64,bern50,0.05,2000.0,4096,1,dev_stl_01,RQL,15.0669,0.15702,,0.33561,-0.00053,0.224985,95.18,0.40959999999999996,0.0,0.0,9.81,9.809,15.0681,1.0,85.091973,86.38688,9.1e-05,0.999705,0.25,0.220646,0.224985,,,,,,0.25
64,bern50,0.05,2000.0,4096,1,dev_stl_02,RQL,15.3959,0.14689,,0.35419,-0.00205,0.224985,95.05,0.40959999999999996,0.0,0.0,9.67,9.668,15.3984,1.828538,90.058683,86.38688,9.1e-05,0.999705,0.25,0.220646,0.224985,,,,,,0.25
64,bern50,0.05,2000.0,4096,1,dev_stl_03,RQL,15.3197,0.17205,,0.61975,0.00028,0.224985,95.25,0.40959999999999996,0.0,0.0,10.03,10.024,15.3198,1.0,86.807971,86.38688,9.1e-05,0.999705,0.25,0.220646,0.224985,,,,,,0.25
64,bern50,0.05,2000.0,4096,1,dev_text,RQL,14.8377,0.21331,,0.79467,-0.001,0.224985,95.18,0.40959999999999996,0.0,0.0,11.69,11.689,14.8361,19.796975,126.140286,86.38688,9.1e-05,0.999705,0.25,0.220646,0.224985,,,,,,0.25
64,bern50,0.05,2000.0,4096,1,dev_fine_lines,RQL,6.1045,0.01256,,0.74867,0.00038,0.224985,95.26,0.40959999999999996,0.0,0.0,9.7,9.7,6.1044,4.53467,95.492745,86.38688,9.1e-05,0.999705,0.25,0.220646,0.224985,,,,,,0.25
64,bern50,0.05,2000.0,4096,0,dev_stl_00,RQL,18.4784,0.28231,,0.237,0.00203,0.450914,95.39,0.40959999999999996,0.0,0.0,7.51,7.513,18.4764,1.0,87.475664,86.38688,9.1e-05,0.999684,0.5,0.221108,0.450914,,,,,,0.5
64,bern50,0.05,2000.0,4096,0,dev_stl_01,RQL,16.6916,0.16055,,0.27838,0.00129,0.450914,95.33,0.40959999999999996,0.0,0.0,7.6,7.603,16.6921,1.528511,89.456146,86.38688,9.1e-05,0.999684,0.5,0.221108,0.450914,,,,,,0.5
64,bern50,0.05,2000.0,4096,0,dev_stl_02,RQL,16.0908,0.17426,,0.32701,0.0021,0.450914,95.4,0.40959999999999996,0.0,0.0,7.37,7.368,16.092,3.844034,94.105743,86.38688,9.1e-05,0.999684,0.5,0.221108,0.450914,,,,,,0.5
64,bern50,0.05,2000.0,4096,0,dev_stl_03,RQL,15.2078,0.17165,,0.6278,-0.00039,0.450914,95.18,0.40959999999999996,0.0,0.0,7.23,7.234,15.2076,2.732021,91.872807,86.38688,9.1e-05,0.999684,0.5,0.221108,0.450914,,,,,,0.5
64,bern50,0.05,2000.0,4096,0,dev_text,RQL,13.8833,0.07901,,0.88704,-0.00332,0.450914,94.88,0.40959999999999996,0.0,0.0,9.7,9.701,13.8809,19.413712,125.369828,86.38688,9.1e-05,0.999684,0.5,0.221108,0.450914,,,,,,0.5
64,bern50,0.05,2000.0,4096,0,dev_fine_lines,RQL,6.1604,0.0046,,0.74386,0.00174,0.450914,95.37,0.40959999999999996,0.0,0.0,8.0,7.999,6.1604,1.291226,88.979676,86.38688,9.1e-05,0.999684,0.5,0.221108,0.450914,,,,,,0.5
64,bern50,0.05,2000.0,4096,1,dev_stl_00,RQL,18.2117,0.2635,,0.24431,-0.00088,0.44997,95.14,0.40959999999999996,0.0,0.0,8.19,8.187,18.2126,1.173476,88.743284,86.38688,9.1e-05,0.999705,0.5,0.220646,0.44997,,,,,,0.5
64,bern50,0.05,2000.0,4096,1,dev_stl_01,RQL,15.7652,0.15215,,0.30973,-0.00049,0.44997,95.18,0.40959999999999996,0.0,0.0,7.94,7.942,15.7654,1.0,85.091973,86.38688,9.1e-05,0.999705,0.5,0.220646,0.44997,,,,,,0.5
64,bern50,0.05,2000.0,4096,1,dev_stl_02,RQL,15.7173,0.16208,,0.34146,-0.00198,0.44997,95.05,0.40959999999999996,0.0,0.0,7.47,7.469,15.7165,1.828538,90.058683,86.38688,9.1e-05,0.999705,0.5,0.220646,0.44997,,,,,,0.5
64,bern50,0.05,2000.0,4096,1,dev_stl_03,RQL,15.0259,0.15143,,0.64107,0.00039,0.44997,95.25,0.40959999999999996,0.0,0.0,13.95,13.943,15.026,1.0,86.807971,86.38688,9.1e-05,0.999705,0.5,0.220646,0.44997,,,,,,0.5
64,bern50,0.05,2000.0,4096,1,dev_text,RQL,13.8177,0.07206,,0.89358,-0.00075,0.44997,95.18,0.40959999999999996,0.0,0.0,16.64,16.642,13.8171,19.796975,126.140286,86.38688,9.1e-05,0.999705,0.5,0.220646,0.44997,,,,,,0.5
64,bern50,0.05,2000.0,4096,1,dev_fine_lines,RQL,6.1749,0.00507,,0.74262,0.00046,0.44997,95.26,0.40959999999999996,0.0,0.0,17.1,17.098,6.1749,4.53467,95.492745,86.38688,9.1e-05,0.999705,0.5,0.220646,0.44997,,,,,,0.5
64,bern50,0.05,200.0,4096,0,dev_stl_00,RQL,16.146,0.21264,,0.31042,0.00365,0.071307,9.56,0.040959999999999996,0.0,0.0,9.21,9.117,16.1325,14.945201,8.94173,8.641496,9e-06,0.999699,0.25,0.069932,0.071307,,,,,,0.25
64,bern50,0.05,200.0,4096,0,dev_stl_01,RQL,14.6943,0.12816,,0.35014,-0.00242,0.071307,9.5,0.040959999999999996,0.0,0.0,7.02,7.016,14.7001,9.598553,8.834321,8.641496,9e-06,0.999699,0.25,0.069932,0.071307,,,,,,0.25
64,bern50,0.05,200.0,4096,0,dev_stl_02,RQL,14.8293,0.15589,,0.379,0.00834,0.071307,9.6,0.040959999999999996,0.0,0.0,6.86,6.858,14.8105,9.046743,8.823236,8.641496,9e-06,0.999699,0.25,0.069932,0.071307,,,,,,0.25
64,bern50,0.05,200.0,4096,0,dev_stl_03,RQL,15.065,0.14493,,0.63815,-0.0016,0.071307,9.51,0.040959999999999996,0.0,0.0,7.02,7.02,15.0657,30.804615,9.260331,8.641496,9e-06,0.999699,0.25,0.069932,0.071307,,,,,,0.25
64,bern50,0.05,200.0,4096,0,dev_text,RQL,13.5549,0.06619,,0.92134,-0.00878,0.071307,9.44,0.040959999999999996,0.0,0.0,7.07,7.071,13.5515,33.421964,9.312911,8.641496,9e-06,0.999699,0.25,0.069932,0.071307,,,,,,0.25
64,bern50,0.05,200.0,4096,0,dev_fine_lines,RQL,5.9635,0.0078,,0.76085,-0.00198,0.071307,9.5,0.040959999999999996,0.0,0.0,6.69,6.691,5.9642,1.0,8.574997,8.641496,9e-06,0.999699,0.25,0.069932,0.071307,,,,,,0.25
64,bern50,0.05,200.0,4096,1,dev_stl_00,RQL,15.8638,0.22928,,0.32119,0.00678,0.071158,9.58,0.040959999999999996,0.0,0.0,7.04,7.044,15.8362,9.712831,8.836616,8.641496,9e-06,0.999694,0.25,0.069786,0.071158,,,,,,0.25
64,bern50,0.05,200.0,4096,1,dev_stl_01,RQL,14.2778,0.11354,,0.36723,-0.00289,0.071158,9.5,0.040959999999999996,0.0,0.0,6.22,6.216,14.2863,1.0,8.325982,8.641496,9e-06,0.999694,0.25,0.069786,0.071158,,,,,,0.25
64,bern50,0.05,200.0,4096,1,dev_stl_02,RQL,14.5822,0.14536,,0.38881,-0.00322,0.071158,9.49,0.040959999999999996,0.0,0.0,6.38,6.377,14.5885,14.883392,8.940487,8.641496,9e-06,0.999694,0.25,0.069786,0.071158,,,,,,0.25
64,bern50,0.05,200.0,4096,1,dev_stl_03,RQL,15.3167,0.18293,,0.61995,0.00174,0.071158,9.54,0.040959999999999996,0.0,0.0,7.0,7.002,15.317,6.557204,8.773223,8.641496,9e-06,0.999694,0.25,0.069786,0.071158,,,,,,0.25
64,bern50,0.05,200.0,4096,1,dev_text,RQL,13.5142,0.05331,,0.92556,-0.00646,0.071158,9.47,0.040959999999999996,0.0,0.0,6.52,6.517,13.5117,17.271036,8.988452,8.641496,9e-06,0.999694,0.25,0.069786,0.071158,,,,,,0.25
64,bern50,0.05,200.0,4096,1,dev_fine_lines,RQL,6.1482,0.00455,,0.74486,-0.00646,0.071158,9.46,0.040959999999999996,0.0,0.0,6.78,6.778,6.1487,1.0,8.505287,8.641496,9e-06,0.999694,0.25,0.069786,0.071158,,,,,,0.25
64,bern50,0.05,200.0,4096,0,dev_stl_00,RQL,18.3767,0.27388,,0.23978,0.00391,0.142615,9.56,0.040959999999999996,0.0,0.0,4.39,4.389,18.3752,14.945201,8.94173,8.641496,9e-06,0.999699,0.5,0.069932,0.142615,,,,,,0.5
64,bern50,0.05,200.0,4096,0,dev_stl_01,RQL,15.9598,0.15335,,0.30287,-0.00232,0.142615,9.5,0.040959999999999996,0.0,0.0,4.14,4.136,15.9597,9.598553,8.834321,8.641496,9e-06,0.999699,0.5,0.069932,0.142615,,,,,,0.5
64,bern50,0.05,200.0,4096,0,dev_stl_02,RQL,15.0788,0.13954,,0.36751,0.0086,0.142615,9.6,0.040959999999999996,0.0,0.0,4.47,4.47,15.0778,9.046743,8.823236,8.641496,9e-06,0.999699,0.5,0.069932,0.142615,,,,,,0.5
64,bern50,0.05,200.0,4096,0,dev_stl_03,RQL,14.9128,0.15167,,0.64949,-0.00119,0.142615,9.51,0.040959999999999996,0.0,0.0,5.33,5.329,14.9127,30.804615,9.260331,8.641496,9e-06,0.999699,0.5,0.069932,0.142615,,,,,,0.5
64,bern50,0.05,200.0,4096,0,dev_text,RQL,13.0879,0.02787,,0.97185,-0.0086,0.142615,9.44,0.040959999999999996,0.0,0.0,5.52,5.523,13.0878,33.421964,9.312911,8.641496,9e-06,0.999699,0.5,0.069932,0.142615,,,,,,0.5
64,bern50,0.05,200.0,4096,0,dev_fine_lines,RQL,6.1185,0.00382,,0.74746,-0.00184,0.142615,9.5,0.040959999999999996,0.0,0.0,4.5,4.499,6.1184,1.0,8.574997,8.641496,9e-06,0.999699,0.5,0.069932,0.142615,,,,,,0.5
64,bern50,0.05,200.0,4096,1,dev_stl_00,RQL,18.5232,0.27407,,0.23581,0.00684,0.142316,9.58,0.040959999999999996,0.0,0.0,4.65,4.647,18.5201,9.712831,8.836616,8.641496,9e-06,0.999694,0.5,0.069786,0.142316,,,,,,0.5
64,bern50,0.05,200.0,4096,1,dev_stl_01,RQL,16.1624,0.15184,,0.29591,-0.00277,0.142316,9.5,0.040959999999999996,0.0,0.0,4.74,4.732,16.1617,1.0,8.325982,8.641496,9e-06,0.999694,0.5,0.069786,0.142316,,,,,,0.5
64,bern50,0.05,200.0,4096,1,dev_stl_02,RQL,15.071,0.14424,,0.36782,-0.00304,0.142316,9.49,0.040959999999999996,0.0,0.0,4.28,4.283,15.0704,14.883392,8.940487,8.641496,9e-06,0.999694,0.5,0.069786,0.142316,,,,,,0.5
64,bern50,0.05,200.0,4096,1,dev_stl_03,RQL,14.8335,0.14891,,0.65543,0.00194,0.142316,9.54,0.040959999999999996,0.0,0.0,5.4,5.395,14.8336,6.557204,8.773223,8.641496,9e-06,0.999694,0.5,0.069786,0.142316,,,,,,0.5
64,bern50,0.05,200.0,4096,1,dev_text,RQL,13.1121,0.02841,,0.96916,-0.00595,0.142316,9.47,0.040959999999999996,0.0,0.0,5.09,5.09,13.1119,17.271036,8.988452,8.641496,9e-06,0.999694,0.5,0.069786,0.142316,,,,,,0.5
64,bern50,0.05,200.0,4096,1,dev_fine_lines,RQL,6.1287,0.00359,,0.74661,-0.00637,0.142316,9.46,0.040959999999999996,0.0,0.0,5.09,5.086,6.1284,1.0,8.505287,8.641496,9e-06,0.999694,0.5,0.069786,0.142316,,,,,,0.5
64,bern50,0.05,20.0,4096,0,dev_stl_00,RQL,7.2301,0.15722,,0.84185,-0.02862,0.022586,0.93,0.004096,0.0,0.0,12.75,12.668,7.4669,1.0,0.855616,0.866957,1e-06,0.999693,0.25,0.02215,0.022586,,,,,,0.25
64,bern50,0.05,20.0,4096,0,dev_stl_01,RQL,13.0409,0.12609,,0.42766,0.0203,0.022586,0.97,0.004096,0.0,0.0,6.22,6.215,12.963,1.0,0.862108,0.866957,1e-06,0.999693,0.25,0.02215,0.022586,,,,,,0.25
64,bern50,0.05,20.0,4096,0,dev_stl_02,RQL,14.7885,0.12805,,0.38058,0.00865,0.022586,0.96,0.004096,0.0,0.0,5.21,5.212,14.7743,1.0,0.830732,0.866957,1e-06,0.999693,0.25,0.02215,0.022586,,,,,,0.25
64,bern50,0.05,20.0,4096,0,dev_stl_03,RQL,14.2758,0.09135,,0.69848,-0.00237,0.022586,0.95,0.004096,0.0,0.0,7.31,7.304,14.281,1.0,0.824132,0.866957,1e-06,0.999693,0.25,0.02215,0.022586,,,,,,0.25
64,bern50,0.05,20.0,4096,0,dev_text,RQL,12.9474,0.11795,,0.98884,0.02364,0.022586,0.98,0.004096,0.0,0.0,11.45,11.45,12.9372,39.178425,0.874862,0.866957,1e-06,0.999693,0.25,0.02215,0.022586,,,,,,0.25
64,bern50,0.05,20.0,4096,0,dev_fine_lines,RQL,5.922,0.0013,,0.76466,0.00343,0.022586,0.96,0.004096,0.0,0.0,5.34,5.335,5.9208,64.0,0.882139,0.866957,1e-06,0.999693,0.25,0.02215,0.022586,,,,,,0.25
64,bern50,0.05,20.0,4096,1,dev_stl_00,RQL,15.7819,0.22297,,0.32086,-0.0187,0.022539,0.94,0.004096,0.0,0.0,5.39,5.39,15.8452,1.0,0.843109,0.866957,1e-06,0.999695,0.25,0.022104,0.022539,,,,,,0.25
64,bern50,0.05,20.0,4096,1,dev_stl_01,RQL,14.6116,0.15431,,0.35404,0.00324,0.022539,0.96,0.004096,0.0,0.0,5.12,5.117,14.6039,64.0,0.901967,0.866957,1e-06,0.999695,0.25,0.022104,0.022539,,,,,,0.25
64,bern50,0.05,20.0,4096,1,dev_stl_02,RQL,14.4225,0.15557,,0.39684,0.00441,0.022539,0.96,0.004096,0.0,0.0,5.64,5.643,14.4108,1.0,0.848217,0.866957,1e-06,0.999695,0.25,0.022104,0.022539,,,,,,0.25
64,bern50,0.05,20.0,4096,1,dev_stl_03,RQL,14.9424,0.16067,,0.64733,0.00203,0.022539,0.95,0.004096,0.0,0.0,5.21,5.205,14.9416,64.0,0.888767,0.866957,1e-06,0.999695,0.25,0.022104,0.022539,,,,,,0.25
64,bern50,0.05,20.0,4096,1,dev_text,RQL,13.1162,0.0474,,0.96869,0.01588,0.022539,0.97,0.004096,0.0,0.0,5.68,5.68,13.1161,64.0,0.921423,0.866957,1e-06,0.999695,0.25,0.022104,0.022539,,,,,,0.25
64,bern50,0.05,20.0,4096,1,dev_fine_lines,RQL,6.0033,0.00414,,0.75727,-0.00484,0.022539,0.95,0.004096,0.0,0.0,5.29,5.288,6.0052,7.280155,0.868426,0.866957,1e-06,0.999695,0.25,0.022104,0.022539,,,,,,0.25
64,bern50,0.05,20.0,4096,0,dev_stl_00,RQL,18.368,0.28007,,0.24116,-0.02741,0.045172,0.93,0.004096,0.0,0.0,3.53,3.521,18.3255,1.0,0.855616,0.866957,1e-06,0.999693,0.5,0.02215,0.045172,,,,,,0.5
64,bern50,0.05,20.0,4096,0,dev_stl_01,RQL,15.8424,0.15214,,0.30772,0.02056,0.045172,0.97,0.004096,0.0,0.0,3.5,3.498,15.8219,1.0,0.862108,0.866957,1e-06,0.999693,0.5,0.02215,0.045172,,,,,,0.5
64,bern50,0.05,20.0,4096,0,dev_stl_02,RQL,15.1972,0.14009,,0.36252,0.00897,0.045172,0.96,0.004096,0.0,0.0,2.73,2.725,15.1965,1.0,0.830732,0.866957,1e-06,0.999693,0.5,0.02215,0.045172,,,,,,0.5
64,bern50,0.05,20.0,4096,0,dev_stl_03,RQL,14.8812,0.15089,,0.65186,-0.00184,0.045172,0.95,0.004096,0.0,0.0,3.77,3.764,14.881,1.0,0.824132,0.866957,1e-06,0.999693,0.5,0.02215,0.045172,,,,,,0.5
64,bern50,0.05,20.0,4096,0,dev_text,RQL,13.0758,0.02735,,0.9732,0.02597,0.045172,0.98,0.004096,0.0,0.0,4.04,4.045,13.0757,39.178425,0.874862,0.866957,1e-06,0.999693,0.5,0.02215,0.045172,,,,,,0.5
64,bern50,0.05,20.0,4096,0,dev_fine_lines,RQL,6.0866,0.00365,,0.75021,0.00386,0.045172,0.96,0.004096,0.0,0.0,3.68,3.682,6.0866,64.0,0.882139,0.866957,1e-06,0.999693,0.5,0.02215,0.045172,,,,,,0.5
64,bern50,0.05,20.0,4096,1,dev_stl_00,RQL,18.4062,0.27623,,0.23957,-0.01836,0.045077,0.94,0.004096,0.0,0.0,3.66,3.663,18.383,1.0,0.843109,0.866957,1e-06,0.999695,0.5,0.022104,0.045077,,,,,,0.5
64,bern50,0.05,20.0,4096,1,dev_stl_01,RQL,15.9306,0.15185,,0.30392,0.00371,0.045077,0.96,0.004096,0.0,0.0,3.21,3.214,15.9299,64.0,0.901967,0.866957,1e-06,0.999695,0.5,0.022104,0.045077,,,,,,0.5
64,bern50,0.05,20.0,4096,1,dev_stl_02,RQL,15.0135,0.14337,,0.37025,0.00481,0.045077,0.96,0.004096,0.0,0.0,4.02,4.023,15.0133,1.0,0.848217,0.866957,1e-06,0.999695,0.5,0.022104,0.045077,,,,,,0.5
64,bern50,0.05,20.0,4096,1,dev_stl_03,RQL,14.8164,0.1491,,0.65672,0.00263,0.045077,0.95,0.004096,0.0,0.0,3.52,3.519,14.8165,64.0,0.888767,0.866957,1e-06,0.999695,0.5,0.022104,0.045077,,,,,,0.5
64,bern50,0.05,20.0,4096,1,dev_text,RQL,13.0748,0.02734,,0.97331,0.01686,0.045077,0.97,0.004096,0.0,0.0,3.93,3.925,13.0748,64.0,0.921423,0.866957,1e-06,0.999695,0.5,0.022104,0.045077,,,,,,0.5
64,bern50,0.05,20.0,4096,1,dev_fine_lines,RQL,6.1014,0.00365,,0.74894,-0.00438,0.045077,0.95,0.004096,0.0,0.0,3.86,3.865,6.1013,7.280155,0.868426,0.866957,1e-06,0.999695,0.5,0.022104,0.045077,,,,,,0.5
64,bern50,0.05,500.0,4096,0,dev_stl_00,RQL,15.5959,0.21929,,0.33081,0.00323,0.112735,23.88,0.10239999999999999,0.0,0.0,9.55,9.433,15.5801,2.403086,21.900697,21.59906,2.3e-05,0.9997,0.25,0.11056,0.112735,,,,,,0.25
64,bern50,0.05,500.0,4096,0,dev_stl_01,RQL,14.6157,0.12173,,0.3537,0.00116,0.112735,23.83,0.10239999999999999,0.0,0.0,8.73,8.733,14.6124,1.0,20.384028,21.59906,2.3e-05,0.9997,0.25,0.11056,0.112735,,,,,,0.25
64,bern50,0.05,500.0,4096,0,dev_stl_02,RQL,14.0274,0.16435,,0.41553,0.0063,0.112735,23.95,0.10239999999999999,0.0,0.0,8.42,8.424,14.0111,1.0,21.473875,21.59906,2.3e-05,0.9997,0.25,0.11056,0.112735,,,,,,0.25
64,bern50,0.05,500.0,4096,0,dev_stl_03,RQL,15.1413,0.14634,,0.63256,-0.00284,0.112735,23.74,0.10239999999999999,0.0,0.0,8.68,8.684,15.142,1.0,21.689513,21.59906,2.3e-05,0.9997,0.25,0.11056,0.112735,,,,,,0.25
64,bern50,0.05,500.0,4096,0,dev_text,RQL,13.6602,0.06186,,0.90988,-0.00018,0.112735,23.8,0.10239999999999999,0.0,0.0,9.2,9.198,13.6601,16.457175,23.664776,21.59906,2.3e-05,0.9997,0.25,0.11056,0.112735,,,,,,0.25
64,bern50,0.05,500.0,4096,0,dev_fine_lines,RQL,6.0095,0.00614,,0.75693,0.00167,0.112735,23.84,0.10239999999999999,0.0,0.0,8.78,8.781,6.0091,1.0,21.599219,21.59906,2.3e-05,0.9997,0.25,0.11056,0.112735,,,,,,0.25
64,bern50,0.05,500.0,4096,1,dev_stl_00,RQL,17.4912,0.21652,,0.26565,0.00274,0.112499,23.87,0.10239999999999999,0.0,0.0,9.34,9.341,17.4853,2.10415,21.863174,21.59906,2.3e-05,0.999701,0.25,0.110329,0.112499,,,,,,0.25
64,bern50,0.05,500.0,4096,1,dev_stl_01,RQL,15.6037,0.16246,,0.3157,0.00201,0.112499,23.85,0.10239999999999999,0.0,0.0,9.21,9.206,15.5995,1.820633,21.827587,21.59906,2.3e-05,0.999701,0.25,0.110329,0.112499,,,,,,0.25
64,bern50,0.05,500.0,4096,1,dev_stl_02,RQL,15.3248,0.16161,,0.35719,-0.00024,0.112499,23.8,0.10239999999999999,0.0,0.0,8.37,8.364,15.3253,6.405315,22.40306,21.59906,2.3e-05,0.999701,0.25,0.110329,0.112499,,,,,,0.25
64,bern50,0.05,500.0,4096,1,dev_stl_03,RQL,15.0668,0.17357,,0.63802,-0.00256,0.112499,23.75,0.10239999999999999,0.0,0.0,8.27,8.266,15.0674,5.523107,22.292324,21.59906,2.3e-05,0.999701,0.25,0.110329,0.112499,,,,,,0.25
64,bern50,0.05,500.0,4096,1,dev_text,RQL,13.8386,0.10411,,0.89103,0.00525,0.112499,23.94,0.10239999999999999,0.0,0.0,9.67,9.671,13.842,20.775468,24.206812,21.59906,2.3e-05,0.999701,0.25,0.110329,0.112499,,,,,,0.25
64,bern50,0.05,500.0,4096,1,dev_fine_lines,RQL,6.1483,0.00618,,0.74487,-0.00221,0.112499,23.76,0.10239999999999999,0.0,0.0,8.54,8.539,6.1486,2.451116,21.906726,21.59906,2.3e-05,0.999701,0.25,0.110329,0.112499,,,,,,0.25
64,bern50,0.05,500.0,4096,0,dev_stl_00,RQL,18.4666,0.27454,,0.23729,0.00333,0.225469,23.88,0.10239999999999999,0.0,0.0,6.36,6.359,18.4658,2.403086,21.900697,21.59906,2.3e-05,0.9997,0.5,0.11056,0.225469,,,,,,0.5
64,bern50,0.05,500.0,4096,0,dev_stl_01,RQL,16.0591,0.15418,,0.29943,0.00131,0.225469,23.83,0.10239999999999999,0.0,0.0,6.14,6.139,16.0591,1.0,20.384028,21.59906,2.3e-05,0.9997,0.5,0.11056,0.225469,,,,,,0.5
64,bern50,0.05,500.0,4096,0,dev_stl_02,RQL,14.8795,0.14129,,0.37609,0.00642,0.225469,23.95,0.10239999999999999,0.0,0.0,6.68,6.682,14.8773,1.0,21.473875,21.59906,2.3e-05,0.9997,0.5,0.11056,0.225469,,,,,,0.5
64,bern50,0.05,500.0,4096,0,dev_stl_03,RQL,15.1172,0.16018,,0.63442,-0.00274,0.225469,23.74,0.10239999999999999,0.0,0.0,6.36,6.36,15.1165,1.0,21.689513,21.59906,2.3e-05,0.9997,0.5,0.11056,0.225469,,,,,,0.5
64,bern50,0.05,500.0,4096,0,dev_text,RQL,13.1095,0.02906,,0.96943,-0.0002,0.225469,23.8,0.10239999999999999,0.0,0.0,8.2,8.203,13.1095,16.457175,23.664776,21.59906,2.3e-05,0.9997,0.5,0.11056,0.225469,,,,,,0.5
64,bern50,0.05,500.0,4096,0,dev_fine_lines,RQL,6.0998,0.00394,,0.74907,0.00174,0.225469,23.84,0.10239999999999999,0.0,0.0,6.38,6.382,6.0998,1.0,21.599219,21.59906,2.3e-05,0.9997,0.5,0.11056,0.225469,,,,,,0.5
64,bern50,0.05,500.0,4096,1,dev_stl_00,RQL,18.5411,0.27476,,0.23526,0.00286,0.224997,23.87,0.10239999999999999,0.0,0.0,5.97,5.967,18.5407,2.10415,21.863174,21.59906,2.3e-05,0.999701,0.5,0.110329,0.224997,,,,,,0.5
64,bern50,0.05,500.0,4096,1,dev_stl_01,RQL,16.1107,0.15586,,0.29766,0.00218,0.224997,23.85,0.10239999999999999,0.0,0.0,6.51,6.506,16.1106,1.820633,21.827587,21.59906,2.3e-05,0.999701,0.5,0.110329,0.224997,,,,,,0.5
64,bern50,0.05,500.0,4096,1,dev_stl_02,RQL,15.7,0.15169,,0.34211,-9e-05,0.224997,23.8,0.10239999999999999,0.0,0.0,6.36,6.356,15.6999,6.405315,22.40306,21.59906,2.3e-05,0.999701,0.5,0.110329,0.224997,,,,,,0.5
64,bern50,0.05,500.0,4096,1,dev_stl_03,RQL,14.7682,0.15167,,0.66038,-0.0023,0.224997,23.75,0.10239999999999999,0.0,0.0,6.4,6.403,14.7682,5.523107,22.292324,21.59906,2.3e-05,0.999701,0.5,0.110329,0.224997,,,,,,0.5
64,bern50,0.05,500.0,4096,1,dev_text,RQL,13.3614,0.04153,,0.94155,0.00564,0.224997,23.94,0.10239999999999999,0.0,0.0,7.27,7.268,13.363,20.775468,24.206812,21.59906,2.3e-05,0.999701,0.5,0.110329,0.224997,,,,,,0.5
64,bern50,0.05,500.0,4096,1,dev_fine_lines,RQL,6.1783,0.00416,,0.74234,-0.00208,0.224997,23.76,0.10239999999999999,0.0,0.0,5.92,5.916,6.1782,2.451116,21.906726,21.59906,2.3e-05,0.999701,0.5,0.110329,0.224997,,,,,,0.5
64,bern50,0.05,50.0,4096,0,dev_stl_00,RQL,17.048,0.26997,,0.27827,-0.01202,0.035673,2.35,0.010239999999999999,0.0,0.0,8.48,8.39,17.0822,1.0,2.155147,2.162714,2e-06,0.999696,0.25,0.034985,0.035673,,,,,,0.25
64,bern50,0.05,50.0,4096,0,dev_stl_01,RQL,14.1623,0.1351,,0.3739,0.0068,0.035673,2.4,0.010239999999999999,0.0,0.0,6.77,6.764,14.1299,16.989839,2.184076,2.162714,2e-06,0.999696,0.25,0.034985,0.035673,,,,,,0.25
64,bern50,0.05,50.0,4096,0,dev_stl_02,RQL,13.2524,0.10702,,0.45319,-0.0021,0.035673,2.38,0.010239999999999999,0.0,0.0,6.22,6.219,13.2576,1.0,2.130975,2.162714,2e-06,0.999696,0.25,0.034985,0.035673,,,,,,0.25
64,bern50,0.05,50.0,4096,0,dev_stl_03,RQL,14.7713,0.1646,,0.66047,0.01404,0.035673,2.41,0.010239999999999999,0.0,0.0,5.8,5.793,14.7671,1.0,2.149463,2.162714,2e-06,0.999696,0.25,0.034985,0.035673,,,,,,0.25
64,bern50,0.05,50.0,4096,0,dev_text,RQL,13.1346,0.05492,,0.96665,-0.00754,0.035673,2.36,0.010239999999999999,0.0,0.0,5.91,5.911,13.1344,1.0,2.113235,2.162714,2e-06,0.999696,0.25,0.034985,0.035673,,,,,,0.25
64,bern50,0.05,50.0,4096,0,dev_fine_lines,RQL,6.0943,0.00428,,0.74953,-0.00838,0.035673,2.36,0.010239999999999999,0.0,0.0,5.07,5.071,6.0944,1.0,2.136433,2.162714,2e-06,0.999696,0.25,0.034985,0.035673,,,,,,0.25
64,bern50,0.05,50.0,4096,1,dev_stl_00,RQL,15.853,0.23678,,0.32003,-0.00323,0.035598,2.37,0.010239999999999999,0.0,0.0,5.14,5.139,15.8678,1.0,2.104077,2.162714,2e-06,0.999703,0.25,0.034912,0.035598,,,,,,0.25
64,bern50,0.05,50.0,4096,1,dev_stl_01,RQL,13.3639,0.13231,,0.40702,-0.00557,0.035598,2.37,0.010239999999999999,0.0,0.0,5.69,5.691,13.3927,1.0,2.109045,2.162714,2e-06,0.999703,0.25,0.034912,0.035598,,,,,,0.25
64,bern50,0.05,50.0,4096,1,dev_stl_02,RQL,10.8335,0.08555,,0.6142,0.02816,0.035598,2.45,0.010239999999999999,0.0,0.0,7.12,7.125,10.617,64.0,2.271267,2.162714,2e-06,0.999703,0.25,0.034912,0.035598,,,,,,0.25
64,bern50,0.05,50.0,4096,1,dev_stl_03,RQL,15.0708,0.1644,,0.63783,0.018,0.035598,2.42,0.010239999999999999,0.0,0.0,5.38,5.373,15.07,1.0,2.123647,2.162714,2e-06,0.999703,0.25,0.034912,0.035598,,,,,,0.25
64,bern50,0.05,50.0,4096,1,dev_text,RQL,13.2303,0.04762,,0.95591,0.00887,0.035598,2.4,0.010239999999999999,0.0,0.0,5.35,5.352,13.2315,64.0,2.295766,2.162714,2e-06,0.999703,0.25,0.034912,0.035598,,,,,,0.25
64,bern50,0.05,50.0,4096,1,dev_fine_lines,RQL,6.0618,0.00388,,0.75234,-0.00242,0.035598,2.38,0.010239999999999999,0.0,0.0,5.54,5.539,6.062,15.474135,2.18217,2.162714,2e-06,0.999703,0.25,0.034912,0.035598,,,,,,0.25
64,bern50,0.05,50.0,4096,0,dev_stl_00,RQL,18.3129,0.2758,,0.24171,-0.01175,0.071346,2.35,0.010239999999999999,0.0,0.0,3.22,3.211,18.3055,1.0,2.155147,2.162714,2e-06,0.999696,0.5,0.034985,0.071346,,,,,,0.5
64,bern50,0.05,50.0,4096,0,dev_stl_01,RQL,16.4526,0.15588,,0.28622,0.00723,0.071346,2.4,0.010239999999999999,0.0,0.0,3.14,3.138,16.4511,16.989839,2.184076,2.162714,2e-06,0.999696,0.5,0.034985,0.071346,,,,,,0.5
64,bern50,0.05,50.0,4096,0,dev_stl_02,RQL,14.8812,0.13989,,0.37592,-0.00186,0.071346,2.38,0.010239999999999999,0.0,0.0,4.28,4.283,14.8812,1.0,2.130975,2.162714,2e-06,0.999696,0.5,0.034985,0.071346,,,,,,0.5
64,bern50,0.05,50.0,4096,0,dev_stl_03,RQL,14.7708,0.14838,,0.66027,0.01431,0.071346,2.41,0.010239999999999999,0.0,0.0,4.04,4.036,14.7697,1.0,2.149463,2.162714,2e-06,0.999696,0.5,0.034985,0.071346,,,,,,0.5
64,bern50,0.05,50.0,4096,0,dev_text,RQL,13.0944,0.02846,,0.97113,-0.00716,0.071346,2.36,0.010239999999999999,0.0,0.0,3.03,3.027,13.0943,1.0,2.113235,2.162714,2e-06,0.999696,0.5,0.034985,0.071346,,,,,,0.5
64,bern50,0.05,50.0,4096,0,dev_fine_lines,RQL,6.1037,0.00369,,0.74876,-0.00821,0.071346,2.36,0.010239999999999999,0.0,0.0,3.35,3.354,6.1034,1.0,2.136433,2.162714,2e-06,0.999696,0.5,0.034985,0.071346,,,,,,0.5
64,bern50,0.05,50.0,4096,1,dev_stl_00,RQL,18.4958,0.27654,,0.23649,-0.00276,0.071197,2.37,0.010239999999999999,0.0,0.0,3.85,3.85,18.4951,1.0,2.104077,2.162714,2e-06,0.999703,0.5,0.034912,0.071197,,,,,,0.5
64,bern50,0.05,50.0,4096,1,dev_stl_01,RQL,16.2978,0.15622,,0.2914,-0.00512,0.071197,2.37,0.010239999999999999,0.0,0.0,3.5,3.502,16.2953,1.0,2.109045,2.162714,2e-06,0.999703,0.5,0.034912,0.071197,,,,,,0.5
64,bern50,0.05,50.0,4096,1,dev_stl_02,RQL,15.4489,0.14221,,0.35279,0.02889,0.071197,2.45,0.010239999999999999,0.0,0.0,3.99,3.994,15.433,64.0,2.271267,2.162714,2e-06,0.999703,0.5,0.034912,0.071197,,,,,,0.5
64,bern50,0.05,50.0,4096,1,dev_stl_03,RQL,14.7936,0.14909,,0.65857,0.01826,0.071197,2.42,0.010239999999999999,0.0,0.0,3.78,3.781,14.7921,1.0,2.123647,2.162714,2e-06,0.999703,0.5,0.034912,0.071197,,,,,,0.5
64,bern50,0.05,50.0,4096,1,dev_text,RQL,13.0828,0.02788,,0.9724,0.00919,0.071197,2.4,0.010239999999999999,0.0,0.0,3.38,3.374,13.0829,64.0,2.295766,2.162714,2e-06,0.999703,0.5,0.034912,0.071197,,,,,,0.5
64,bern50,0.05,50.0,4096,1,dev_fine_lines,RQL,6.0871,0.00361,,0.75017,-0.00231,0.071197,2.38,0.010239999999999999,0.0,0.0,3.65,3.648,6.0871,15.474135,2.18217,2.162714,2e-06,0.999703,0.5,0.034912,0.071197,,,,,,0.5
64,bern50,0.05,5.0,4096,0,dev_stl_00,RQL,15.4884,0.24544,,0.33489,0.00367,0.011354,0.24,0.001024,0.0,0.0,7.05,6.916,15.4734,1.0,0.212453,0.219079,0.0,0.999703,0.25,0.011135,0.011354,,,,,,0.25
64,bern50,0.05,5.0,4096,0,dev_stl_01,RQL,12.0653,0.11174,,0.46789,-0.01964,0.011354,0.23,0.001024,0.0,0.0,6.4,6.399,12.1821,64.0,0.222544,0.219079,0.0,0.999703,0.25,0.011135,0.011354,,,,,,0.25
64,bern50,0.05,5.0,4096,0,dev_stl_02,RQL,15.0717,0.13446,,0.37082,0.02731,0.011354,0.24,0.001024,0.0,0.0,3.81,3.806,14.9998,64.0,0.222449,0.219079,0.0,0.999703,0.25,0.011135,0.011354,,,,,,0.25
64,bern50,0.05,5.0,4096,0,dev_stl_03,RQL,13.9952,0.05749,,0.72426,0.01021,0.011354,0.24,0.001024,0.0,0.0,7.04,7.043,13.9662,50.466485,0.219725,0.219079,0.0,0.999703,0.25,0.011135,0.011354,,,,,,0.25
64,bern50,0.05,5.0,4096,0,dev_text,RQL,13.0845,0.04495,,0.97252,0.09344,0.011354,0.26,0.001024,0.0,0.0,5.09,5.091,13.0819,64.0,0.235361,0.219079,0.0,0.999703,0.25,0.011135,0.011354,,,,,,0.25
64,bern50,0.05,5.0,4096,0,dev_fine_lines,RQL,5.8151,0.00246,,0.77447,0.01118,0.011354,0.24,0.001024,0.0,0.0,4.65,4.653,5.8101,1.0,0.21323,0.219079,0.0,0.999703,0.25,0.011135,0.011354,,,,,,0.25
64,bern50,0.05,5.0,4096,1,dev_stl_00,RQL,14.8364,0.21521,,0.3558,-0.02657,0.01133,0.23,0.001024,0.0,0.0,3.81,3.81,14.9475,1.0,0.213639,0.219079,0.0,0.999709,0.25,0.011111,0.01133,,,,,,0.25
64,bern50,0.05,5.0,4096,1,dev_stl_01,RQL,12.6566,0.12038,,0.44352,0.00196,0.01133,0.24,0.001024,0.0,0.0,4.41,4.412,12.6467,1.0,0.218053,0.219079,0.0,0.999709,0.25,0.011111,0.01133,,,,,,0.25
64,bern50,0.05,5.0,4096,1,dev_stl_02,RQL,13.4057,0.16028,,0.44774,0.01066,0.01133,0.24,0.001024,0.0,0.0,5.26,5.259,13.3626,1.0,0.218183,0.219079,0.0,0.999709,0.25,0.011111,0.01133,,,,,,0.25
64,bern50,0.05,5.0,4096,1,dev_stl_03,RQL,14.2932,0.12334,,0.6975,-0.00012,0.01133,0.24,0.001024,0.0,0.0,5.33,5.326,14.2933,1.0,0.216157,0.219079,0.0,0.999709,0.25,0.011111,0.01133,,,,,,0.25
64,bern50,0.05,5.0,4096,1,dev_text,RQL,12.2293,0.53333,,1.07739,0.02579,0.01133,0.24,0.001024,0.0,0.0,12.84,12.844,12.1924,64.0,0.223214,0.219079,0.0,0.999709,0.25,0.011111,0.01133,,,,,,0.25
64,bern50,0.05,5.0,4096,1,dev_fine_lines,RQL,5.7826,0.00306,,0.78009,0.05522,0.01133,0.25,0.001024,0.0,0.0,4.17,4.168,5.7473,64.0,0.226893,0.219079,0.0,0.999709,0.25,0.011111,0.01133,,,,,,0.25
64,bern50,0.05,5.0,4096,0,dev_stl_00,RQL,18.0112,0.27466,,0.25015,0.00437,0.022708,0.24,0.001024,0.0,0.0,2.13,2.128,18.0074,1.0,0.212453,0.219079,0.0,0.999703,0.5,0.011135,0.022708,,,,,,0.5
64,bern50,0.05,5.0,4096,0,dev_stl_01,RQL,16.219,0.15322,,0.29466,-0.01933,0.022708,0.23,0.001024,0.0,0.0,3.16,3.162,16.1986,64.0,0.222544,0.219079,0.0,0.999703,0.5,0.011135,0.022708,,,,,,0.5
64,bern50,0.05,5.0,4096,0,dev_stl_02,RQL,15.1624,0.1422,,0.36464,0.0281,0.022708,0.24,0.001024,0.0,0.0,3.21,3.208,15.1459,64.0,0.222449,0.219079,0.0,0.999703,0.5,0.011135,0.022708,,,,,,0.5
64,bern50,0.05,5.0,4096,0,dev_stl_03,RQL,15.031,0.15265,,0.64059,0.01069,0.022708,0.24,0.001024,0.0,0.0,2.25,2.246,15.0326,50.466485,0.219725,0.219079,0.0,0.999703,0.5,0.011135,0.022708,,,,,,0.5
64,bern50,0.05,5.0,4096,0,dev_text,RQL,13.0729,0.0272,,0.97375,0.0942,0.022708,0.26,0.001024,0.0,0.0,2.82,2.823,13.0709,64.0,0.235361,0.219079,0.0,0.999703,0.5,0.011135,0.022708,,,,,,0.5
64,bern50,0.05,5.0,4096,0,dev_fine_lines,RQL,6.0543,0.00353,,0.75308,0.01188,0.022708,0.24,0.001024,0.0,0.0,2.06,2.06,6.0534,1.0,0.21323,0.219079,0.0,0.999703,0.5,0.011135,0.022708,,,,,,0.5
64,bern50,0.05,5.0,4096,1,dev_stl_00,RQL,18.2685,0.27287,,0.24384,-0.02588,0.02266,0.23,0.001024,0.0,0.0,3.64,3.636,18.2295,1.0,0.213639,0.219079,0.0,0.999709,0.5,0.011111,0.02266,,,,,,0.5
64,bern50,0.05,5.0,4096,1,dev_stl_01,RQL,16.0147,0.15289,,0.30098,0.0031,0.02266,0.24,0.001024,0.0,0.0,3.24,3.241,16.0142,1.0,0.218053,0.219079,0.0,0.999709,0.5,0.011111,0.02266,,,,,,0.5
64,bern50,0.05,5.0,4096,1,dev_stl_02,RQL,15.0237,0.14381,,0.36993,0.01177,0.02266,0.24,0.001024,0.0,0.0,3.63,3.624,15.0208,1.0,0.218183,0.219079,0.0,0.999709,0.5,0.011111,0.02266,,,,,,0.5
64,bern50,0.05,5.0,4096,1,dev_stl_03,RQL,14.7141,0.14715,,0.66451,0.00098,0.02266,0.24,0.001024,0.0,0.0,2.55,2.548,14.714,1.0,0.216157,0.219079,0.0,0.999709,0.5,0.011111,0.02266,,,,,,0.5
64,bern50,0.05,5.0,4096,1,dev_text,RQL,13.0722,0.02732,,0.97362,0.0247,0.02266,0.24,0.001024,0.0,0.0,3.41,3.409,13.0721,64.0,0.223214,0.219079,0.0,0.999709,0.5,0.011111,0.02266,,,,,,0.5
64,bern50,0.05,5.0,4096,1,dev_fine_lines,RQL,6.0786,0.00363,,0.75188,0.05606,0.02266,0.25,0.001024,0.0,0.0,2.66,2.66,6.0673,64.0,0.226893,0.219079,0.0,0.999709,0.5,0.011111,0.02266,,,,,,0.5
64,bern50,0.6,1000.0,4096,0,dev_stl_00,RQL,16.711,0.1352,,0.29042,3e-05,0.447514,374.94,0.20479999999999998,0.0,0.0,19.49,19.24,16.7109,1.08514,161.138805,146.579407,2e-05,0.999699,0.25,0.438883,0.447514,,,,,,0.25
64,bern50,0.6,1000.0,4096,0,dev_stl_01,RQL,15.4206,0.13497,,0.32221,-0.00059,0.447514,374.79,0.20479999999999998,0.0,0.0,21.5,21.495,15.4223,1.052064,160.695022,146.579407,2e-05,0.999699,0.25,0.438883,0.447514,,,,,,0.25
64,bern50,0.6,1000.0,4096,0,dev_stl_02,RQL,16.2587,0.1795,,0.32079,-0.0001,0.447514,374.89,0.20479999999999998,0.0,0.0,14.6,14.597,16.2588,1.291616,163.909098,146.579407,2e-05,0.999699,0.25,0.438883,0.447514,,,,,,0.25
64,bern50,0.6,1000.0,4096,0,dev_stl_03,RQL,16.807,0.31262,,0.52219,0.0005,0.447514,375.04,0.20479999999999998,0.0,0.0,10.14,10.142,16.8076,1.759847,170.19139,146.579407,2e-05,0.999699,0.25,0.438883,0.447514,,,,,,0.25
64,bern50,0.6,1000.0,4096,0,dev_text,RQL,17.4311,0.37942,,0.5906,-0.00356,0.447514,373.74,0.20479999999999998,0.0,0.0,13.64,13.637,17.414,19.990735,414.796376,146.579407,2e-05,0.999699,0.25,0.438883,0.447514,,,,,,0.25
64,bern50,0.6,1000.0,4096,0,dev_fine_lines,RQL,6.2186,0.02742,,0.73891,0.00082,0.447514,375.1,0.20479999999999998,0.0,0.0,16.01,16.011,6.2184,2.466126,179.667584,146.579407,2e-05,0.999699,0.25,0.438883,0.447514,,,,,,0.25
64,bern50,0.6,1000.0,4096,1,dev_stl_00,RQL,16.8615,0.18879,,0.28531,-0.00093,0.446578,374.73,0.20479999999999998,0.0,0.0,13.26,13.263,16.8652,1.0,158.012081,146.579407,2e-05,0.999711,0.25,0.437964,0.446578,,,,,,0.25
64,bern50,0.6,1000.0,4096,1,dev_stl_01,RQL,15.5701,0.15039,,0.31675,-0.00023,0.446578,374.86,0.20479999999999998,0.0,0.0,9.68,9.679,15.5707,1.191102,162.560685,146.579407,2e-05,0.999711,0.25,0.437964,0.446578,,,,,,0.25
64,bern50,0.6,1000.0,4096,1,dev_stl_02,RQL,16.4041,0.21658,,0.3155,0.00071,0.446578,375.08,0.20479999999999998,0.0,0.0,10.21,10.206,16.4033,1.0,158.626825,146.579407,2e-05,0.999711,0.25,0.437964,0.446578,,,,,,0.25
64,bern50,0.6,1000.0,4096,1,dev_stl_03,RQL,16.5817,0.29414,,0.53597,-0.00035,0.446578,374.83,0.20479999999999998,0.0,0.0,9.88,9.882,16.5814,1.801386,170.749007,146.579407,2e-05,0.999711,0.25,0.437964,0.446578,,,,,,0.25
64,bern50,0.6,1000.0,4096,1,dev_text,RQL,17.4046,0.35121,,0.59226,-0.0031,0.446578,374.26,0.20479999999999998,0.0,0.0,11.85,11.843,17.3896,19.553976,408.939454,146.579407,2e-05,0.999711,0.25,0.437964,0.446578,,,,,,0.25
64,bern50,0.6,1000.0,4096,1,dev_fine_lines,RQL,6.1721,0.02898,,0.74286,0.0001,0.446578,374.96,0.20479999999999998,0.0,0.0,9.3,9.302,6.1721,2.239101,176.62192,146.579407,2e-05,0.999711,0.25,0.437964,0.446578,,,,,,0.25
64,bern50,0.6,1000.0,4096,0,dev_stl_00,RQL,18.5056,0.25038,,0.23621,0.00011,0.895029,374.94,0.20479999999999998,0.0,0.0,7.44,7.44,18.5056,1.08514,161.138805,146.579407,2e-05,0.999699,0.5,0.438883,0.895029,,,,,,0.5
64,bern50,0.6,1000.0,4096,0,dev_stl_01,RQL,16.8126,0.16146,,0.27455,-0.00055,0.895029,374.79,0.20479999999999998,0.0,0.0,7.08,7.08,16.8124,1.052064,160.695022,146.579407,2e-05,0.999699,0.5,0.438883,0.895029,,,,,,0.5
64,bern50,0.6,1000.0,4096,0,dev_stl_02,RQL,16.7628,0.1802,,0.30271,-7e-05,0.895029,374.89,0.20479999999999998,0.0,0.0,6.58,6.584,16.7627,1.291616,163.909098,146.579407,2e-05,0.999699,0.5,0.438883,0.895029,,,,,,0.5
64,bern50,0.6,1000.0,4096,0,dev_stl_03,RQL,15.9371,0.22253,,0.5772,0.00055,0.895029,375.04,0.20479999999999998,0.0,0.0,6.35,6.347,15.9376,1.759847,170.19139,146.579407,2e-05,0.999699,0.5,0.438883,0.895029,,,,,,0.5
64,bern50,0.6,1000.0,4096,0,dev_text,RQL,15.0482,0.1692,,0.7762,-0.00417,0.895029,373.74,0.20479999999999998,0.0,0.0,7.41,7.406,15.0404,19.990735,414.796376,146.579407,2e-05,0.999699,0.5,0.438883,0.895029,,,,,,0.5
64,bern50,0.6,1000.0,4096,0,dev_fine_lines,RQL,6.2547,0.00751,,0.73583,0.00083,0.895029,375.1,0.20479999999999998,0.0,0.0,6.09,6.085,6.2547,2.466126,179.667584,146.579407,2e-05,0.999699,0.5,0.438883,0.895029,,,,,,0.5
64,bern50,0.6,1000.0,4096,1,dev_stl_00,RQL,18.5641,0.26029,,0.2346,-0.00092,0.893156,374.73,0.20479999999999998,0.0,0.0,6.15,6.144,18.5648,1.0,158.012081,146.579407,2e-05,0.999711,0.5,0.437964,0.893156,,,,,,0.5
64,bern50,0.6,1000.0,4096,1,dev_stl_01,RQL,16.8854,0.16843,,0.27226,-0.00032,0.893156,374.86,0.20479999999999998,0.0,0.0,6.14,6.142,16.8853,1.191102,162.560685,146.579407,2e-05,0.999711,0.5,0.437964,0.893156,,,,,,0.5
64,bern50,0.6,1000.0,4096,1,dev_stl_02,RQL,16.7272,0.19614,,0.30392,0.00067,0.893156,375.08,0.20479999999999998,0.0,0.0,5.22,5.214,16.728,1.0,158.626825,146.579407,2e-05,0.999711,0.5,0.437964,0.893156,,,,,,0.5
64,bern50,0.6,1000.0,4096,1,dev_stl_03,RQL,15.767,0.20311,,0.58867,-0.00045,0.893156,374.83,0.20479999999999998,0.0,0.0,5.32,5.317,15.7666,1.801386,170.749007,146.579407,2e-05,0.999711,0.5,0.437964,0.893156,,,,,,0.5
64,bern50,0.6,1000.0,4096,1,dev_text,RQL,15.0878,0.16404,,0.77251,-0.00312,0.893156,374.26,0.20479999999999998,0.0,0.0,6.28,6.275,15.0817,19.553976,408.939454,146.579407,2e-05,0.999711,0.5,0.437964,0.893156,,,,,,0.5
64,bern50,0.6,1000.0,4096,1,dev_fine_lines,RQL,6.2284,0.0082,,0.73806,9e-05,0.893156,374.96,0.20479999999999998,0.0,0.0,5.22,5.217,6.2284,2.239101,176.62192,146.579407,2e-05,0.999711,0.5,0.437964,0.893156,,,,,,0.5
64,bern50,0.6,100.0,4096,0,dev_stl_00,RQL,15.2163,0.18733,,0.34562,0.0029,0.141929,37.56,0.020479999999999998,0.0,0.0,8.36,8.257,15.1995,8.374046,15.874611,14.743469,2e-06,0.999696,0.25,0.139191,0.141929,,,,,,0.25
64,bern50,0.6,100.0,4096,0,dev_stl_01,RQL,15.2664,0.16575,,0.32858,0.00739,0.141929,37.66,0.020479999999999998,0.0,0.0,8.21,8.21,15.2521,1.0,14.572144,14.743469,2e-06,0.999696,0.25,0.139191,0.141929,,,,,,0.25
64,bern50,0.6,100.0,4096,0,dev_stl_02,RQL,13.6398,0.14266,,0.43456,0.00583,0.141929,37.63,0.020479999999999998,0.0,0.0,8.04,8.043,13.6222,6.913066,15.677266,14.743469,2e-06,0.999696,0.25,0.139191,0.141929,,,,,,0.25
64,bern50,0.6,100.0,4096,0,dev_stl_03,RQL,15.3586,0.17358,,0.61693,0.00287,0.141929,37.56,0.020479999999999998,0.0,0.0,13.83,13.829,15.3594,6.695712,15.647907,14.743469,2e-06,0.999696,0.25,0.139191,0.141929,,,,,,0.25
64,bern50,0.6,100.0,4096,0,dev_text,RQL,14.0042,0.10728,,0.87469,-0.00189,0.141929,37.44,0.020479999999999998,0.0,0.0,18.05,18.046,14.0028,19.17875,17.334079,14.743469,2e-06,0.999696,0.25,0.139191,0.141929,,,,,,0.25
64,bern50,0.6,100.0,4096,0,dev_fine_lines,RQL,6.0705,0.00804,,0.75167,0.00346,0.141929,37.57,0.020479999999999998,0.0,0.0,16.93,16.931,6.0697,6.774676,15.658573,14.743469,2e-06,0.999696,0.25,0.139191,0.141929,,,,,,0.25
64,bern50,0.6,100.0,4096,1,dev_stl_00,RQL,17.2362,0.23852,,0.27358,0.00156,0.141632,37.53,0.020479999999999998,0.0,0.0,12.75,12.751,17.2299,1.0,14.656571,14.743469,2e-06,0.999702,0.25,0.1389,0.141632,,,,,,0.25
64,bern50,0.6,100.0,4096,1,dev_stl_01,RQL,14.6695,0.12488,,0.35183,0.00274,0.141632,37.56,0.020479999999999998,0.0,0.0,7.83,7.826,14.6584,1.0,14.608327,14.743469,2e-06,0.999702,0.25,0.1389,0.141632,,,,,,0.25
64,bern50,0.6,100.0,4096,1,dev_stl_02,RQL,14.618,0.14842,,0.38756,0.00085,0.141632,37.51,0.020479999999999998,0.0,0.0,7.57,7.569,14.6164,5.083504,15.430139,14.743469,2e-06,0.999702,0.25,0.1389,0.141632,,,,,,0.25
64,bern50,0.6,100.0,4096,1,dev_stl_03,RQL,15.3222,0.18146,,0.61953,0.0044,0.141632,37.6,0.020479999999999998,0.0,0.0,7.41,7.408,15.3229,5.296057,15.45885,14.743469,2e-06,0.999702,0.25,0.1389,0.141632,,,,,,0.25
64,bern50,0.6,100.0,4096,1,dev_text,RQL,13.9301,0.08931,,0.88175,0.00371,0.141632,37.58,0.020479999999999998,0.0,0.0,8.68,8.678,13.9329,17.613427,17.122655,14.743469,2e-06,0.999702,0.25,0.1389,0.141632,,,,,,0.25
64,bern50,0.6,100.0,4096,1,dev_fine_lines,RQL,6.0729,0.00708,,0.75142,0.00173,0.141632,37.53,0.020479999999999998,0.0,0.0,12.93,12.926,6.0726,1.0,14.82822,14.743469,2e-06,0.999702,0.25,0.1389,0.141632,,,,,,0.25
64,bern50,0.6,100.0,4096,0,dev_stl_00,RQL,18.7194,0.2651,,0.23051,0.00307,0.283857,37.56,0.020479999999999998,0.0,0.0,9.01,9.011,18.7176,8.374046,15.874611,14.743469,2e-06,0.999696,0.5,0.139191,0.283857,,,,,,0.5
64,bern50,0.6,100.0,4096,0,dev_stl_01,RQL,15.9671,0.15413,,0.30272,0.00737,0.283857,37.66,0.020479999999999998,0.0,0.0,5.82,5.819,15.9642,1.0,14.572144,14.743469,2e-06,0.999696,0.5,0.139191,0.283857,,,,,,0.5
64,bern50,0.6,100.0,4096,0,dev_stl_02,RQL,14.9107,0.15412,,0.3748,0.00585,0.283857,37.63,0.020479999999999998,0.0,0.0,5.55,5.546,14.9072,6.913066,15.677266,14.743469,2e-06,0.999696,0.5,0.139191,0.283857,,,,,,0.5
64,bern50,0.6,100.0,4096,0,dev_stl_03,RQL,14.9641,0.15144,,0.64562,0.00296,0.283857,37.56,0.020479999999999998,0.0,0.0,5.43,5.428,14.9645,6.695712,15.647907,14.743469,2e-06,0.999696,0.5,0.139191,0.283857,,,,,,0.5
64,bern50,0.6,100.0,4096,0,dev_text,RQL,13.4175,0.04417,,0.93573,-0.00211,0.283857,37.44,0.020479999999999998,0.0,0.0,6.52,6.523,13.4168,19.17875,17.334079,14.743469,2e-06,0.999696,0.5,0.139191,0.283857,,,,,,0.5
64,bern50,0.6,100.0,4096,0,dev_fine_lines,RQL,6.1486,0.00427,,0.74486,0.00353,0.283857,37.57,0.020479999999999998,0.0,0.0,5.42,5.42,6.1487,6.774676,15.658573,14.743469,2e-06,0.999696,0.5,0.139191,0.283857,,,,,,0.5
64,bern50,0.6,100.0,4096,1,dev_stl_00,RQL,18.8198,0.27891,,0.22781,0.0017,0.283264,37.53,0.020479999999999998,0.0,0.0,5.59,5.587,18.8199,1.0,14.656571,14.743469,2e-06,0.999702,0.5,0.1389,0.283264,,,,,,0.5
64,bern50,0.6,100.0,4096,1,dev_stl_01,RQL,16.2857,0.15979,,0.29176,0.0029,0.283264,37.56,0.020479999999999998,0.0,0.0,5.62,5.622,16.2844,1.0,14.608327,14.743469,2e-06,0.999702,0.5,0.1389,0.283264,,,,,,0.5
64,bern50,0.6,100.0,4096,1,dev_stl_02,RQL,15.0394,0.13886,,0.36914,0.00088,0.283264,37.51,0.020479999999999998,0.0,0.0,5.29,5.286,15.0394,5.083504,15.430139,14.743469,2e-06,0.999702,0.5,0.1389,0.283264,,,,,,0.5
64,bern50,0.6,100.0,4096,1,dev_stl_03,RQL,15.0363,0.15713,,0.64025,0.00444,0.283264,37.6,0.020479999999999998,0.0,0.0,5.11,5.113,15.0372,5.296057,15.45885,14.743469,2e-06,0.999702,0.5,0.1389,0.283264,,,,,,0.5
64,bern50,0.6,100.0,4096,1,dev_text,RQL,13.3742,0.04168,,0.94021,0.00384,0.283264,37.58,0.020479999999999998,0.0,0.0,6.07,6.068,13.3753,17.613427,17.122655,14.743469,2e-06,0.999702,0.5,0.1389,0.283264,,,,,,0.5
64,bern50,0.6,100.0,4096,1,dev_fine_lines,RQL,6.1223,0.00416,,0.74713,0.00177,0.283264,37.53,0.020479999999999998,0.0,0.0,5.48,5.48,6.1223,1.0,14.82822,14.743469,2e-06,0.999702,0.5,0.1389,0.283264,,,,,,0.5
64,bern50,0.6,10.0,4096,0,dev_stl_00,RQL,15.6098,0.20545,,0.33643,0.03073,0.046165,3.82,0.002048,0.0,0.0,8.15,8.058,15.4336,15.45327,1.582177,1.559875,0.0,0.999691,0.25,0.045275,0.046165,,,,,,0.25
64,bern50,0.6,10.0,4096,0,dev_stl_01,RQL,13.2036,0.12393,,0.42397,0.0373,0.046165,3.84,0.002048,0.0,0.0,6.8,6.801,13.0384,48.813419,1.630319,1.559875,0.0,0.999691,0.25,0.045275,0.046165,,,,,,0.25
64,bern50,0.6,10.0,4096,0,dev_stl_02,RQL,13.0437,0.1605,,0.47166,0.02892,0.046165,3.82,0.002048,0.0,0.0,7.42,7.423,12.9107,1.0,1.523078,1.559875,0.0,0.999691,0.25,0.045275,0.046165,,,,,,0.25
64,bern50,0.6,10.0,4096,0,dev_stl_03,RQL,14.9576,0.15776,,0.64717,0.03005,0.046165,3.82,0.002048,0.0,0.0,6.98,6.981,14.9438,1.0,1.539744,1.559875,0.0,0.999691,0.25,0.045275,0.046165,,,,,,0.25
64,bern50,0.6,10.0,4096,0,dev_text,RQL,13.263,0.06386,,0.952,0.0328,0.046165,3.82,0.002048,0.0,0.0,6.95,6.95,13.2671,24.843291,1.595728,1.559875,0.0,0.999691,0.25,0.045275,0.046165,,,,,,0.25
64,bern50,0.6,10.0,4096,0,dev_fine_lines,RQL,5.9121,0.0046,,0.76602,0.01207,0.046165,3.78,0.002048,0.0,0.0,6.56,6.555,5.9054,14.865635,1.581328,1.559875,0.0,0.999691,0.25,0.045275,0.046165,,,,,,0.25
64,bern50,0.6,10.0,4096,1,dev_stl_00,RQL,14.4682,0.24142,,0.38601,0.03409,0.046069,3.83,0.002048,0.0,0.0,6.45,6.448,14.2396,1.0,1.554765,1.559875,0.0,0.999703,0.25,0.04518,0.046069,,,,,,0.25
64,bern50,0.6,10.0,4096,1,dev_stl_01,RQL,14.1926,0.11648,,0.37434,0.01745,0.046069,3.79,0.002048,0.0,0.0,5.53,5.528,14.1196,1.0,1.487128,1.559875,0.0,0.999703,0.25,0.04518,0.046069,,,,,,0.25
64,bern50,0.6,10.0,4096,1,dev_stl_02,RQL,12.9028,0.1275,,0.48163,0.03914,0.046069,3.84,0.002048,0.0,0.0,6.72,6.717,12.729,25.552463,1.596751,1.559875,0.0,0.999703,0.25,0.04518,0.046069,,,,,,0.25
64,bern50,0.6,10.0,4096,1,dev_stl_03,RQL,14.5396,0.12913,,0.67977,0.02645,0.046069,3.81,0.002048,0.0,0.0,6.19,6.192,14.5169,15.773866,1.582639,1.559875,0.0,0.999703,0.25,0.04518,0.046069,,,,,,0.25
64,bern50,0.6,10.0,4096,1,dev_text,RQL,13.333,0.04103,,0.94431,0.021,0.046069,3.8,0.002048,0.0,0.0,6.81,6.809,13.3375,59.240338,1.645368,1.559875,0.0,0.999703,0.25,0.04518,0.046069,,,,,,0.25
64,bern50,0.6,10.0,4096,1,dev_fine_lines,RQL,6.0135,0.00563,,0.75795,0.03791,0.046069,3.84,0.002048,0.0,0.0,5.82,5.82,5.9974,13.261605,1.579014,1.559875,0.0,0.999703,0.25,0.04518,0.046069,,,,,,0.25
64,bern50,0.6,10.0,4096,0,dev_stl_00,RQL,18.4898,0.26864,,0.23874,0.03099,0.092331,3.82,0.002048,0.0,0.0,3.43,3.429,18.4132,15.45327,1.582177,1.559875,0.0,0.999691,0.5,0.045275,0.092331,,,,,,0.5
64,bern50,0.6,10.0,4096,0,dev_stl_01,RQL,15.3025,0.14807,,0.32993,0.03747,0.092331,3.84,0.002048,0.0,0.0,3.3,3.302,15.2164,48.813419,1.630319,1.559875,0.0,0.999691,0.5,0.045275,0.092331,,,,,,0.5
64,bern50,0.6,10.0,4096,0,dev_stl_02,RQL,14.968,0.14197,,0.37341,0.02914,0.092331,3.82,0.002048,0.0,0.0,4.35,4.348,14.9395,1.0,1.523078,1.559875,0.0,0.999691,0.5,0.045275,0.092331,,,,,,0.5
64,bern50,0.6,10.0,4096,0,dev_stl_03,RQL,14.7956,0.14896,,0.65864,0.03023,0.092331,3.82,0.002048,0.0,0.0,4.73,4.733,14.7912,1.0,1.539744,1.559875,0.0,0.999691,0.5,0.045275,0.092331,,,,,,0.5
64,bern50,0.6,10.0,4096,0,dev_text,RQL,13.0836,0.02807,,0.97232,0.03277,0.092331,3.82,0.002048,0.0,0.0,4.47,4.467,13.0837,24.843291,1.595728,1.559875,0.0,0.999691,0.5,0.045275,0.092331,,,,,,0.5
64,bern50,0.6,10.0,4096,0,dev_fine_lines,RQL,6.1377,0.00377,,0.74581,0.01212,0.092331,3.78,0.002048,0.0,0.0,4.63,4.629,6.1377,14.865635,1.581328,1.559875,0.0,0.999691,0.5,0.045275,0.092331,,,,,,0.5
64,bern50,0.6,10.0,4096,1,dev_stl_00,RQL,18.4145,0.27635,,0.24105,0.03432,0.092137,3.83,0.002048,0.0,0.0,4.75,4.746,18.3293,1.0,1.554765,1.559875,0.0,0.999703,0.5,0.04518,0.092137,,,,,,0.5
64,bern50,0.6,10.0,4096,1,dev_stl_01,RQL,16.0274,0.1526,,0.30097,0.01772,0.092137,3.79,0.002048,0.0,0.0,4.69,4.688,16.0146,1.0,1.487128,1.559875,0.0,0.999703,0.5,0.04518,0.092137,,,,,,0.5
64,bern50,0.6,10.0,4096,1,dev_stl_02,RQL,15.1494,0.14236,,0.36647,0.03933,0.092137,3.84,0.002048,0.0,0.0,3.71,3.706,15.1023,25.552463,1.596751,1.559875,0.0,0.999703,0.5,0.04518,0.092137,,,,,,0.5
64,bern50,0.6,10.0,4096,1,dev_stl_03,RQL,14.7738,0.14739,,0.66025,0.02656,0.092137,3.81,0.002048,0.0,0.0,4.78,4.784,14.7699,15.773866,1.582639,1.559875,0.0,0.999703,0.5,0.04518,0.092137,,,,,,0.5
64,bern50,0.6,10.0,4096,1,dev_text,RQL,13.0741,0.02726,,0.9734,0.02125,0.092137,3.8,0.002048,0.0,0.0,4.5,4.497,13.074,59.240338,1.645368,1.559875,0.0,0.999703,0.5,0.04518,0.092137,,,,,,0.5
64,bern50,0.6,10.0,4096,1,dev_fine_lines,RQL,6.1005,0.00369,,0.7494,0.03809,0.092137,3.84,0.002048,0.0,0.0,4.33,4.331,6.096,13.261605,1.579014,1.559875,0.0,0.999703,0.5,0.04518,0.092137,,,,,,0.5
64,bern50,0.6,2000.0,4096,0,dev_stl_00,RQL,17.0929,0.1453,,0.27805,0.00103,0.632778,750.3,0.40959999999999996,0.0,0.0,15.2,15.089,17.0891,1.153414,354.942076,293.063782,3.9e-05,0.999696,0.25,0.620573,0.632778,,,,,,0.25
64,bern50,0.6,2000.0,4096,0,dev_stl_01,RQL,15.7003,0.19767,,0.31197,-0.0008,0.632778,749.47,0.40959999999999996,0.0,0.0,10.14,10.133,15.7028,1.41105,368.763755,293.063782,3.9e-05,0.999696,0.25,0.620573,0.632778,,,,,,0.25
64,bern50,0.6,2000.0,4096,0,dev_stl_02,RQL,17.0661,0.30446,,0.29231,-0.00022,0.632778,749.78,0.40959999999999996,0.0,0.0,9.84,9.835,17.0664,1.132286,353.808634,293.063782,3.9e-05,0.999696,0.25,0.620573,0.632778,,,,,,0.25
64,bern50,0.6,2000.0,4096,0,dev_stl_03,RQL,17.6758,0.40655,,0.47244,0.00065,0.632778,750.17,0.40959999999999996,0.0,0.0,10.21,10.204,17.6771,1.387464,367.49842,293.063782,3.9e-05,0.999696,0.25,0.620573,0.632778,,,,,,0.25
64,bern50,0.6,2000.0,4096,0,dev_text,RQL,19.0783,0.48898,,0.48901,-0.00331,0.632778,747.3,0.40959999999999996,0.0,0.0,22.59,22.589,19.0534,19.76562,1353.449007,293.063782,3.9e-05,0.999696,0.25,0.620573,0.632778,,,,,,0.25
64,bern50,0.6,2000.0,4096,0,dev_fine_lines,RQL,6.2762,0.04999,,0.73402,0.00049,0.632778,749.99,0.40959999999999996,0.0,0.0,10.16,10.16,6.2761,2.367149,420.056512,293.063782,3.9e-05,0.999696,0.25,0.620573,0.632778,,,,,,0.25
64,bern50,0.6,2000.0,4096,1,dev_stl_00,RQL,16.0242,0.1442,,0.31441,0.00058,0.631454,750.08,0.40959999999999996,0.0,0.0,9.39,9.39,16.0215,1.159824,355.286287,293.063782,3.9e-05,0.9997,0.25,0.619275,0.631454,,,,,,0.25
64,bern50,0.6,2000.0,4096,1,dev_stl_01,RQL,16.1276,0.22052,,0.29709,0.00013,0.631454,749.92,0.40959999999999996,0.0,0.0,9.45,9.445,16.1271,1.517375,374.468267,293.063782,3.9e-05,0.9997,0.25,0.619275,0.631454,,,,,,0.25
64,bern50,0.6,2000.0,4096,1,dev_stl_02,RQL,16.3959,0.22034,,0.31577,0.00024,0.631454,749.99,0.40959999999999996,0.0,0.0,9.3,9.295,16.3957,1.0,343.091834,293.063782,3.9e-05,0.9997,0.25,0.619275,0.631454,,,,,,0.25
64,bern50,0.6,2000.0,4096,1,dev_stl_03,RQL,17.7447,0.40324,,0.4688,-0.00013,0.631454,749.85,0.40959999999999996,0.0,0.0,8.77,8.769,17.7444,1.932073,396.716076,293.063782,3.9e-05,0.9997,0.25,0.619275,0.631454,,,,,,0.25
64,bern50,0.6,2000.0,4096,1,dev_text,RQL,18.6282,0.42928,,0.51432,-0.0019,0.631454,749.03,0.40959999999999996,0.0,0.0,12.37,12.369,18.6151,18.718923,1297.300807,293.063782,3.9e-05,0.9997,0.25,0.619275,0.631454,,,,,,0.25
64,bern50,0.6,2000.0,4096,1,dev_fine_lines,RQL,6.1923,0.05051,,0.74115,0.00089,0.631454,750.27,0.40959999999999996,0.0,0.0,7.48,7.47,6.1921,2.191308,410.623593,293.063782,3.9e-05,0.9997,0.25,0.619275,0.631454,,,,,,0.25
64,bern50,0.6,2000.0,4096,0,dev_stl_00,RQL,18.9837,0.26482,,0.22356,0.00105,1.265556,750.3,0.40959999999999996,0.0,0.0,6.81,6.806,18.9836,1.153414,354.942076,293.063782,3.9e-05,0.999696,0.5,0.620573,1.265556,,,,,,0.5
64,bern50,0.6,2000.0,4096,0,dev_stl_01,RQL,16.7782,0.17699,,0.27564,-0.00075,1.265556,749.47,0.40959999999999996,0.0,0.0,6.2,6.204,16.7782,1.41105,368.763755,293.063782,3.9e-05,0.999696,0.5,0.620573,1.265556,,,,,,0.5
64,bern50,0.6,2000.0,4096,0,dev_stl_02,RQL,17.7552,0.24784,,0.27003,-0.00016,1.265556,749.78,0.40959999999999996,0.0,0.0,5.96,5.961,17.7549,1.132286,353.808634,293.063782,3.9e-05,0.999696,0.5,0.620573,1.265556,,,,,,0.5
64,bern50,0.6,2000.0,4096,0,dev_stl_03,RQL,16.5319,0.2622,,0.53897,0.00071,1.265556,750.17,0.40959999999999996,0.0,0.0,5.94,5.942,16.5329,1.387464,367.49842,293.063782,3.9e-05,0.999696,0.5,0.620573,1.265556,,,,,,0.5
64,bern50,0.6,2000.0,4096,0,dev_text,RQL,16.2637,0.25813,,0.67532,-0.00417,1.265556,747.3,0.40959999999999996,0.0,0.0,7.88,7.879,16.2496,19.76562,1353.449007,293.063782,3.9e-05,0.999696,0.5,0.620573,1.265556,,,,,,0.5
64,bern50,0.6,2000.0,4096,0,dev_fine_lines,RQL,6.2586,0.01006,,0.7355,0.00039,1.265556,749.99,0.40959999999999996,0.0,0.0,6.35,6.349,6.2586,2.367149,420.056512,293.063782,3.9e-05,0.999696,0.5,0.620573,1.265556,,,,,,0.5
64,bern50,0.6,2000.0,4096,1,dev_stl_00,RQL,18.5647,0.26875,,0.23462,0.00044,1.262908,750.08,0.40959999999999996,0.0,0.0,5.05,5.054,18.5644,1.159824,355.286287,293.063782,3.9e-05,0.9997,0.5,0.619275,1.262908,,,,,,0.5
64,bern50,0.6,2000.0,4096,1,dev_stl_01,RQL,17.1041,0.1826,,0.26549,0.0001,1.262908,749.92,0.40959999999999996,0.0,0.0,4.95,4.955,17.1041,1.517375,374.468267,293.063782,3.9e-05,0.9997,0.5,0.619275,1.262908,,,,,,0.5
64,bern50,0.6,2000.0,4096,1,dev_stl_02,RQL,17.0957,0.21821,,0.29131,0.00025,1.262908,749.99,0.40959999999999996,0.0,0.0,4.98,4.984,17.0961,1.0,343.091834,293.063782,3.9e-05,0.9997,0.5,0.619275,1.262908,,,,,,0.5
64,bern50,0.6,2000.0,4096,1,dev_stl_03,RQL,16.7545,0.28521,,0.5254,-9e-05,1.262908,749.85,0.40959999999999996,0.0,0.0,4.97,4.967,16.7543,1.932073,396.716076,293.063782,3.9e-05,0.9997,0.5,0.619275,1.262908,,,,,,0.5
64,bern50,0.6,2000.0,4096,1,dev_text,RQL,16.0988,0.23541,,0.68767,-0.00201,1.262908,749.03,0.40959999999999996,0.0,0.0,5.56,5.556,16.0922,18.718923,1297.300807,293.063782,3.9e-05,0.9997,0.5,0.619275,1.262908,,,,,,0.5
64,bern50,0.6,2000.0,4096,1,dev_fine_lines,RQL,6.2193,0.01053,,0.73882,0.00089,1.262908,750.27,0.40959999999999996,0.0,0.0,4.74,4.739,6.2194,2.191308,410.623593,293.063782,3.9e-05,0.9997,0.5,0.619275,1.262908,,,,,,0.5
64,bern50,0.6,200.0,4096,0,dev_stl_00,RQL,16.1543,0.18058,,0.30998,0.00264,0.200394,75.11,0.040959999999999996,0.0,0.0,9.54,9.429,16.145,1.24475,30.061945,29.391907,4e-06,0.999695,0.25,0.196529,0.200394,,,,,,0.25
64,bern50,0.6,200.0,4096,0,dev_stl_01,RQL,15.5171,0.1754,,0.31871,-0.0,0.200394,74.99,0.040959999999999996,0.0,0.0,8.85,8.849,15.5171,1.0,29.126804,29.391907,4e-06,0.999695,0.25,0.196529,0.200394,,,,,,0.25
64,bern50,0.6,200.0,4096,0,dev_stl_02,RQL,15.606,0.19591,,0.34609,0.00417,0.200394,75.18,0.040959999999999996,0.0,0.0,9.35,9.344,15.5995,1.762249,30.34051,29.391907,4e-06,0.999695,0.25,0.196529,0.200394,,,,,,0.25
64,bern50,0.6,200.0,4096,0,dev_stl_03,RQL,15.7185,0.18299,,0.59194,0.00359,0.200394,75.15,0.040959999999999996,0.0,0.0,17.27,17.265,15.7186,2.493863,30.734331,29.391907,4e-06,0.999695,0.25,0.196529,0.200394,,,,,,0.25
64,bern50,0.6,200.0,4096,0,dev_text,RQL,14.5935,0.16636,,0.81772,-0.00426,0.200394,74.75,0.040959999999999996,0.0,0.0,19.82,19.813,14.5877,17.420829,38.769384,29.391907,4e-06,0.999695,0.25,0.196529,0.200394,,,,,,0.25
64,bern50,0.6,200.0,4096,0,dev_fine_lines,RQL,6.1909,0.01248,,0.74121,-0.00201,0.200394,74.89,0.040959999999999996,0.0,0.0,16.68,16.676,6.1914,3.872234,31.476296,29.391907,4e-06,0.999695,0.25,0.196529,0.200394,,,,,,0.25
64,bern50,0.6,200.0,4096,1,dev_stl_00,RQL,15.9704,0.12806,,0.31667,0.00297,0.199975,75.13,0.040959999999999996,0.0,0.0,9.02,9.017,15.9595,1.0,28.163995,29.391907,4e-06,0.999704,0.25,0.196117,0.199975,,,,,,0.25
64,bern50,0.6,200.0,4096,1,dev_stl_01,RQL,15.4066,0.13568,,0.32297,0.00228,0.199975,75.1,0.040959999999999996,0.0,0.0,8.17,8.167,15.4016,1.0,29.143943,29.391907,4e-06,0.999704,0.25,0.196117,0.199975,,,,,,0.25
64,bern50,0.6,200.0,4096,1,dev_stl_02,RQL,16.0348,0.19804,,0.32923,0.00167,0.199975,75.07,0.040959999999999996,0.0,0.0,8.35,8.355,16.0333,1.0,28.850069,29.391907,4e-06,0.999704,0.25,0.196117,0.199975,,,,,,0.25
64,bern50,0.6,200.0,4096,1,dev_stl_03,RQL,15.1496,0.17454,,0.63201,0.00067,0.199975,75.02,0.040959999999999996,0.0,0.0,7.87,7.868,15.1496,1.0,29.534009,29.391907,4e-06,0.999704,0.25,0.196117,0.199975,,,,,,0.25
64,bern50,0.6,200.0,4096,1,dev_text,RQL,14.56,0.14788,,0.82094,-0.00476,0.199975,74.77,0.040959999999999996,0.0,0.0,14.81,14.808,14.5535,19.138756,39.694221,29.391907,4e-06,0.999704,0.25,0.196117,0.199975,,,,,,0.25
64,bern50,0.6,200.0,4096,1,dev_fine_lines,RQL,6.1063,0.01047,,0.74852,0.00044,0.199975,75.01,0.040959999999999996,0.0,0.0,10.85,10.848,6.1062,2.706329,30.848712,29.391907,4e-06,0.999704,0.25,0.196117,0.199975,,,,,,0.25
64,bern50,0.6,200.0,4096,0,dev_stl_00,RQL,17.7449,0.25833,,0.25792,0.00273,0.400788,75.11,0.040959999999999996,0.0,0.0,6.17,6.169,17.7418,1.24475,30.061945,29.391907,4e-06,0.999695,0.5,0.196529,0.400788,,,,,,0.5
64,bern50,0.6,200.0,4096,0,dev_stl_01,RQL,16.4232,0.16104,,0.28714,0.00011,0.400788,74.99,0.040959999999999996,0.0,0.0,6.31,6.305,16.4232,1.0,29.126804,29.391907,4e-06,0.999695,0.5,0.196529,0.400788,,,,,,0.5
64,bern50,0.6,200.0,4096,0,dev_stl_02,RQL,15.8378,0.15879,,0.33663,0.00419,0.400788,75.18,0.040959999999999996,0.0,0.0,6.21,6.208,15.8402,1.762249,30.34051,29.391907,4e-06,0.999695,0.5,0.196529,0.400788,,,,,,0.5
64,bern50,0.6,200.0,4096,0,dev_stl_03,RQL,15.3674,0.16568,,0.61627,0.0036,0.400788,75.15,0.040959999999999996,0.0,0.0,6.09,6.09,15.3687,2.493863,30.734331,29.391907,4e-06,0.999695,0.5,0.196529,0.400788,,,,,,0.5
64,bern50,0.6,200.0,4096,0,dev_text,RQL,13.7361,0.06458,,0.90225,-0.00463,0.400788,74.75,0.040959999999999996,0.0,0.0,7.17,7.171,13.7332,17.420829,38.769384,29.391907,4e-06,0.999695,0.5,0.196529,0.400788,,,,,,0.5
64,bern50,0.6,200.0,4096,0,dev_fine_lines,RQL,6.2436,0.00576,,0.73678,-0.00198,0.400788,74.89,0.040959999999999996,0.0,0.0,5.7,5.703,6.2434,3.872234,31.476296,29.391907,4e-06,0.999695,0.5,0.196529,0.400788,,,,,,0.5
64,bern50,0.6,200.0,4096,1,dev_stl_00,RQL,18.3112,0.2639,,0.24159,0.00299,0.399949,75.13,0.040959999999999996,0.0,0.0,5.92,5.917,18.3099,1.0,28.163995,29.391907,4e-06,0.999704,0.5,0.196117,0.399949,,,,,,0.5
64,bern50,0.6,200.0,4096,1,dev_stl_01,RQL,16.3426,0.16096,,0.28981,0.00233,0.399949,75.1,0.040959999999999996,0.0,0.0,5.34,5.338,16.3427,1.0,29.143943,29.391907,4e-06,0.999704,0.5,0.196117,0.399949,,,,,,0.5
64,bern50,0.6,200.0,4096,1,dev_stl_02,RQL,15.8525,0.15874,,0.33611,0.0017,0.399949,75.07,0.040959999999999996,0.0,0.0,5.94,5.942,15.8536,1.0,28.850069,29.391907,4e-06,0.999704,0.5,0.196117,0.399949,,,,,,0.5
64,bern50,0.6,200.0,4096,1,dev_stl_03,RQL,14.8066,0.14545,,0.65747,0.00074,0.399949,75.02,0.040959999999999996,0.0,0.0,5.74,5.739,14.8066,1.0,29.534009,29.391907,4e-06,0.999704,0.5,0.196117,0.399949,,,,,,0.5
64,bern50,0.6,200.0,4096,1,dev_text,RQL,13.7032,0.06221,,0.90567,-0.00477,0.399949,74.77,0.040959999999999996,0.0,0.0,5.89,5.892,13.7004,19.138756,39.694221,29.391907,4e-06,0.999704,0.5,0.196117,0.399949,,,,,,0.5
64,bern50,0.6,200.0,4096,1,dev_fine_lines,RQL,6.1872,0.00563,,0.74157,0.00046,0.399949,75.01,0.040959999999999996,0.0,0.0,4.77,4.767,6.1872,2.706329,30.848712,29.391907,4e-06,0.999704,0.5,0.196117,0.399949,,,,,,0.5
64,bern50,0.6,20.0,4096,0,dev_stl_00,RQL,16.023,0.24716,,0.31683,0.01386,0.064285,7.56,0.004096,0.0,0.0,8.69,8.556,15.9551,1.0,2.952065,3.024719,0.0,0.999695,0.25,0.063046,0.064285,,,,,,0.25
64,bern50,0.6,20.0,4096,0,dev_stl_01,RQL,13.6999,0.08895,,0.39588,0.01988,0.064285,7.59,0.004096,0.0,0.0,7.32,7.317,13.6337,1.0,2.985583,3.024719,0.0,0.999695,0.25,0.063046,0.064285,,,,,,0.25
64,bern50,0.6,20.0,4096,0,dev_stl_02,RQL,13.65,0.14278,,0.43533,0.01739,0.064285,7.58,0.004096,0.0,0.0,7.3,7.302,13.6069,18.110508,3.125518,3.024719,0.0,0.999695,0.25,0.063046,0.064285,,,,,,0.25
64,bern50,0.6,20.0,4096,0,dev_stl_03,RQL,15.1412,0.15095,,0.63275,0.02529,0.064285,7.62,0.004096,0.0,0.0,7.24,7.241,15.1395,1.0,2.90355,3.024719,0.0,0.999695,0.25,0.063046,0.064285,,,,,,0.25
64,bern50,0.6,20.0,4096,0,dev_text,RQL,13.4911,0.06974,,0.92695,0.02196,0.064285,7.6,0.004096,0.0,0.0,7.97,7.973,13.4987,8.40631,3.071507,3.024719,0.0,0.999695,0.25,0.063046,0.064285,,,,,,0.25
64,bern50,0.6,20.0,4096,0,dev_fine_lines,RQL,5.9936,0.00543,,0.75884,0.01784,0.064285,7.58,0.004096,0.0,0.0,6.85,6.853,5.9872,1.568906,3.033451,3.024719,0.0,0.999695,0.25,0.063046,0.064285,,,,,,0.25
64,bern50,0.6,20.0,4096,1,dev_stl_00,RQL,17.2137,0.25612,,0.27669,0.02271,0.064151,7.6,0.004096,0.0,0.0,6.65,6.647,17.1317,1.0,2.983935,3.024719,0.0,0.999703,0.25,0.062914,0.064151,,,,,,0.25
64,bern50,0.6,20.0,4096,1,dev_stl_01,RQL,15.6179,0.12214,,0.31561,0.00546,0.064151,7.52,0.004096,0.0,0.0,6.64,6.644,15.6019,1.0,2.998754,3.024719,0.0,0.999703,0.25,0.062914,0.064151,,,,,,0.25
64,bern50,0.6,20.0,4096,1,dev_stl_02,RQL,13.2419,0.09487,,0.45713,0.01883,0.064151,7.59,0.004096,0.0,0.0,6.92,6.913,13.1825,1.0,2.973368,3.024719,0.0,0.999703,0.25,0.062914,0.064151,,,,,,0.25
64,bern50,0.6,20.0,4096,1,dev_stl_03,RQL,14.8237,0.14219,,0.65662,0.01811,0.064151,7.58,0.004096,0.0,0.0,6.8,6.803,14.8178,14.606773,3.106018,3.024719,0.0,0.999703,0.25,0.062914,0.064151,,,,,,0.25
64,bern50,0.6,20.0,4096,1,dev_text,RQL,13.3364,0.04481,,0.94405,0.01698,0.064151,7.58,0.004096,0.0,0.0,6.93,6.925,13.3399,27.105388,3.175583,3.024719,0.0,0.999703,0.25,0.062914,0.064151,,,,,,0.25
64,bern50,0.6,20.0,4096,1,dev_fine_lines,RQL,5.825,0.00439,,0.77446,0.02003,0.064151,7.59,0.004096,0.0,0.0,7.55,7.553,5.8102,1.0,3.005264,3.024719,0.0,0.999703,0.25,0.062914,0.064151,,,,,,0.25
64,bern50,0.6,20.0,4096,0,dev_stl_00,RQL,18.4365,0.27784,,0.23851,0.01401,0.128571,7.56,0.004096,0.0,0.0,5.24,5.243,18.4215,1.0,2.952065,3.024719,0.0,0.999695,0.5,0.063046,0.128571,,,,,,0.5
64,bern50,0.6,20.0,4096,0,dev_stl_01,RQL,15.5759,0.1467,,0.31744,0.01995,0.128571,7.59,0.004096,0.0,0.0,4.39,4.392,15.5516,1.0,2.985583,3.024719,0.0,0.999695,0.5,0.063046,0.128571,,,,,,0.5
64,bern50,0.6,20.0,4096,0,dev_stl_02,RQL,14.8579,0.13814,,0.37735,0.01756,0.128571,7.58,0.004096,0.0,0.0,4.53,4.531,14.8484,18.110508,3.125518,3.024719,0.0,0.999695,0.5,0.063046,0.128571,,,,,,0.5
64,bern50,0.6,20.0,4096,0,dev_stl_03,RQL,14.9567,0.15284,,0.64617,0.02552,0.128571,7.62,0.004096,0.0,0.0,4.41,4.413,14.9572,1.0,2.90355,3.024719,0.0,0.999695,0.5,0.063046,0.128571,,,,,,0.5
64,bern50,0.6,20.0,4096,0,dev_text,RQL,13.1116,0.02966,,0.96912,0.02191,0.128571,7.6,0.004096,0.0,0.0,5.24,5.243,13.1123,8.40631,3.071507,3.024719,0.0,0.999695,0.5,0.063046,0.128571,,,,,,0.5
64,bern50,0.6,20.0,4096,0,dev_fine_lines,RQL,6.1185,0.00381,,0.74752,0.01788,0.128571,7.58,0.004096,0.0,0.0,4.67,4.663,6.1178,1.568906,3.033451,3.024719,0.0,0.999695,0.5,0.063046,0.128571,,,,,,0.5
64,bern50,0.6,20.0,4096,1,dev_stl_00,RQL,18.3059,0.27429,,0.24282,0.02287,0.128302,7.6,0.004096,0.0,0.0,4.56,4.558,18.2658,1.0,2.983935,3.024719,0.0,0.999703,0.5,0.062914,0.128302,,,,,,0.5
64,bern50,0.6,20.0,4096,1,dev_stl_01,RQL,16.3205,0.15387,,0.29055,0.00561,0.128302,7.52,0.004096,0.0,0.0,4.7,4.701,16.3205,1.0,2.998754,3.024719,0.0,0.999703,0.5,0.062914,0.128302,,,,,,0.5
64,bern50,0.6,20.0,4096,1,dev_stl_02,RQL,15.0054,0.13748,,0.37096,0.01904,0.128302,7.59,0.004096,0.0,0.0,4.74,4.738,14.9966,1.0,2.973368,3.024719,0.0,0.999703,0.5,0.062914,0.128302,,,,,,0.5
64,bern50,0.6,20.0,4096,1,dev_stl_03,RQL,14.8521,0.14952,,0.65407,0.01815,0.128302,7.58,0.004096,0.0,0.0,4.93,4.933,14.8516,14.606773,3.106018,3.024719,0.0,0.999703,0.5,0.062914,0.128302,,,,,,0.5
64,bern50,0.6,20.0,4096,1,dev_text,RQL,13.074,0.02736,,0.9734,0.01724,0.128302,7.58,0.004096,0.0,0.0,5.75,5.746,13.0739,27.105388,3.175583,3.024719,0.0,0.999703,0.5,0.062914,0.128302,,,,,,0.5
64,bern50,0.6,20.0,4096,1,dev_fine_lines,RQL,6.12,0.00379,,0.74741,0.02017,0.128302,7.59,0.004096,0.0,0.0,5.69,5.692,6.119,1.0,3.005264,3.024719,0.0,0.999703,0.5,0.062914,0.128302,,,,,,0.5
64,bern50,0.6,500.0,4096,0,dev_stl_00,RQL,17.6894,0.22697,,0.25962,0.00132,0.316543,187.61,0.10239999999999999,0.0,0.0,12.21,12.095,17.6849,1.281201,77.637916,73.337219,1e-05,0.999696,0.25,0.310438,0.316543,,,,,,0.25
64,bern50,0.6,500.0,4096,0,dev_stl_01,RQL,15.8298,0.1458,,0.30759,0.00204,0.316543,187.69,0.10239999999999999,0.0,0.0,10.37,10.372,15.8256,1.0,74.975407,73.337219,1e-05,0.999696,0.25,0.310438,0.316543,,,,,,0.25
64,bern50,0.6,500.0,4096,0,dev_stl_02,RQL,15.4431,0.18866,,0.35233,-0.00078,0.316543,187.37,0.10239999999999999,0.0,0.0,19.19,19.183,15.4442,1.628539,78.80385,73.337219,1e-05,0.999696,0.25,0.310438,0.316543,,,,,,0.25
64,bern50,0.6,500.0,4096,0,dev_stl_03,RQL,16.3746,0.26834,,0.54873,0.00241,0.316543,187.72,0.10239999999999999,0.0,0.0,21.67,21.672,16.377,1.10055,77.031512,73.337219,1e-05,0.999696,0.25,0.310438,0.316543,,,,,,0.25
64,bern50,0.6,500.0,4096,0,dev_text,RQL,16.0793,0.33982,,0.68956,-0.0038,0.316543,186.86,0.10239999999999999,0.0,0.0,21.83,21.833,16.0684,21.024634,143.912086,73.337219,1e-05,0.999696,0.25,0.310438,0.316543,,,,,,0.25
64,bern50,0.6,500.0,4096,0,dev_fine_lines,RQL,6.1623,0.01871,,0.74368,-0.00148,0.316543,187.28,0.10239999999999999,0.0,0.0,10.4,10.4,6.1625,1.754849,79.227844,73.337219,1e-05,0.999696,0.25,0.310438,0.316543,,,,,,0.25
64,bern50,0.6,500.0,4096,1,dev_stl_00,RQL,15.9648,0.18908,,0.31681,0.00214,0.315881,187.72,0.10239999999999999,0.0,0.0,10.18,10.174,15.9555,1.349304,77.866535,73.337219,1e-05,0.999699,0.25,0.309788,0.315881,,,,,,0.25
64,bern50,0.6,500.0,4096,1,dev_stl_01,RQL,16.0725,0.176,,0.2991,0.00217,0.315881,187.73,0.10239999999999999,0.0,0.0,10.72,10.718,16.0686,1.753871,79.224578,73.337219,1e-05,0.999699,0.25,0.309788,0.315881,,,,,,0.25
64,bern50,0.6,500.0,4096,1,dev_stl_02,RQL,15.9854,0.20219,,0.33104,-0.00022,0.315881,187.45,0.10239999999999999,0.0,0.0,18.65,18.654,15.9857,1.402534,78.045218,73.337219,1e-05,0.999699,0.25,0.309788,0.315881,,,,,,0.25
64,bern50,0.6,500.0,4096,1,dev_stl_03,RQL,16.2797,0.24525,,0.55476,0.00272,0.315881,187.78,0.10239999999999999,0.0,0.0,9.9,9.903,16.282,1.289758,77.666654,73.337219,1e-05,0.999699,0.25,0.309788,0.315881,,,,,,0.25
64,bern50,0.6,500.0,4096,1,dev_text,RQL,15.8991,0.31555,,0.70311,9e-05,0.315881,187.51,0.10239999999999999,0.0,0.0,11.76,11.762,15.8993,19.584526,139.078173,73.337219,1e-05,0.999699,0.25,0.309788,0.315881,,,,,,0.25
64,bern50,0.6,500.0,4096,1,dev_fine_lines,RQL,6.142,0.02378,,0.74546,0.00091,0.315881,187.57,0.10239999999999999,0.0,0.0,9.75,9.751,6.1417,2.900417,83.073284,73.337219,1e-05,0.999699,0.25,0.309788,0.315881,,,,,,0.25
64,bern50,0.6,500.0,4096,0,dev_stl_00,RQL,18.7645,0.25934,,0.2293,0.00137,0.633086,187.61,0.10239999999999999,0.0,0.0,7.81,7.812,18.7634,1.281201,77.637916,73.337219,1e-05,0.999696,0.5,0.310438,0.633086,,,,,,0.5
64,bern50,0.6,500.0,4096,0,dev_stl_01,RQL,16.5776,0.15475,,0.28207,0.00202,0.633086,187.69,0.10239999999999999,0.0,0.0,7.47,7.471,16.5778,1.0,74.975407,73.337219,1e-05,0.999696,0.5,0.310438,0.633086,,,,,,0.5
64,bern50,0.6,500.0,4096,0,dev_stl_02,RQL,15.9033,0.18498,,0.33421,-0.00075,0.633086,187.37,0.10239999999999999,0.0,0.0,7.67,7.674,15.9028,1.628539,78.80385,73.337219,1e-05,0.999696,0.5,0.310438,0.633086,,,,,,0.5
64,bern50,0.6,500.0,4096,0,dev_stl_03,RQL,15.4836,0.18061,,0.60808,0.00238,0.633086,187.72,0.10239999999999999,0.0,0.0,8.15,8.148,15.4849,1.10055,77.031512,73.337219,1e-05,0.999696,0.5,0.310438,0.633086,,,,,,0.5
64,bern50,0.6,500.0,4096,0,dev_text,RQL,14.3923,0.12282,,0.8368,-0.00418,0.633086,186.86,0.10239999999999999,0.0,0.0,8.14,8.142,14.3873,21.024634,143.912086,73.337219,1e-05,0.999696,0.5,0.310438,0.633086,,,,,,0.5
64,bern50,0.6,500.0,4096,0,dev_fine_lines,RQL,6.2102,0.00612,,0.73962,-0.00144,0.633086,187.28,0.10239999999999999,0.0,0.0,6.94,6.94,6.2101,1.754849,79.227844,73.337219,1e-05,0.999696,0.5,0.310438,0.633086,,,,,,0.5
64,bern50,0.6,500.0,4096,1,dev_stl_00,RQL,18.2788,0.27992,,0.2425,0.00217,0.631761,187.72,0.10239999999999999,0.0,0.0,6.22,6.219,18.2773,1.349304,77.866535,73.337219,1e-05,0.999699,0.5,0.309788,0.631761,,,,,,0.5
64,bern50,0.6,500.0,4096,1,dev_stl_01,RQL,16.6604,0.15803,,0.27937,0.00222,0.631761,187.73,0.10239999999999999,0.0,0.0,5.9,5.903,16.6613,1.753871,79.224578,73.337219,1e-05,0.999699,0.5,0.309788,0.631761,,,,,,0.5
64,bern50,0.6,500.0,4096,1,dev_stl_02,RQL,16.2218,0.18759,,0.32217,-0.00017,0.631761,187.45,0.10239999999999999,0.0,0.0,5.97,5.973,16.2216,1.402534,78.045218,73.337219,1e-05,0.999699,0.5,0.309788,0.631761,,,,,,0.5
64,bern50,0.6,500.0,4096,1,dev_stl_03,RQL,15.5191,0.19449,,0.60559,0.00267,0.631761,187.78,0.10239999999999999,0.0,0.0,5.73,5.73,15.5206,1.289758,77.666654,73.337219,1e-05,0.999699,0.5,0.309788,0.631761,,,,,,0.5
64,bern50,0.6,500.0,4096,1,dev_text,RQL,14.2475,0.1131,,0.85035,0.00028,0.631761,187.51,0.10239999999999999,0.0,0.0,6.36,6.358,14.2478,19.584526,139.078173,73.337219,1e-05,0.999699,0.5,0.309788,0.631761,,,,,,0.5
64,bern50,0.6,500.0,4096,1,dev_fine_lines,RQL,6.1956,0.00758,,0.74085,0.00092,0.631761,187.57,0.10239999999999999,0.0,0.0,5.52,5.518,6.1957,2.900417,83.073284,73.337219,1e-05,0.999699,0.5,0.309788,0.631761,,,,,,0.5
64,bern50,0.6,50.0,4096,0,dev_stl_00,RQL,16.7385,0.21908,,0.29066,0.00938,0.100682,18.86,0.010239999999999999,0.0,0.0,7.58,7.479,16.7038,1.0,7.298586,7.41925,1e-06,0.999689,0.25,0.09874,0.100682,,,,,,0.25
64,bern50,0.6,50.0,4096,0,dev_stl_01,RQL,13.7909,0.13659,,0.38938,0.00359,0.100682,18.79,0.010239999999999999,0.0,0.0,7.06,7.061,13.7775,9.191138,7.73195,7.41925,1e-06,0.999689,0.25,0.09874,0.100682,,,,,,0.25
64,bern50,0.6,50.0,4096,0,dev_stl_02,RQL,15.6399,0.15988,,0.34504,0.00731,0.100682,18.83,0.010239999999999999,0.0,0.0,7.1,7.103,15.6259,1.0,7.403128,7.41925,1e-06,0.999689,0.25,0.09874,0.100682,,,,,,0.25
64,bern50,0.6,50.0,4096,0,dev_stl_03,RQL,15.0423,0.16136,,0.63984,0.00688,0.100682,18.83,0.010239999999999999,0.0,0.0,7.69,7.684,15.0427,1.204071,7.460215,7.41925,1e-06,0.999689,0.25,0.09874,0.100682,,,,,,0.25
64,bern50,0.6,50.0,4096,0,dev_text,RQL,13.7345,0.07711,,0.90209,0.00051,0.100682,18.75,0.010239999999999999,0.0,0.0,7.92,7.916,13.7348,22.079035,8.17042,7.41925,1e-06,0.999689,0.25,0.09874,0.100682,,,,,,0.25
64,bern50,0.6,50.0,4096,0,dev_fine_lines,RQL,6.0483,0.00521,,0.75366,0.00503,0.100682,18.81,0.010239999999999999,0.0,0.0,11.53,11.523,6.0467,8.719513,7.715904,7.41925,1e-06,0.999689,0.25,0.09874,0.100682,,,,,,0.25
64,bern50,0.6,50.0,4096,1,dev_stl_00,RQL,15.3805,0.2225,,0.34004,0.00797,0.100471,18.84,0.010239999999999999,0.0,0.0,14.47,14.468,15.3409,5.147009,7.594363,7.41925,1e-06,0.999702,0.25,0.098533,0.100471,,,,,,0.25
64,bern50,0.6,50.0,4096,1,dev_stl_01,RQL,14.4995,0.14061,,0.35935,0.0077,0.100471,18.84,0.010239999999999999,0.0,0.0,15.95,15.946,14.4747,1.0,7.425917,7.41925,1e-06,0.999702,0.25,0.098533,0.100471,,,,,,0.25
64,bern50,0.6,50.0,4096,1,dev_stl_02,RQL,14.9209,0.15235,,0.37453,0.00502,0.100471,18.81,0.010239999999999999,0.0,0.0,14.62,14.614,14.9135,1.0,7.337065,7.41925,1e-06,0.999702,0.25,0.098533,0.100471,,,,,,0.25
64,bern50,0.6,50.0,4096,1,dev_stl_03,RQL,14.839,0.16,,0.65516,0.00452,0.100471,18.8,0.010239999999999999,0.0,0.0,9.38,9.383,14.8372,3.072064,7.523769,7.41925,1e-06,0.999702,0.25,0.098533,0.100471,,,,,,0.25
64,bern50,0.6,50.0,4096,1,dev_text,RQL,13.5728,0.05851,,0.91887,0.00423,0.100471,18.8,0.010239999999999999,0.0,0.0,7.11,7.107,13.5747,20.925942,8.131199,7.41925,1e-06,0.999702,0.25,0.098533,0.100471,,,,,,0.25
64,bern50,0.6,50.0,4096,1,dev_fine_lines,RQL,5.8549,0.00709,,0.77088,0.00897,0.100471,18.85,0.010239999999999999,0.0,0.0,7.47,7.474,5.8505,1.0,7.443,7.41925,1e-06,0.999702,0.25,0.098533,0.100471,,,,,,0.25
64,bern50,0.6,50.0,4096,0,dev_stl_00,RQL,18.2942,0.27435,,0.24225,0.00948,0.201363,18.86,0.010239999999999999,0.0,0.0,5.3,5.303,18.2862,1.0,7.298586,7.41925,1e-06,0.999689,0.5,0.09874,0.201363,,,,,,0.5
64,bern50,0.6,50.0,4096,0,dev_stl_01,RQL,15.7501,0.15164,,0.31033,0.00375,0.201363,18.79,0.010239999999999999,0.0,0.0,5.51,5.506,15.7486,9.191138,7.73195,7.41925,1e-06,0.999689,0.5,0.09874,0.201363,,,,,,0.5
64,bern50,0.6,50.0,4096,0,dev_stl_02,RQL,15.2784,0.14777,,0.35909,0.00743,0.201363,18.83,0.010239999999999999,0.0,0.0,7.37,7.364,15.2791,1.0,7.403128,7.41925,1e-06,0.999689,0.5,0.09874,0.201363,,,,,,0.5
64,bern50,0.6,50.0,4096,0,dev_stl_03,RQL,14.8612,0.15,,0.65333,0.00695,0.201363,18.83,0.010239999999999999,0.0,0.0,9.86,9.861,14.8614,1.204071,7.460215,7.41925,1e-06,0.999689,0.5,0.09874,0.201363,,,,,,0.5
64,bern50,0.6,50.0,4096,0,dev_text,RQL,13.2077,0.03303,,0.95852,0.0004,0.201363,18.75,0.010239999999999999,0.0,0.0,8.28,8.275,13.2078,22.079035,8.17042,7.41925,1e-06,0.999689,0.5,0.09874,0.201363,,,,,,0.5
64,bern50,0.6,50.0,4096,0,dev_fine_lines,RQL,6.1655,0.00447,,0.74341,0.00518,0.201363,18.81,0.010239999999999999,0.0,0.0,5.1,5.098,6.1657,8.719513,7.715904,7.41925,1e-06,0.999689,0.5,0.09874,0.201363,,,,,,0.5
64,bern50,0.6,50.0,4096,1,dev_stl_00,RQL,17.6364,0.26668,,0.26152,0.00798,0.200942,18.84,0.010239999999999999,0.0,0.0,4.84,4.839,17.6214,5.147009,7.594363,7.41925,1e-06,0.999702,0.5,0.098533,0.200942,,,,,,0.5
64,bern50,0.6,50.0,4096,1,dev_stl_01,RQL,16.0427,0.152,,0.30007,0.00783,0.200942,18.84,0.010239999999999999,0.0,0.0,5.51,5.509,16.0405,1.0,7.425917,7.41925,1e-06,0.999702,0.5,0.098533,0.200942,,,,,,0.5
64,bern50,0.6,50.0,4096,1,dev_stl_02,RQL,14.988,0.14997,,0.37137,0.00503,0.200942,18.81,0.010239999999999999,0.0,0.0,4.88,4.884,14.987,1.0,7.337065,7.41925,1e-06,0.999702,0.5,0.098533,0.200942,,,,,,0.5
64,bern50,0.6,50.0,4096,1,dev_stl_03,RQL,14.848,0.15133,,0.65434,0.00459,0.200942,18.8,0.010239999999999999,0.0,0.0,5.16,5.156,14.8481,3.072064,7.523769,7.41925,1e-06,0.999702,0.5,0.098533,0.200942,,,,,,0.5
64,bern50,0.6,50.0,4096,1,dev_text,RQL,13.1118,0.02921,,0.96916,0.00436,0.200942,18.8,0.010239999999999999,0.0,0.0,6.11,6.114,13.1119,20.925942,8.131199,7.41925,1e-06,0.999702,0.5,0.098533,0.200942,,,,,,0.5
64,bern50,0.6,50.0,4096,1,dev_fine_lines,RQL,6.0314,0.00381,,0.75508,0.00901,0.200942,18.85,0.010239999999999999,0.0,0.0,4.89,4.886,6.0304,1.0,7.443,7.41925,1e-06,0.999702,0.5,0.098533,0.200942,,,,,,0.5
64,bern50,0.6,5.0,4096,0,dev_stl_00,RQL,14.0688,0.18768,,0.42224,0.07373,0.033624,1.96,0.001024,0.0,0.0,10.14,10.043,13.4603,1.0,0.826344,0.82747,0.0,0.999697,0.25,0.032975,0.033624,,,,,,0.25
64,bern50,0.6,5.0,4096,0,dev_stl_01,RQL,11.4254,0.15487,,0.53286,0.04986,0.033624,1.93,0.001024,0.0,0.0,8.26,8.257,11.0527,47.77413,0.845975,0.82747,0.0,0.999697,0.25,0.032975,0.033624,,,,,,0.25
64,bern50,0.6,5.0,4096,0,dev_stl_02,RQL,15.2006,0.14354,,0.36953,0.07088,0.033624,1.96,0.001024,0.0,0.0,5.7,5.699,15.0302,1.0,0.801515,0.82747,0.0,0.999697,0.25,0.032975,0.033624,,,,,,0.25
64,bern50,0.6,5.0,4096,0,dev_stl_03,RQL,13.5535,0.11962,,0.77159,0.05675,0.033624,1.94,0.001024,0.0,0.0,10.13,10.128,13.4164,26.457326,0.837718,0.82747,0.0,0.999697,0.25,0.032975,0.033624,,,,,,0.25
64,bern50,0.6,5.0,4096,0,dev_text,RQL,13.1169,0.0375,,0.96849,0.0624,0.033624,1.95,0.001024,0.0,0.0,8.85,8.846,13.1179,23.876954,0.836719,0.82747,0.0,0.999697,0.25,0.032975,0.033624,,,,,,0.25
64,bern50,0.6,5.0,4096,0,dev_fine_lines,RQL,-4.9056,0.00566,,2.83167,0.07004,0.033624,1.95,0.001024,0.0,0.0,1.3,1.3,-5.4506,63.81043,0.852187,0.82747,0.0,0.999697,0.25,0.032975,0.033624,,,,,,0.25
64,bern50,0.6,5.0,4096,1,dev_stl_00,RQL,15.8623,0.23002,,0.34058,0.07871,0.033553,1.96,0.001024,0.0,0.0,5.64,5.643,15.3273,1.0,0.815089,0.82747,0.0,0.999697,0.25,0.032906,0.033553,,,,,,0.25
64,bern50,0.6,5.0,4096,1,dev_stl_01,RQL,11.2192,0.12231,,0.54169,0.05252,0.033553,1.94,0.001024,0.0,0.0,8.99,8.988,10.9099,1.0,0.812805,0.82747,0.0,0.999697,0.25,0.032906,0.033553,,,,,,0.25
64,bern50,0.6,5.0,4096,1,dev_stl_02,RQL,11.8429,0.12019,,0.55692,0.05821,0.033553,1.94,0.001024,0.0,0.0,8.16,8.163,11.4673,47.06568,0.845701,0.82747,0.0,0.999697,0.25,0.032906,0.033553,,,,,,0.25
64,bern50,0.6,5.0,4096,1,dev_stl_03,RQL,14.303,0.12163,,0.70379,0.06401,0.033553,1.95,0.001024,0.0,0.0,8.89,8.888,14.2153,1.0,0.811315,0.82747,0.0,0.999697,0.25,0.032906,0.033553,,,,,,0.25
64,bern50,0.6,5.0,4096,1,dev_text,RQL,13.1007,0.03928,,0.97052,0.04237,0.033553,1.92,0.001024,0.0,0.0,8.89,8.889,13.0997,59.514954,0.850523,0.82747,0.0,0.999697,0.25,0.032906,0.033553,,,,,,0.25
64,bern50,0.6,5.0,4096,1,dev_fine_lines,RQL,5.3799,0.00648,,0.82335,0.06195,0.033553,1.95,0.001024,0.0,0.0,6.92,6.921,5.2785,31.513707,0.839677,0.82747,0.0,0.999697,0.25,0.032906,0.033553,,,,,,0.25
64,bern50,0.6,5.0,4096,0,dev_stl_00,RQL,18.2676,0.27243,,0.25361,0.07408,0.067248,1.96,0.001024,0.0,0.0,5.97,5.968,17.8884,1.0,0.826344,0.82747,0.0,0.999697,0.5,0.032975,0.067248,,,,,,0.5
64,bern50,0.6,5.0,4096,0,dev_stl_01,RQL,15.985,0.15436,,0.30591,0.05068,0.067248,1.93,0.001024,0.0,0.0,5.84,5.833,15.873,47.77413,0.845975,0.82747,0.0,0.999697,0.5,0.032975,0.067248,,,,,,0.5
64,bern50,0.6,5.0,4096,0,dev_stl_02,RQL,15.2552,0.14239,,0.36523,0.07106,0.067248,1.96,0.001024,0.0,0.0,3.4,3.399,15.132,1.0,0.801515,0.82747,0.0,0.999697,0.5,0.032975,0.067248,,,,,,0.5
64,bern50,0.6,5.0,4096,0,dev_stl_03,RQL,14.7661,0.1467,,0.662,0.05707,0.067248,1.94,0.001024,0.0,0.0,6.2,6.199,14.747,26.457326,0.837718,0.82747,0.0,0.999697,0.5,0.032975,0.067248,,,,,,0.5
64,bern50,0.6,5.0,4096,0,dev_text,RQL,13.074,0.02725,,0.97348,0.06253,0.067248,1.95,0.001024,0.0,0.0,5.22,5.216,13.0732,23.876954,0.836719,0.82747,0.0,0.999697,0.5,0.032975,0.067248,,,,,,0.5
64,bern50,0.6,5.0,4096,0,dev_fine_lines,RQL,6.1009,0.00365,,0.75023,0.06644,0.067248,1.95,0.001024,0.0,0.0,11.72,11.72,6.0863,63.81043,0.852187,0.82747,0.0,0.999697,0.5,0.032975,0.067248,,,,,,0.5
64,bern50,0.6,5.0,4096,1,dev_stl_00,RQL,18.5296,0.27481,,0.24762,0.07897,0.067107,1.96,0.001024,0.0,0.0,4.16,4.161,18.0959,1.0,0.815089,0.82747,0.0,0.999697,0.5,0.032906,0.067107,,,,,,0.5
64,bern50,0.6,5.0,4096,1,dev_stl_01,RQL,14.2898,0.15054,,0.37694,0.05279,0.067107,1.94,0.001024,0.0,0.0,5.24,5.238,14.0594,1.0,0.812805,0.82747,0.0,0.999697,0.5,0.032906,0.067107,,,,,,0.5
64,bern50,0.6,5.0,4096,1,dev_stl_02,RQL,14.9791,0.14241,,0.37556,0.05863,0.067107,1.94,0.001024,0.0,0.0,6.05,6.047,14.8895,47.06568,0.845701,0.82747,0.0,0.999697,0.5,0.032906,0.067107,,,,,,0.5
64,bern50,0.6,5.0,4096,1,dev_stl_03,RQL,14.7997,0.14266,,0.65972,0.06473,0.067107,1.95,0.001024,0.0,0.0,4.94,4.939,14.7769,1.0,0.811315,0.82747,0.0,0.999697,0.5,0.032906,0.067107,,,,,,0.5
64,bern50,0.6,5.0,4096,1,dev_text,RQL,13.0709,0.02736,,0.9738,0.04274,0.067107,1.92,0.001024,0.0,0.0,5.39,5.385,13.0704,59.514954,0.850523,0.82747,0.0,0.999697,0.5,0.032906,0.067107,,,,,,0.5
64,bern50,0.6,5.0,4096,1,dev_fine_lines,RQL,6.1017,0.00481,,0.75026,0.06244,0.067107,1.95,0.001024,0.0,0.0,6.98,6.975,6.0859,31.513707,0.839677,0.82747,0.0,0.999697,0.5,0.032906,0.067107,,,,,,0.5
