cell_id,shard_id,side,pattern,rho_bar,nu,M,seed,image,arm,PSNR,SSIM,LPIPS,rad_nrmse,flux_dev,lam_tv,mean_counts,optical_time_s,dark_frac,tau_err,runtime_s,select_runtime_s,PSNR_rad,C_hat,S_N2,V0_exact,muprime0_exact,omega_A,c_used,sigma_grad_arm,lambda_tv_arm,audit_status,d_ratio,q_d,q_mean,leak_suspect
S2A_DETAIL_c0193,S2A_DETAIL_27,64,bern50,2.0,20.0,4096,2,detail_glyph_0,RQL,8.3292,0.06153,,0.82203,0.04927,0.175562,13.55,0.004096,0.0,0.0,68.58,68.571,8.3265,10.190652,1.657398,1.604938,0.0,0.999695,0.5,0.086088,0.175562,OK,1.0264,0.275,0.25,False
S2A_DETAIL_c0193,S2A_DETAIL_27,64,bern50,2.0,20.0,4096,2,detail_glyph_1,RQL,10.9443,0.34926,,0.86962,0.05107,0.175562,13.55,0.004096,0.0,0.0,68.11,68.105,10.945,1.0,1.605577,1.604938,0.0,0.999695,0.5,0.086088,0.175562,OK,1.0232,0.275,0.5,False
S2A_DETAIL_c0193,S2A_DETAIL_27,64,bern50,2.0,20.0,4096,2,detail_glyph_2,RQL,9.1364,0.13253,,0.84218,0.05828,0.175562,13.58,0.004096,0.0,0.0,68.03,68.032,9.135,1.0,1.580553,1.604938,0.0,0.999695,0.5,0.086088,0.175562,OK,0.9584,0.875,0.2,False
S2A_DETAIL_c0193,S2A_DETAIL_27,64,bern50,2.0,20.0,4096,2,detail_glyph_3,RQL,8.3897,0.06813,,0.83367,0.0602,0.175562,13.59,0.004096,0.0,0.0,68.03,68.027,8.3828,1.0,1.56127,1.604938,0.0,0.999695,0.5,0.086088,0.175562,OK,1.0223,0.325,0.225,False
S2A_DETAIL_c0193,S2A_DETAIL_27,64,bern50,2.0,20.0,4096,2,detail_chirp_0,RQL,6.2029,0.00613,,0.65563,0.042,0.175562,13.52,0.004096,0.0,0.0,67.38,67.384,6.1939,1.0,1.571718,1.604938,0.0,0.999695,0.5,0.086088,0.175562,OK,1.0333,0.25,0.5,False
S2A_DETAIL_c0193,S2A_DETAIL_27,64,bern50,2.0,20.0,4096,2,detail_chirp_1,RQL,6.0357,0.00428,,0.69769,0.05093,0.175562,13.55,0.004096,0.0,0.0,67.61,67.607,6.024,10.638717,1.659705,1.604938,0.0,0.999695,0.5,0.086088,0.175562,OK,0.9163,0.95,0.875,False
S2A_DETAIL_c0193,S2A_DETAIL_27,64,bern50,2.0,20.0,4096,2,detail_chirp_2,RQL,6.0516,0.00512,,0.66553,0.05448,0.175562,13.57,0.004096,0.0,0.0,67.07,67.068,6.0316,1.42411,1.612269,1.604938,0.0,0.999695,0.5,0.086088,0.175562,OK,0.9808,0.65,0.1,False
S2A_DETAIL_c0193,S2A_DETAIL_27,64,bern50,2.0,20.0,4096,2,detail_chirp_3,RQL,6.0662,0.0039,,0.7213,0.05362,0.175562,13.56,0.004096,0.0,0.0,67.36,67.355,6.0565,1.0,1.597536,1.604938,0.0,0.999695,0.5,0.086088,0.175562,OK,0.9782,0.725,0.2,False
S2A_DETAIL_c0193,S2A_DETAIL_27,64,bern50,2.0,20.0,4096,2,detail_spokes_0,RQL,6.6246,0.00376,,0.82266,0.04959,0.175562,13.55,0.004096,0.0,0.0,68.06,68.058,6.62,8.828902,1.650388,1.604938,0.0,0.999695,0.5,0.086088,0.175562,OK,1.0978,0.05,0.2,False
S2A_DETAIL_c0193,S2A_DETAIL_27,64,bern50,2.0,20.0,4096,2,detail_spokes_1,RQL,6.5686,0.00439,,0.8226,0.05272,0.175562,13.56,0.004096,0.0,0.0,68.15,68.152,6.5617,9.65403,1.654636,1.604938,0.0,0.999695,0.5,0.086088,0.175562,OK,1.0349,0.25,0.3,False
S2A_DETAIL_c0193,S2A_DETAIL_27,64,bern50,2.0,20.0,4096,2,detail_spokes_2,RQL,6.6383,0.01323,,0.82343,0.06046,0.175562,13.59,0.004096,0.0,0.0,68.86,68.856,6.6317,1.0,1.601594,1.604938,0.0,0.999695,0.5,0.086088,0.175562,OK,0.977,0.75,0.075,False
S2A_DETAIL_c0193,S2A_DETAIL_27,64,bern50,2.0,20.0,4096,2,detail_spokes_3,RQL,6.7609,0.0042,,0.81435,0.05019,0.175562,13.55,0.004096,0.0,0.0,68.28,68.281,6.7612,4.554273,1.628383,1.604938,0.0,0.999695,0.5,0.086088,0.175562,OK,1.0483,0.1,0.05,False
S2A_DETAIL_c0193,S2A_DETAIL_27,64,bern50,2.0,20.0,4096,2,detail_maze_0,RQL,9.6626,0.00746,,0.93649,0.05724,0.175562,13.58,0.004096,0.0,0.0,68.92,68.919,9.6606,1.0,1.600898,1.604938,0.0,0.999695,0.5,0.086088,0.175562,OK,1.0158,0.3,0.95,False
S2A_DETAIL_c0193,S2A_DETAIL_27,64,bern50,2.0,20.0,4096,2,detail_maze_1,RQL,9.6623,0.00735,,0.93648,0.0509,0.175562,13.55,0.004096,0.0,0.0,68.52,68.52,9.6607,1.0,1.580508,1.604938,0.0,0.999695,0.5,0.086088,0.175562,OK,1.0803,0.075,0.85,False
S2A_DETAIL_c0193,S2A_DETAIL_27,64,bern50,2.0,20.0,4096,2,detail_maze_2,RQL,9.0652,0.00722,,0.9242,0.05387,0.175562,13.56,0.004096,0.0,0.0,67.63,67.634,9.0631,9.074595,1.651653,1.604938,0.0,0.999695,0.5,0.086088,0.175562,OK,1.0243,0.275,0.825,False
S2A_DETAIL_c0193,S2A_DETAIL_27,64,bern50,2.0,20.0,4096,2,detail_maze_3,RQL,6.8617,0.00433,,0.84175,0.05024,0.175562,13.55,0.004096,0.0,0.0,68.33,68.332,6.8572,10.359477,1.658267,1.604938,0.0,0.999695,0.5,0.086088,0.175562,OK,0.9917,0.6,0.8,False
S2A_DETAIL_c0193,S2A_DETAIL_27,64,bern50,2.0,20.0,4096,2,detail_contour_0,RQL,7.8222,0.09957,,0.81954,0.04889,0.175562,13.54,0.004096,0.0,0.0,68.68,68.683,7.8162,1.0,1.600089,1.604938,0.0,0.999695,0.5,0.086088,0.175562,OK,1.0454,0.175,0.8,False
S2A_DETAIL_c0193,S2A_DETAIL_27,64,bern50,2.0,20.0,4096,2,detail_contour_1,RQL,8.2204,0.11773,,0.83384,0.05788,0.175562,13.58,0.004096,0.0,0.0,69.17,69.164,8.2161,20.310185,1.709492,1.604938,0.0,0.999695,0.5,0.086088,0.175562,OK,0.9926,0.6,0.075,False
S2A_DETAIL_c0193,S2A_DETAIL_27,64,bern50,2.0,20.0,4096,2,detail_contour_2,RQL,9.3341,0.17048,,0.7291,0.05457,0.175562,13.57,0.004096,0.0,0.0,67.24,67.244,9.3227,12.54791,1.669533,1.604938,0.0,0.999695,0.5,0.086088,0.175562,OK,0.9631,0.875,0.075,False
S2A_DETAIL_c0193,S2A_DETAIL_27,64,bern50,2.0,20.0,4096,2,detail_contour_3,RQL,10.2141,0.27004,,0.78585,0.05807,0.175562,13.58,0.004096,0.0,0.0,67.89,67.885,10.2071,8.102682,1.646649,1.604938,0.0,0.999695,0.5,0.086088,0.175562,OK,1.0779,0.075,0.875,False
S2A_DETAIL_c0193,S2A_DETAIL_27,64,bern50,2.0,20.0,4096,2,detail_microtexture_0,RQL,15.0215,0.03249,,0.58766,0.04588,0.175562,13.53,0.004096,0.0,0.0,68.42,68.421,15.0031,1.0,1.578795,1.604938,0.0,0.999695,0.5,0.086088,0.175562,OK,1.0346,0.275,0.3,False
S2A_DETAIL_c0193,S2A_DETAIL_27,64,bern50,2.0,20.0,4096,2,detail_microtexture_1,RQL,14.0355,0.02494,,0.54102,0.05444,0.175562,13.57,0.004096,0.0,0.0,67.04,67.042,14.0023,2.242723,1.616483,1.604938,0.0,0.999695,0.5,0.086088,0.175562,OK,1.0782,0.075,0.825,False
S2A_DETAIL_c0193,S2A_DETAIL_27,64,bern50,2.0,20.0,4096,2,detail_microtexture_2,RQL,16.0783,0.04713,,0.59646,0.05442,0.175562,13.57,0.004096,0.0,0.0,67.77,67.765,16.0548,10.552839,1.659262,1.604938,0.0,0.999695,0.5,0.086088,0.175562,OK,1.0179,0.3,0.075,False
S2A_DETAIL_c0193,S2A_DETAIL_27,64,bern50,2.0,20.0,4096,2,detail_microtexture_3,RQL,15.3137,0.03805,,0.60379,0.04881,0.175562,13.54,0.004096,0.0,0.0,67.23,67.227,15.2952,1.0,1.59204,1.604938,0.0,0.999695,0.5,0.086088,0.175562,OK,0.9222,0.95,0.2,False
S2A_DETAIL_c0194,S2A_DETAIL_27,64,bern50,2.0,20.0,4096,3,detail_glyph_0,RQL,8.2613,0.05443,,0.82868,0.05043,0.175806,13.55,0.004096,0.0,0.0,67.34,67.339,8.2565,1.0,1.590728,1.604938,0.0,0.999691,0.5,0.086208,0.175806,OK,0.9858,0.65,0.55,False
S2A_DETAIL_c0194,S2A_DETAIL_27,64,bern50,2.0,20.0,4096,3,detail_glyph_1,RQL,10.9443,0.34981,,0.86964,0.04917,0.175806,13.54,0.004096,0.0,0.0,67.48,67.478,10.9448,4.793182,1.629613,1.604938,0.0,0.999691,0.5,0.086208,0.175806,OK,1.0042,0.45,0.975,False
S2A_DETAIL_c0194,S2A_DETAIL_27,64,bern50,2.0,20.0,4096,3,detail_glyph_2,RQL,9.0725,0.12609,,0.84852,0.04747,0.175806,13.54,0.004096,0.0,0.0,67.18,67.178,9.0699,1.132606,1.610769,1.604938,0.0,0.999691,0.5,0.086208,0.175806,OK,0.9788,0.7,0.5,False
S2A_DETAIL_c0194,S2A_DETAIL_27,64,bern50,2.0,20.0,4096,3,detail_glyph_3,RQL,8.4407,0.0745,,0.8285,0.05586,0.175806,13.57,0.004096,0.0,0.0,66.55,66.551,8.4368,9.401464,1.653335,1.604938,0.0,0.999691,0.5,0.086208,0.175806,OK,0.9945,0.5,0.975,False
S2A_DETAIL_c0194,S2A_DETAIL_27,64,bern50,2.0,20.0,4096,3,detail_chirp_0,RQL,6.1372,0.00392,,0.6609,0.05263,0.175806,13.56,0.004096,0.0,0.0,67.37,67.365,6.1244,1.0,1.588477,1.604938,0.0,0.999691,0.5,0.086208,0.175806,OK,0.9893,0.525,0.65,False
S2A_DETAIL_c0194,S2A_DETAIL_27,64,bern50,2.0,20.0,4096,3,detail_chirp_1,RQL,6.0483,0.00406,,0.69665,0.05231,0.175806,13.56,0.004096,0.0,0.0,67.8,67.802,6.037,1.0,1.526986,1.604938,0.0,0.999691,0.5,0.086208,0.175806,OK,0.8577,1.0,1.0,True
S2A_DETAIL_c0194,S2A_DETAIL_27,64,bern50,2.0,20.0,4096,3,detail_chirp_2,RQL,6.1154,0.0042,,0.66008,0.04904,0.175806,13.54,0.004096,0.0,0.0,67.3,67.303,6.103,2.217797,1.616355,1.604938,0.0,0.999691,0.5,0.086208,0.175806,OK,0.9706,0.75,0.45,False
S2A_DETAIL_c0194,S2A_DETAIL_27,64,bern50,2.0,20.0,4096,3,detail_chirp_3,RQL,6.0344,0.00483,,0.72399,0.04962,0.175806,13.55,0.004096,0.0,0.0,67.2,67.198,6.0242,5.492733,1.633214,1.604938,0.0,0.999691,0.5,0.086208,0.175806,OK,1.049,0.2,0.15,False
S2A_DETAIL_c0194,S2A_DETAIL_27,64,bern50,2.0,20.0,4096,3,detail_spokes_0,RQL,6.629,0.00414,,0.82226,0.04914,0.175806,13.54,0.004096,0.0,0.0,67.15,67.153,6.6243,1.0,1.57167,1.604938,0.0,0.999691,0.5,0.086208,0.175806,OK,1.0435,0.175,0.525,False
S2A_DETAIL_c0194,S2A_DETAIL_27,64,bern50,2.0,20.0,4096,3,detail_spokes_1,RQL,6.5884,0.00389,,0.82049,0.04702,0.175806,13.54,0.004096,0.0,0.0,67.69,67.687,6.5841,3.623921,1.623593,1.604938,0.0,0.999691,0.5,0.086208,0.175806,OK,1.0423,0.225,0.925,False
S2A_DETAIL_c0194,S2A_DETAIL_27,64,bern50,2.0,20.0,4096,3,detail_spokes_2,RQL,6.6476,0.01541,,0.82242,0.05378,0.175806,13.56,0.004096,0.0,0.0,67.44,67.437,6.6424,9.810627,1.655441,1.604938,0.0,0.999691,0.5,0.086208,0.175806,OK,1.0333,0.275,0.85,False
S2A_DETAIL_c0194,S2A_DETAIL_27,64,bern50,2.0,20.0,4096,3,detail_spokes_3,RQL,6.6463,0.00338,,0.82571,0.05311,0.175806,13.56,0.004096,0.0,0.0,67.34,67.341,6.6409,1.0,1.609447,1.604938,0.0,0.999691,0.5,0.086208,0.175806,OK,1.0024,0.45,0.55,False
S2A_DETAIL_c0194,S2A_DETAIL_27,64,bern50,2.0,20.0,4096,3,detail_maze_0,RQL,9.6632,0.00752,,0.93638,0.05134,0.175806,13.55,0.004096,0.0,0.0,67.46,67.454,9.6616,15.79666,1.686256,1.604938,0.0,0.999691,0.5,0.086208,0.175806,OK,1.0207,0.3,0.675,False
S2A_DETAIL_c0194,S2A_DETAIL_27,64,bern50,2.0,20.0,4096,3,detail_maze_1,RQL,9.6627,0.00735,,0.93641,0.0481,0.175806,13.54,0.004096,0.0,0.0,67.69,67.691,9.6614,4.622546,1.628734,1.604938,0.0,0.999691,0.5,0.086208,0.175806,OK,1.012,0.35,0.1,False
S2A_DETAIL_c0194,S2A_DETAIL_27,64,bern50,2.0,20.0,4096,3,detail_maze_2,RQL,9.0601,0.00672,,0.92468,0.04589,0.175806,13.53,0.004096,0.0,0.0,67.41,67.407,9.0586,10.323258,1.65808,1.604938,0.0,0.999691,0.5,0.086208,0.175806,OK,1.1614,0.025,0.1,False
S2A_DETAIL_c0194,S2A_DETAIL_27,64,bern50,2.0,20.0,4096,3,detail_maze_3,RQL,6.8512,0.00407,,0.84285,0.05342,0.175806,13.56,0.004096,0.0,0.0,67.06,67.06,6.8459,12.180815,1.667643,1.604938,0.0,0.999691,0.5,0.086208,0.175806,OK,1.0285,0.3,0.6,False
S2A_DETAIL_c0194,S2A_DETAIL_27,64,bern50,2.0,20.0,4096,3,detail_contour_0,RQL,7.8288,0.10067,,0.81891,0.05223,0.175806,13.56,0.004096,0.0,0.0,68.3,68.302,7.8228,4.407759,1.627629,1.604938,0.0,0.999691,0.5,0.086208,0.175806,OK,1.0197,0.325,0.525,False
S2A_DETAIL_c0194,S2A_DETAIL_27,64,bern50,2.0,20.0,4096,3,detail_contour_1,RQL,8.3291,0.12358,,0.82298,0.05659,0.175806,13.58,0.004096,0.0,0.0,69.46,69.457,8.33,1.0,1.581365,1.604938,0.0,0.999691,0.5,0.086208,0.175806,OK,1.0496,0.2,0.35,False
S2A_DETAIL_c0194,S2A_DETAIL_27,64,bern50,2.0,20.0,4096,3,detail_contour_2,RQL,9.3149,0.16792,,0.73062,0.05006,0.175806,13.55,0.004096,0.0,0.0,67.94,67.939,9.3045,3.350977,1.622188,1.604938,0.0,0.999691,0.5,0.086208,0.175806,OK,0.9306,0.925,0.475,False
S2A_DETAIL_c0194,S2A_DETAIL_27,64,bern50,2.0,20.0,4096,3,detail_contour_3,RQL,10.1102,0.26225,,0.79571,0.05535,0.175806,13.57,0.004096,0.0,0.0,68.12,68.123,10.0987,1.0,1.56067,1.604938,0.0,0.999691,0.5,0.086208,0.175806,OK,1.0204,0.35,0.95,False
S2A_DETAIL_c0194,S2A_DETAIL_27,64,bern50,2.0,20.0,4096,3,detail_microtexture_0,RQL,15.0216,0.03237,,0.58814,0.05414,0.175806,13.56,0.004096,0.0,0.0,68.0,68.002,14.996,1.814786,1.61428,1.604938,0.0,0.999691,0.5,0.086208,0.175806,OK,1.1074,0.05,0.175,False
S2A_DETAIL_c0194,S2A_DETAIL_27,64,bern50,2.0,20.0,4096,3,detail_microtexture_1,RQL,14.0404,0.02454,,0.54065,0.05376,0.175806,13.56,0.004096,0.0,0.0,67.43,67.425,14.0082,1.563375,1.612986,1.604938,0.0,0.999691,0.5,0.086208,0.175806,OK,1.0128,0.35,0.7,False
S2A_DETAIL_c0194,S2A_DETAIL_27,64,bern50,2.0,20.0,4096,3,detail_microtexture_2,RQL,16.0775,0.04709,,0.59625,0.04989,0.175806,13.55,0.004096,0.0,0.0,67.8,67.801,16.0578,8.130473,1.646792,1.604938,0.0,0.999691,0.5,0.086208,0.175806,OK,1.0873,0.075,0.875,False
S2A_DETAIL_c0194,S2A_DETAIL_27,64,bern50,2.0,20.0,4096,3,detail_microtexture_3,RQL,15.2415,0.03783,,0.60964,0.05531,0.175806,13.57,0.004096,0.0,0.0,67.53,67.527,15.2114,22.567653,1.721112,1.604938,0.0,0.999691,0.5,0.086208,0.175806,OK,0.9238,0.975,0.525,False
S2A_DETAIL_c0195,S2A_DETAIL_27,64,bern50,2.0,20.0,4096,4,detail_glyph_0,RQL,8.2607,0.05444,,0.82875,0.05104,0.175399,13.55,0.004096,0.0,0.0,66.98,66.984,8.2557,1.0,1.559092,1.604938,0.0,0.999702,0.5,0.086008,0.175399,OK,1.0475,0.25,0.475,False
S2A_DETAIL_c0195,S2A_DETAIL_27,64,bern50,2.0,20.0,4096,4,detail_glyph_1,RQL,10.9258,0.34655,,0.87154,0.04427,0.175399,13.52,0.004096,0.0,0.0,67.26,67.264,10.9259,4.400006,1.627589,1.604938,0.0,0.999702,0.5,0.086008,0.175399,OK,1.0019,0.475,0.475,False
S2A_DETAIL_c0195,S2A_DETAIL_27,64,bern50,2.0,20.0,4096,4,detail_glyph_2,RQL,9.0908,0.12733,,0.84668,0.04694,0.175399,13.53,0.004096,0.0,0.0,67.0,67.003,9.0887,2.34053,1.616987,1.604938,0.0,0.999702,0.5,0.086008,0.175399,OK,1.0235,0.35,1.0,False
S2A_DETAIL_c0195,S2A_DETAIL_27,64,bern50,2.0,20.0,4096,4,detail_glyph_3,RQL,8.4064,0.06915,,0.8319,0.05249,0.175399,13.56,0.004096,0.0,0.0,66.96,66.961,8.4013,16.357437,1.689144,1.604938,0.0,0.999702,0.5,0.086008,0.175399,OK,1.038,0.3,0.75,False
S2A_DETAIL_c0195,S2A_DETAIL_27,64,bern50,2.0,20.0,4096,4,detail_chirp_0,RQL,6.0137,0.00395,,0.67059,0.04689,0.175399,13.53,0.004096,0.0,0.0,67.24,67.239,5.9979,1.0,1.594864,1.604938,0.0,0.999702,0.5,0.086008,0.175399,OK,0.9087,1.0,0.025,False
S2A_DETAIL_c0195,S2A_DETAIL_27,64,bern50,2.0,20.0,4096,4,detail_chirp_1,RQL,6.0777,0.00452,,0.69417,0.04965,0.175399,13.55,0.004096,0.0,0.0,66.76,66.76,6.068,1.0,1.599238,1.604938,0.0,0.999702,0.5,0.086008,0.175399,OK,1.0112,0.4,0.15,False
S2A_DETAIL_c0195,S2A_DETAIL_27,64,bern50,2.0,20.0,4096,4,detail_chirp_2,RQL,6.0534,0.00381,,0.6652,0.05256,0.175399,13.56,0.004096,0.0,0.0,67.52,67.524,6.0359,1.0,1.561516,1.604938,0.0,0.999702,0.5,0.086008,0.175399,OK,1.0867,0.1,0.725,False
S2A_DETAIL_c0195,S2A_DETAIL_27,64,bern50,2.0,20.0,4096,4,detail_chirp_3,RQL,6.0061,0.00358,,0.72645,0.05034,0.175399,13.55,0.004096,0.0,0.0,67.79,67.789,5.9947,1.0,1.605454,1.604938,0.0,0.999702,0.5,0.086008,0.175399,OK,0.9957,0.525,0.375,False
S2A_DETAIL_c0195,S2A_DETAIL_27,64,bern50,2.0,20.0,4096,4,detail_spokes_0,RQL,6.7137,0.00501,,0.81394,0.053,0.175399,13.56,0.004096,0.0,0.0,67.84,67.838,6.7126,9.985069,1.65634,1.604938,0.0,0.999702,0.5,0.086008,0.175399,OK,1.0368,0.275,0.45,False
S2A_DETAIL_c0195,S2A_DETAIL_27,64,bern50,2.0,20.0,4096,4,detail_spokes_1,RQL,6.5539,0.0034,,0.8239,0.04593,0.175399,13.53,0.004096,0.0,0.0,68.08,68.076,6.548,5.292766,1.632185,1.604938,0.0,0.999702,0.5,0.086008,0.175399,OK,1.0009,0.475,0.7,False
S2A_DETAIL_c0195,S2A_DETAIL_27,64,bern50,2.0,20.0,4096,4,detail_spokes_2,RQL,6.6766,0.01409,,0.81944,0.05005,0.175399,13.55,0.004096,0.0,0.0,67.91,67.906,6.6739,1.0,1.608483,1.604938,0.0,0.999702,0.5,0.086008,0.175399,OK,0.9846,0.625,0.925,False
S2A_DETAIL_c0195,S2A_DETAIL_27,64,bern50,2.0,20.0,4096,4,detail_spokes_3,RQL,6.703,0.00464,,0.82015,0.05192,0.175399,13.56,0.004096,0.0,0.0,67.74,67.741,6.6996,4.566586,1.628446,1.604938,0.0,0.999702,0.5,0.086008,0.175399,OK,0.9779,0.675,0.65,False
S2A_DETAIL_c0195,S2A_DETAIL_27,64,bern50,2.0,20.0,4096,4,detail_maze_0,RQL,9.66,0.00779,,0.93678,0.05371,0.175399,13.56,0.004096,0.0,0.0,67.54,67.543,9.6579,13.534398,1.674611,1.604938,0.0,0.999702,0.5,0.086008,0.175399,OK,1.0599,0.225,0.025,False
S2A_DETAIL_c0195,S2A_DETAIL_27,64,bern50,2.0,20.0,4096,4,detail_maze_1,RQL,9.6604,0.00729,,0.93666,0.04635,0.175399,13.53,0.004096,0.0,0.0,67.91,67.906,9.659,6.108262,1.636383,1.604938,0.0,0.999702,0.5,0.086008,0.175399,OK,0.9925,0.575,0.275,False
S2A_DETAIL_c0195,S2A_DETAIL_27,64,bern50,2.0,20.0,4096,4,detail_maze_2,RQL,9.0649,0.00699,,0.92423,0.0551,0.175399,13.57,0.004096,0.0,0.0,67.92,67.92,9.0628,12.084607,1.667148,1.604938,0.0,0.999702,0.5,0.086008,0.175399,OK,1.0181,0.4,0.225,False
S2A_DETAIL_c0195,S2A_DETAIL_27,64,bern50,2.0,20.0,4096,4,detail_maze_3,RQL,6.8576,0.00405,,0.84206,0.04496,0.175399,13.53,0.004096,0.0,0.0,67.69,67.685,6.854,1.0,1.570812,1.604938,0.0,0.999702,0.5,0.086008,0.175399,OK,0.9957,0.55,0.725,False
S2A_DETAIL_c0195,S2A_DETAIL_27,64,bern50,2.0,20.0,4096,4,detail_contour_0,RQL,7.842,0.10115,,0.81767,0.05505,0.175399,13.57,0.004096,0.0,0.0,67.89,67.886,7.8359,1.641021,1.613386,1.604938,0.0,0.999702,0.5,0.086008,0.175399,OK,1.0388,0.275,0.65,False
S2A_DETAIL_c0195,S2A_DETAIL_27,64,bern50,2.0,20.0,4096,4,detail_contour_1,RQL,8.1464,0.11458,,0.84126,0.05167,0.175399,13.55,0.004096,0.0,0.0,67.99,67.99,8.1392,1.084064,1.610519,1.604938,0.0,0.999702,0.5,0.086008,0.175399,OK,0.9067,1.0,0.425,False
S2A_DETAIL_c0195,S2A_DETAIL_27,64,bern50,2.0,20.0,4096,4,detail_contour_2,RQL,9.3541,0.17298,,0.72721,0.05021,0.175399,13.55,0.004096,0.0,0.0,67.3,67.303,9.3452,1.0,1.573974,1.604938,0.0,0.999702,0.5,0.086008,0.175399,OK,0.9573,0.725,0.825,False
S2A_DETAIL_c0195,S2A_DETAIL_27,64,bern50,2.0,20.0,4096,4,detail_contour_3,RQL,10.2318,0.26925,,0.78393,0.04769,0.175399,13.54,0.004096,0.0,0.0,68.03,68.026,10.2283,12.416429,1.668856,1.604938,0.0,0.999702,0.5,0.086008,0.175399,OK,0.9768,0.675,0.225,False
S2A_DETAIL_c0195,S2A_DETAIL_27,64,bern50,2.0,20.0,4096,4,detail_microtexture_0,RQL,15.0329,0.03244,,0.58726,0.0535,0.175399,13.56,0.004096,0.0,0.0,67.74,67.742,15.009,7.927511,1.645748,1.604938,0.0,0.999702,0.5,0.086008,0.175399,OK,0.9322,0.825,0.825,False
S2A_DETAIL_c0195,S2A_DETAIL_27,64,bern50,2.0,20.0,4096,4,detail_microtexture_1,RQL,14.0645,0.02514,,0.53875,0.04953,0.175399,13.55,0.004096,0.0,0.0,67.9,67.903,14.0388,1.0,1.587834,1.604938,0.0,0.999702,0.5,0.086008,0.175399,OK,0.8479,1.0,0.475,True
S2A_DETAIL_c0195,S2A_DETAIL_27,64,bern50,2.0,20.0,4096,4,detail_microtexture_2,RQL,16.0121,0.0481,,0.60145,0.05492,0.175399,13.57,0.004096,0.0,0.0,67.94,67.934,15.9824,1.0,1.592955,1.604938,0.0,0.999702,0.5,0.086008,0.175399,OK,0.9765,0.675,0.375,False
S2A_DETAIL_c0195,S2A_DETAIL_27,64,bern50,2.0,20.0,4096,4,detail_microtexture_3,RQL,15.3138,0.03809,,0.60367,0.04619,0.175399,13.53,0.004096,0.0,0.0,67.65,67.653,15.297,1.0,1.588,1.604938,0.0,0.999702,0.5,0.086008,0.175399,OK,0.9736,0.7,0.525,False
S2A_DETAIL_c0196,S2A_DETAIL_27,64,bern50,2.0,50.0,4096,0,detail_glyph_0,RQL,8.3505,0.05942,,0.8197,0.01776,0.271169,33.52,0.010239999999999999,0.0,0.0,69.49,69.485,8.3511,2.926165,3.917697,3.82716,0.0,0.999694,0.5,0.132969,0.271169,OK,0.9766,0.725,0.725,False
S2A_DETAIL_c0196,S2A_DETAIL_27,64,bern50,2.0,50.0,4096,0,detail_glyph_1,RQL,11.084,0.36264,,0.85546,0.02306,0.271169,33.58,0.010239999999999999,0.0,0.0,69.08,69.077,11.0877,3.59164,3.938287,3.82716,0.0,0.999694,0.5,0.132969,0.271169,OK,1.0195,0.35,0.45,False
S2A_DETAIL_c0196,S2A_DETAIL_27,64,bern50,2.0,50.0,4096,0,detail_glyph_2,RQL,9.145,0.13123,,0.8411,0.01918,0.271169,33.54,0.010239999999999999,0.0,0.0,68.83,68.826,9.1461,1.0,3.817623,3.82716,0.0,0.999694,0.5,0.132969,0.271169,OK,1.018,0.325,0.1,False
S2A_DETAIL_c0196,S2A_DETAIL_27,64,bern50,2.0,50.0,4096,0,detail_glyph_3,RQL,8.4309,0.06592,,0.82908,0.01753,0.271169,33.52,0.010239999999999999,0.0,0.0,68.06,68.056,8.4307,4.668875,3.971618,3.82716,0.0,0.999694,0.5,0.132969,0.271169,OK,1.0331,0.175,0.75,False
S2A_DETAIL_c0196,S2A_DETAIL_27,64,bern50,2.0,50.0,4096,0,detail_chirp_0,RQL,6.0794,0.00485,,0.66455,0.01798,0.271169,33.53,0.010239999999999999,0.0,0.0,69.24,69.24,6.0766,1.0,3.767945,3.82716,0.0,0.999694,0.5,0.132969,0.271169,OK,1.0061,0.525,0.775,False
S2A_DETAIL_c0196,S2A_DETAIL_27,64,bern50,2.0,50.0,4096,0,detail_chirp_1,RQL,6.1913,0.00807,,0.6844,0.02241,0.271169,33.57,0.010239999999999999,0.0,0.0,69.0,68.999,6.191,1.0,3.8513,3.82716,0.0,0.999694,0.5,0.132969,0.271169,OK,1.0502,0.15,0.525,False
S2A_DETAIL_c0196,S2A_DETAIL_27,64,bern50,2.0,50.0,4096,0,detail_chirp_2,RQL,6.0989,0.00576,,0.6606,0.0195,0.271169,33.54,0.010239999999999999,0.0,0.0,68.8,68.795,6.0962,2.164496,3.894131,3.82716,0.0,0.999694,0.5,0.132969,0.271169,OK,1.1111,0.025,0.025,False
S2A_DETAIL_c0196,S2A_DETAIL_27,64,bern50,2.0,50.0,4096,0,detail_chirp_3,RQL,6.1224,0.00743,,0.71597,0.02115,0.271169,33.56,0.010239999999999999,0.0,0.0,68.6,68.601,6.1209,1.619758,3.877277,3.82716,0.0,0.999694,0.5,0.132969,0.271169,OK,0.9878,0.65,0.675,False
S2A_DETAIL_c0196,S2A_DETAIL_27,64,bern50,2.0,50.0,4096,0,detail_spokes_0,RQL,6.8296,0.01159,,0.80283,0.01608,0.271169,33.5,0.010239999999999999,0.0,0.0,68.92,68.92,6.832,3.309511,3.929558,3.82716,0.0,0.999694,0.5,0.132969,0.271169,OK,1.0051,0.55,0.8,False
S2A_DETAIL_c0196,S2A_DETAIL_27,64,bern50,2.0,50.0,4096,0,detail_spokes_1,RQL,6.6925,0.00644,,0.81023,0.02285,0.271169,33.58,0.010239999999999999,0.0,0.0,68.77,68.769,6.6933,2.154434,3.89382,3.82716,0.0,0.999694,0.5,0.132969,0.271169,OK,0.9638,0.85,0.025,False
S2A_DETAIL_c0196,S2A_DETAIL_27,64,bern50,2.0,50.0,4096,0,detail_spokes_2,RQL,6.909,0.02501,,0.79715,0.02323,0.271169,33.58,0.010239999999999999,0.0,0.0,68.85,68.851,6.9135,4.944399,3.980142,3.82716,0.0,0.999694,0.5,0.132969,0.271169,OK,1.0011,0.525,0.3,False
S2A_DETAIL_c0196,S2A_DETAIL_27,64,bern50,2.0,50.0,4096,0,detail_spokes_3,RQL,6.8146,0.00601,,0.80916,0.01808,0.271169,33.53,0.010239999999999999,0.0,0.0,68.54,68.541,6.8168,6.565366,4.030296,3.82716,0.0,0.999694,0.5,0.132969,0.271169,OK,0.9836,0.675,0.075,False
S2A_DETAIL_c0196,S2A_DETAIL_27,64,bern50,2.0,50.0,4096,0,detail_maze_0,RQL,9.6619,0.00762,,0.93638,0.01918,0.271169,33.54,0.010239999999999999,0.0,0.0,69.02,69.015,9.6617,1.351339,3.868972,3.82716,0.0,0.999694,0.5,0.132969,0.271169,OK,0.9565,0.875,0.525,False
S2A_DETAIL_c0196,S2A_DETAIL_27,64,bern50,2.0,50.0,4096,0,detail_maze_1,RQL,9.6589,0.00842,,0.93674,0.02066,0.271169,33.55,0.010239999999999999,0.0,0.0,68.13,68.128,9.6583,11.045789,4.168922,3.82716,0.0,0.999694,0.5,0.132969,0.271169,OK,1.0723,0.05,0.75,False
S2A_DETAIL_c0196,S2A_DETAIL_27,64,bern50,2.0,50.0,4096,0,detail_maze_2,RQL,9.0661,0.00741,,0.9239,0.01729,0.271169,33.52,0.010239999999999999,0.0,0.0,68.41,68.409,9.0659,2.63339,3.908639,3.82716,0.0,0.999694,0.5,0.132969,0.271169,OK,1.1368,0.025,0.1,False
S2A_DETAIL_c0196,S2A_DETAIL_27,64,bern50,2.0,50.0,4096,0,detail_maze_3,RQL,6.8817,0.00619,,0.8394,0.01707,0.271169,33.51,0.010239999999999999,0.0,0.0,68.97,68.973,6.8814,6.357039,4.02385,3.82716,0.0,0.999694,0.5,0.132969,0.271169,OK,0.9994,0.55,0.875,False
S2A_DETAIL_c0196,S2A_DETAIL_27,64,bern50,2.0,50.0,4096,0,detail_contour_0,RQL,8.1015,0.11032,,0.7927,0.01895,0.271169,33.54,0.010239999999999999,0.0,0.0,68.73,68.725,8.1054,3.011943,3.920351,3.82716,0.0,0.999694,0.5,0.132969,0.271169,OK,1.0347,0.2,0.575,False
S2A_DETAIL_c0196,S2A_DETAIL_27,64,bern50,2.0,50.0,4096,0,detail_contour_1,RQL,8.3839,0.13184,,0.81766,0.02154,0.271169,33.56,0.010239999999999999,0.0,0.0,69.46,69.459,8.3862,1.012237,3.85848,3.82716,0.0,0.999694,0.5,0.132969,0.271169,OK,0.9896,0.65,0.55,False
S2A_DETAIL_c0196,S2A_DETAIL_27,64,bern50,2.0,50.0,4096,0,detail_contour_2,RQL,9.4089,0.17533,,0.72192,0.02145,0.271169,33.56,0.010239999999999999,0.0,0.0,68.79,68.79,9.4087,1.998654,3.889,3.82716,0.0,0.999694,0.5,0.132969,0.271169,OK,1.0281,0.225,1.0,False
S2A_DETAIL_c0196,S2A_DETAIL_27,64,bern50,2.0,50.0,4096,0,detail_contour_3,RQL,10.3821,0.26926,,0.76995,0.02,0.271169,33.55,0.010239999999999999,0.0,0.0,68.4,68.403,10.3845,4.446952,3.964751,3.82716,0.0,0.999694,0.5,0.132969,0.271169,OK,1.0172,0.4,0.15,False
S2A_DETAIL_c0196,S2A_DETAIL_27,64,bern50,2.0,50.0,4096,0,detail_microtexture_0,RQL,14.9802,0.03176,,0.58955,0.0195,0.271169,33.54,0.010239999999999999,0.0,0.0,68.73,68.729,14.9752,1.0,3.769283,3.82716,0.0,0.999694,0.5,0.132969,0.271169,OK,0.981,0.725,0.6,False
S2A_DETAIL_c0196,S2A_DETAIL_27,64,bern50,2.0,50.0,4096,0,detail_microtexture_1,RQL,13.92,0.02523,,0.54682,0.02184,0.271169,33.57,0.010239999999999999,0.0,0.0,68.37,68.366,13.9096,1.058859,3.859922,3.82716,0.0,0.999694,0.5,0.132969,0.271169,OK,1.0909,0.025,0.725,False
S2A_DETAIL_c0196,S2A_DETAIL_27,64,bern50,2.0,50.0,4096,0,detail_microtexture_2,RQL,16.0895,0.04859,,0.5944,0.02153,0.271169,33.56,0.010239999999999999,0.0,0.0,69.07,69.065,16.0848,3.528869,3.936345,3.82716,0.0,0.999694,0.5,0.132969,0.271169,OK,1.0451,0.15,0.75,False
S2A_DETAIL_c0196,S2A_DETAIL_27,64,bern50,2.0,50.0,4096,0,detail_microtexture_3,RQL,15.3245,0.03824,,0.60203,0.0228,0.271169,33.58,0.010239999999999999,0.0,0.0,69.31,69.305,15.3206,3.461992,3.934276,3.82716,0.0,0.999694,0.5,0.132969,0.271169,OK,1.0014,0.55,0.075,False
S2A_DETAIL_c0197,S2A_DETAIL_27,64,bern50,2.0,50.0,4096,1,detail_glyph_0,RQL,8.3119,0.05717,,0.82341,0.02495,0.270602,33.6,0.010239999999999999,0.0,0.0,68.29,68.294,8.3119,1.023607,3.858832,3.82716,0.0,0.999703,0.5,0.132691,0.270602,OK,1.06,0.15,0.475,False
S2A_DETAIL_c0197,S2A_DETAIL_27,64,bern50,2.0,50.0,4096,1,detail_glyph_1,RQL,11.082,0.36508,,0.85567,0.02031,0.270602,33.55,0.010239999999999999,0.0,0.0,68.22,68.219,11.0855,1.009012,3.85838,3.82716,0.0,0.999703,0.5,0.132691,0.270602,OK,1.1411,0.025,0.6,False
S2A_DETAIL_c0197,S2A_DETAIL_27,64,bern50,2.0,50.0,4096,1,detail_glyph_2,RQL,9.2086,0.14166,,0.83487,0.02326,0.270602,33.58,0.010239999999999999,0.0,0.0,68.45,68.448,9.2107,4.545789,3.967811,3.82716,0.0,0.999703,0.5,0.132691,0.270602,OK,0.9532,0.8,0.4,False
S2A_DETAIL_c0197,S2A_DETAIL_27,64,bern50,2.0,50.0,4096,1,detail_glyph_3,RQL,8.4764,0.07374,,0.82467,0.01626,0.270602,33.51,0.010239999999999999,0.0,0.0,68.58,68.575,8.4771,7.180449,4.049329,3.82716,0.0,0.999703,0.5,0.132691,0.270602,OK,0.9782,0.65,0.4,False
S2A_DETAIL_c0197,S2A_DETAIL_27,64,bern50,2.0,50.0,4096,1,detail_chirp_0,RQL,6.2773,0.00787,,0.64935,0.01794,0.270602,33.53,0.010239999999999999,0.0,0.0,68.52,68.52,6.2776,2.97226,3.919124,3.82716,0.0,0.999703,0.5,0.132691,0.270602,OK,0.9644,0.8,0.35,False
S2A_DETAIL_c0197,S2A_DETAIL_27,64,bern50,2.0,50.0,4096,1,detail_chirp_1,RQL,6.0936,0.00497,,0.69218,0.01648,0.270602,33.51,0.010239999999999999,0.0,0.0,68.87,68.867,6.0929,2.419784,3.90203,3.82716,0.0,0.999703,0.5,0.132691,0.270602,OK,1.0174,0.4,0.925,False
S2A_DETAIL_c0197,S2A_DETAIL_27,64,bern50,2.0,50.0,4096,1,detail_chirp_2,RQL,6.1601,0.00459,,0.65595,0.02446,0.270602,33.6,0.010239999999999999,0.0,0.0,72.65,72.649,6.1576,1.0,3.813395,3.82716,0.0,0.999703,0.5,0.132691,0.270602,OK,1.057,0.15,0.925,False
S2A_DETAIL_c0197,S2A_DETAIL_27,64,bern50,2.0,50.0,4096,1,detail_chirp_3,RQL,6.1283,0.00705,,0.71539,0.01941,0.270602,33.54,0.010239999999999999,0.0,0.0,71.64,71.643,6.128,1.0,3.843374,3.82716,0.0,0.999703,0.5,0.132691,0.270602,OK,1.0646,0.15,0.825,False
S2A_DETAIL_c0197,S2A_DETAIL_27,64,bern50,2.0,50.0,4096,1,detail_spokes_0,RQL,6.7382,0.00419,,0.81141,0.02284,0.270602,33.58,0.010239999999999999,0.0,0.0,69.95,69.952,6.7397,4.56496,3.968404,3.82716,0.0,0.999703,0.5,0.132691,0.270602,OK,1.0482,0.15,0.2,False
S2A_DETAIL_c0197,S2A_DETAIL_27,64,bern50,2.0,50.0,4096,1,detail_spokes_1,RQL,6.662,0.00653,,0.81312,0.01918,0.270602,33.54,0.010239999999999999,0.0,0.0,69.6,69.603,6.6625,7.380308,4.055513,3.82716,0.0,0.999703,0.5,0.132691,0.270602,OK,1.055,0.15,0.3,False
S2A_DETAIL_c0197,S2A_DETAIL_27,64,bern50,2.0,50.0,4096,1,detail_spokes_2,RQL,6.7887,0.01806,,0.80849,0.01965,0.270602,33.54,0.010239999999999999,0.0,0.0,69.14,69.142,6.7907,4.135725,3.955123,3.82716,0.0,0.999703,0.5,0.132691,0.270602,OK,1.0766,0.125,0.275,False
S2A_DETAIL_c0197,S2A_DETAIL_27,64,bern50,2.0,50.0,4096,1,detail_spokes_3,RQL,6.8542,0.00762,,0.80547,0.01605,0.270602,33.51,0.010239999999999999,0.0,0.0,69.14,69.139,6.8565,1.0,3.786561,3.82716,0.0,0.999703,0.5,0.132691,0.270602,OK,1.0079,0.475,0.375,False
S2A_DETAIL_c0197,S2A_DETAIL_27,64,bern50,2.0,50.0,4096,1,detail_maze_0,RQL,9.6652,0.00777,,0.93601,0.01598,0.270602,33.51,0.010239999999999999,0.0,0.0,68.9,68.902,9.6651,14.192377,4.266283,3.82716,0.0,0.999703,0.5,0.132691,0.270602,OK,1.0918,0.075,0.5,False
S2A_DETAIL_c0197,S2A_DETAIL_27,64,bern50,2.0,50.0,4096,1,detail_maze_1,RQL,9.6676,0.00842,,0.93577,0.02131,0.270602,33.56,0.010239999999999999,0.0,0.0,69.02,69.024,9.6673,5.592185,4.000187,3.82716,0.0,0.999703,0.5,0.132691,0.270602,OK,1.0427,0.175,0.625,False
S2A_DETAIL_c0197,S2A_DETAIL_27,64,bern50,2.0,50.0,4096,1,detail_maze_2,RQL,9.0694,0.00831,,0.92356,0.01671,0.270602,33.51,0.010239999999999999,0.0,0.0,68.85,68.847,9.0691,11.636161,4.187192,3.82716,0.0,0.999703,0.5,0.132691,0.270602,OK,1.0177,0.375,0.475,False
S2A_DETAIL_c0197,S2A_DETAIL_27,64,bern50,2.0,50.0,4096,1,detail_maze_3,RQL,6.8688,0.00804,,0.8407,0.02109,0.270602,33.56,0.010239999999999999,0.0,0.0,69.31,69.308,6.868,3.85529,3.946446,3.82716,0.0,0.999703,0.5,0.132691,0.270602,OK,0.9915,0.65,0.4,False
S2A_DETAIL_c0197,S2A_DETAIL_27,64,bern50,2.0,50.0,4096,1,detail_contour_0,RQL,8.0456,0.10933,,0.79795,0.02115,0.270602,33.56,0.010239999999999999,0.0,0.0,69.13,69.126,8.048,1.0,3.730983,3.82716,0.0,0.999703,0.5,0.132691,0.270602,OK,0.9734,0.7,0.425,False
S2A_DETAIL_c0197,S2A_DETAIL_27,64,bern50,2.0,50.0,4096,1,detail_contour_1,RQL,8.3281,0.12182,,0.82298,0.02144,0.270602,33.56,0.010239999999999999,0.0,0.0,69.07,69.073,8.3299,1.768218,3.88187,3.82716,0.0,0.999703,0.5,0.132691,0.270602,OK,1.1086,0.025,0.6,False
S2A_DETAIL_c0197,S2A_DETAIL_27,64,bern50,2.0,50.0,4096,1,detail_contour_2,RQL,9.4347,0.16122,,0.71979,0.02055,0.270602,33.55,0.010239999999999999,0.0,0.0,68.85,68.851,9.4343,1.0,3.831876,3.82716,0.0,0.999703,0.5,0.132691,0.270602,OK,1.0123,0.425,0.6,False
S2A_DETAIL_c0197,S2A_DETAIL_27,64,bern50,2.0,50.0,4096,1,detail_contour_3,RQL,10.3013,0.26288,,0.77728,0.01524,0.270602,33.5,0.010239999999999999,0.0,0.0,69.4,69.398,10.3023,7.88432,4.071107,3.82716,0.0,0.999703,0.5,0.132691,0.270602,OK,0.9195,0.925,0.45,False
S2A_DETAIL_c0197,S2A_DETAIL_27,64,bern50,2.0,50.0,4096,1,detail_microtexture_0,RQL,15.0519,0.03711,,0.58476,0.02519,0.270602,33.6,0.010239999999999999,0.0,0.0,70.16,70.159,15.0461,7.738031,4.066581,3.82716,0.0,0.999703,0.5,0.132691,0.270602,OK,1.1687,0.025,0.9,False
S2A_DETAIL_c0197,S2A_DETAIL_27,64,bern50,2.0,50.0,4096,1,detail_microtexture_1,RQL,14.017,0.02469,,0.54037,0.01823,0.270602,33.53,0.010239999999999999,0.0,0.0,69.55,69.547,14.0127,1.0,3.825391,3.82716,0.0,0.999703,0.5,0.132691,0.270602,OK,1.0773,0.1,0.65,False
S2A_DETAIL_c0197,S2A_DETAIL_27,64,bern50,2.0,50.0,4096,1,detail_microtexture_2,RQL,16.0449,0.04852,,0.59747,0.01873,0.270602,33.54,0.010239999999999999,0.0,0.0,70.0,69.997,16.04,1.0,3.7757,3.82716,0.0,0.999703,0.5,0.132691,0.270602,OK,0.9987,0.5,0.175,False
S2A_DETAIL_c0197,S2A_DETAIL_27,64,bern50,2.0,50.0,4096,1,detail_microtexture_3,RQL,15.3353,0.0391,,0.60126,0.02048,0.270602,33.55,0.010239999999999999,0.0,0.0,70.22,70.223,15.3317,2.532174,3.905508,3.82716,0.0,0.999703,0.5,0.132691,0.270602,OK,0.8865,1.0,0.5,True
S2A_DETAIL_c0198,S2A_DETAIL_27,64,bern50,2.0,50.0,4096,2,detail_glyph_0,RQL,8.3225,0.05852,,0.82242,0.02436,0.271106,33.6,0.010239999999999999,0.0,0.0,69.13,69.131,8.3224,2.962498,3.918822,3.82716,0.0,0.999695,0.5,0.132938,0.271106,OK,1.0764,0.05,0.65,False
S2A_DETAIL_c0198,S2A_DETAIL_27,64,bern50,2.0,50.0,4096,2,detail_glyph_1,RQL,11.0516,0.36147,,0.85871,0.02195,0.271106,33.57,0.010239999999999999,0.0,0.0,69.3,69.297,11.0547,6.043348,4.014145,3.82716,0.0,0.999695,0.5,0.132938,0.271106,OK,1.0093,0.575,0.075,False
S2A_DETAIL_c0198,S2A_DETAIL_27,64,bern50,2.0,50.0,4096,2,detail_glyph_2,RQL,9.1781,0.13822,,0.83786,0.02272,0.271106,33.58,0.010239999999999999,0.0,0.0,69.42,69.415,9.1796,1.0,3.856986,3.82716,0.0,0.999695,0.5,0.132938,0.271106,OK,1.0657,0.125,0.875,False
S2A_DETAIL_c0198,S2A_DETAIL_27,64,bern50,2.0,50.0,4096,2,detail_glyph_3,RQL,8.4522,0.07367,,0.827,0.01892,0.271106,33.54,0.010239999999999999,0.0,0.0,68.64,68.641,8.4525,1.66206,3.878585,3.82716,0.0,0.999695,0.5,0.132938,0.271106,OK,0.9906,0.6,0.65,False
S2A_DETAIL_c0198,S2A_DETAIL_27,64,bern50,2.0,50.0,4096,2,detail_chirp_0,RQL,6.0807,0.00525,,0.66444,0.01747,0.271106,33.53,0.010239999999999999,0.0,0.0,68.68,68.676,6.078,1.600963,3.876695,3.82716,0.0,0.999695,0.5,0.132938,0.271106,OK,1.1024,0.025,0.175,False
S2A_DETAIL_c0198,S2A_DETAIL_27,64,bern50,2.0,50.0,4096,2,detail_chirp_1,RQL,6.1038,0.00496,,0.69137,0.02264,0.271106,33.58,0.010239999999999999,0.0,0.0,69.2,69.198,6.1031,3.06307,3.921933,3.82716,0.0,0.999695,0.5,0.132938,0.271106,OK,0.9733,0.7,0.775,False
S2A_DETAIL_c0198,S2A_DETAIL_27,64,bern50,2.0,50.0,4096,2,detail_chirp_2,RQL,6.2022,0.00589,,0.65276,0.02214,0.271106,33.58,0.010239999999999999,0.0,0.0,71.44,71.443,6.1999,1.0,3.810869,3.82716,0.0,0.999695,0.5,0.132938,0.271106,OK,1.0218,0.4,0.975,False
S2A_DETAIL_c0198,S2A_DETAIL_27,64,bern50,2.0,50.0,4096,2,detail_chirp_3,RQL,6.1453,0.00705,,0.71411,0.02035,0.271106,33.56,0.010239999999999999,0.0,0.0,73.54,73.541,6.1436,1.0,3.80908,3.82716,0.0,0.999695,0.5,0.132938,0.271106,OK,0.9438,0.85,0.45,False
S2A_DETAIL_c0198,S2A_DETAIL_27,64,bern50,2.0,50.0,4096,2,detail_spokes_0,RQL,6.8721,0.00862,,0.79881,0.01871,0.271106,33.54,0.010239999999999999,0.0,0.0,71.12,71.114,6.8756,3.055441,3.921697,3.82716,0.0,0.999695,0.5,0.132938,0.271106,OK,1.0464,0.2,0.85,False
S2A_DETAIL_c0198,S2A_DETAIL_27,64,bern50,2.0,50.0,4096,2,detail_spokes_1,RQL,6.5486,0.00585,,0.82408,0.02308,0.271106,33.59,0.010239999999999999,0.0,0.0,70.08,70.076,6.5462,1.0,3.836732,3.82716,0.0,0.999695,0.5,0.132938,0.271106,OK,1.0456,0.15,0.075,False
S2A_DETAIL_c0198,S2A_DETAIL_27,64,bern50,2.0,50.0,4096,2,detail_spokes_2,RQL,6.7252,0.01631,,0.81452,0.02093,0.271106,33.56,0.010239999999999999,0.0,0.0,69.94,69.935,6.7262,5.153507,3.986613,3.82716,0.0,0.999695,0.5,0.132938,0.271106,OK,1.0074,0.55,0.75,False
S2A_DETAIL_c0198,S2A_DETAIL_27,64,bern50,2.0,50.0,4096,2,detail_spokes_3,RQL,6.7522,0.00509,,0.8151,0.02309,0.271106,33.59,0.010239999999999999,0.0,0.0,69.62,69.617,6.7533,1.0,3.844396,3.82716,0.0,0.999695,0.5,0.132938,0.271106,OK,1.0536,0.125,0.75,False
S2A_DETAIL_c0198,S2A_DETAIL_27,64,bern50,2.0,50.0,4096,2,detail_maze_0,RQL,9.6681,0.00818,,0.9357,0.02233,0.271106,33.58,0.010239999999999999,0.0,0.0,69.54,69.537,9.6679,9.46973,4.120159,3.82716,0.0,0.999695,0.5,0.132938,0.271106,OK,1.1181,0.025,0.125,False
S2A_DETAIL_c0198,S2A_DETAIL_27,64,bern50,2.0,50.0,4096,2,detail_maze_1,RQL,9.6639,0.00808,,0.93616,0.01568,0.271106,33.51,0.010239999999999999,0.0,0.0,69.36,69.363,9.6637,10.629767,4.156051,3.82716,0.0,0.999695,0.5,0.132938,0.271106,OK,1.1103,0.025,0.95,False
S2A_DETAIL_c0198,S2A_DETAIL_27,64,bern50,2.0,50.0,4096,2,detail_maze_2,RQL,9.0663,0.00738,,0.9239,0.02407,0.271106,33.6,0.010239999999999999,0.0,0.0,69.83,69.827,9.066,7.218088,4.050492,3.82716,0.0,0.999695,0.5,0.132938,0.271106,OK,0.9748,0.7,0.575,False
S2A_DETAIL_c0198,S2A_DETAIL_27,64,bern50,2.0,50.0,4096,2,detail_maze_3,RQL,6.8615,0.00497,,0.84137,0.01546,0.271106,33.5,0.010239999999999999,0.0,0.0,69.64,69.635,6.8611,1.688902,3.879416,3.82716,0.0,0.999695,0.5,0.132938,0.271106,OK,1.0285,0.325,0.075,False
S2A_DETAIL_c0198,S2A_DETAIL_27,64,bern50,2.0,50.0,4096,2,detail_contour_0,RQL,8.1023,0.11078,,0.79262,0.01928,0.271106,33.55,0.010239999999999999,0.0,0.0,69.43,69.434,8.1063,3.548727,3.93696,3.82716,0.0,0.999695,0.5,0.132938,0.271106,OK,0.9787,0.675,0.9,False
S2A_DETAIL_c0198,S2A_DETAIL_27,64,bern50,2.0,50.0,4096,2,detail_contour_1,RQL,8.3255,0.12114,,0.82323,0.02058,0.271106,33.56,0.010239999999999999,0.0,0.0,69.76,69.756,8.3273,3.543459,3.936797,3.82716,0.0,0.999695,0.5,0.132938,0.271106,OK,1.0311,0.275,0.625,False
S2A_DETAIL_c0198,S2A_DETAIL_27,64,bern50,2.0,50.0,4096,2,detail_contour_2,RQL,9.4287,0.16091,,0.72027,0.02052,0.271106,33.56,0.010239999999999999,0.0,0.0,69.53,69.532,9.4286,1.0,3.846226,3.82716,0.0,0.999695,0.5,0.132938,0.271106,OK,0.991,0.6,0.725,False
S2A_DETAIL_c0198,S2A_DETAIL_27,64,bern50,2.0,50.0,4096,2,detail_contour_3,RQL,10.2993,0.26876,,0.77749,0.02266,0.271106,33.58,0.010239999999999999,0.0,0.0,69.42,69.419,10.2999,1.826577,3.883676,3.82716,0.0,0.999695,0.5,0.132938,0.271106,OK,1.0357,0.25,0.9,False
S2A_DETAIL_c0198,S2A_DETAIL_27,64,bern50,2.0,50.0,4096,2,detail_microtexture_0,RQL,15.0055,0.03287,,0.58792,0.02203,0.271106,33.58,0.010239999999999999,0.0,0.0,69.45,69.446,14.9992,2.677871,3.910015,3.82716,0.0,0.999695,0.5,0.132938,0.271106,OK,1.0266,0.4,0.65,False
S2A_DETAIL_c0198,S2A_DETAIL_27,64,bern50,2.0,50.0,4096,2,detail_microtexture_1,RQL,14.0193,0.02258,,0.54026,0.01793,0.271106,33.53,0.010239999999999999,0.0,0.0,69.6,69.602,14.0144,2.120314,3.892764,3.82716,0.0,0.999695,0.5,0.132938,0.271106,OK,1.0255,0.325,0.95,False
S2A_DETAIL_c0198,S2A_DETAIL_27,64,bern50,2.0,50.0,4096,2,detail_microtexture_2,RQL,16.009,0.0478,,0.59989,0.01678,0.271106,33.52,0.010239999999999999,0.0,0.0,69.62,69.622,16.0049,1.0,3.741676,3.82716,0.0,0.999695,0.5,0.132938,0.271106,OK,1.0123,0.5,0.075,False
S2A_DETAIL_c0198,S2A_DETAIL_27,64,bern50,2.0,50.0,4096,2,detail_microtexture_3,RQL,15.3358,0.03812,,0.60117,0.01844,0.271106,33.54,0.010239999999999999,0.0,0.0,70.23,70.231,15.3331,3.309439,3.929556,3.82716,0.0,0.999695,0.5,0.132938,0.271106,OK,1.0135,0.5,0.625,False
S2A_DETAIL_c0199,S2A_DETAIL_27,64,bern50,2.0,50.0,4096,3,detail_glyph_0,RQL,8.3015,0.05812,,0.8244,0.01638,0.271484,33.51,0.010239999999999999,0.0,0.0,69.38,69.378,8.3014,1.573042,3.875831,3.82716,0.0,0.999695,0.5,0.133124,0.271484,OK,1.0413,0.2,0.375,False
S2A_DETAIL_c0199,S2A_DETAIL_27,64,bern50,2.0,50.0,4096,3,detail_glyph_1,RQL,11.0603,0.3653,,0.85786,0.02222,0.271484,33.57,0.010239999999999999,0.0,0.0,69.59,69.59,11.0633,5.61535,4.000902,3.82716,0.0,0.999695,0.5,0.133124,0.271484,OK,0.9669,0.8,0.2,False
S2A_DETAIL_c0199,S2A_DETAIL_27,64,bern50,2.0,50.0,4096,3,detail_glyph_2,RQL,9.1601,0.13363,,0.83963,0.0245,0.271484,33.6,0.010239999999999999,0.0,0.0,70.13,70.132,9.1614,8.092696,4.077553,3.82716,0.0,0.999695,0.5,0.133124,0.271484,OK,1.0341,0.175,0.25,False
S2A_DETAIL_c0199,S2A_DETAIL_27,64,bern50,2.0,50.0,4096,3,detail_glyph_3,RQL,8.4196,0.06964,,0.83019,0.02508,0.271484,33.61,0.010239999999999999,0.0,0.0,69.78,69.78,8.4191,2.324692,3.899088,3.82716,0.0,0.999695,0.5,0.133124,0.271484,OK,1.0481,0.175,0.2,False
S2A_DETAIL_c0199,S2A_DETAIL_27,64,bern50,2.0,50.0,4096,3,detail_chirp_0,RQL,6.1226,0.00522,,0.66123,0.02227,0.271484,33.58,0.010239999999999999,0.0,0.0,70.28,70.274,6.1201,1.0,3.766507,3.82716,0.0,0.999695,0.5,0.133124,0.271484,OK,0.9651,0.825,0.525,False
S2A_DETAIL_c0199,S2A_DETAIL_27,64,bern50,2.0,50.0,4096,3,detail_chirp_1,RQL,6.166,0.00668,,0.68635,0.02071,0.271484,33.56,0.010239999999999999,0.0,0.0,68.88,68.884,6.1663,2.73397,3.911751,3.82716,0.0,0.999695,0.5,0.133124,0.271484,OK,1.0336,0.175,0.375,False
S2A_DETAIL_c0199,S2A_DETAIL_27,64,bern50,2.0,50.0,4096,3,detail_chirp_2,RQL,6.1418,0.00527,,0.65725,0.01931,0.271484,33.54,0.010239999999999999,0.0,0.0,69.93,69.928,6.1404,1.0,3.814249,3.82716,0.0,0.999695,0.5,0.133124,0.271484,OK,1.065,0.1,1.0,False
S2A_DETAIL_c0199,S2A_DETAIL_27,64,bern50,2.0,50.0,4096,3,detail_chirp_3,RQL,6.0006,0.00615,,0.72621,0.02031,0.271484,33.55,0.010239999999999999,0.0,0.0,70.75,70.749,5.9976,2.309711,3.898624,3.82716,0.0,0.999695,0.5,0.133124,0.271484,OK,0.9151,0.975,0.35,False
S2A_DETAIL_c0199,S2A_DETAIL_27,64,bern50,2.0,50.0,4096,3,detail_spokes_0,RQL,6.7519,0.00641,,0.81014,0.01633,0.271484,33.51,0.010239999999999999,0.0,0.0,70.09,70.09,6.7532,4.062491,3.952856,3.82716,0.0,0.999695,0.5,0.133124,0.271484,OK,0.9822,0.7,0.4,False
S2A_DETAIL_c0199,S2A_DETAIL_27,64,bern50,2.0,50.0,4096,3,detail_spokes_1,RQL,6.8064,0.00965,,0.79952,0.01737,0.271484,33.52,0.010239999999999999,0.0,0.0,70.09,70.085,6.8089,1.0,3.768436,3.82716,0.0,0.999695,0.5,0.133124,0.271484,OK,0.9517,0.85,0.2,False
S2A_DETAIL_c0199,S2A_DETAIL_27,64,bern50,2.0,50.0,4096,3,detail_spokes_2,RQL,6.8925,0.02106,,0.7988,0.01595,0.271484,33.51,0.010239999999999999,0.0,0.0,68.75,68.75,6.8955,2.887016,3.916486,3.82716,0.0,0.999695,0.5,0.133124,0.271484,OK,0.9794,0.725,0.525,False
S2A_DETAIL_c0199,S2A_DETAIL_27,64,bern50,2.0,50.0,4096,3,detail_spokes_3,RQL,6.8156,0.00561,,0.80904,0.02346,0.271484,33.59,0.010239999999999999,0.0,0.0,68.59,68.593,6.8181,3.396186,3.93224,3.82716,0.0,0.999695,0.5,0.133124,0.271484,OK,1.031,0.2,0.7,False
S2A_DETAIL_c0199,S2A_DETAIL_27,64,bern50,2.0,50.0,4096,3,detail_maze_0,RQL,9.6593,0.00814,,0.93667,0.02,0.271484,33.55,0.010239999999999999,0.0,0.0,68.97,68.972,9.6589,6.810171,4.037871,3.82716,0.0,0.999695,0.5,0.133124,0.271484,OK,1.0283,0.25,0.925,False
S2A_DETAIL_c0199,S2A_DETAIL_27,64,bern50,2.0,50.0,4096,3,detail_maze_1,RQL,9.6653,0.00802,,0.936,0.01459,0.271484,33.49,0.010239999999999999,0.0,0.0,68.84,68.841,9.6652,7.48172,4.058649,3.82716,0.0,0.999695,0.5,0.133124,0.271484,OK,1.0857,0.05,0.525,False
S2A_DETAIL_c0199,S2A_DETAIL_27,64,bern50,2.0,50.0,4096,3,detail_maze_2,RQL,9.06,0.0076,,0.92456,0.01556,0.271484,33.5,0.010239999999999999,0.0,0.0,68.67,68.671,9.0597,11.714544,4.189614,3.82716,0.0,0.999695,0.5,0.133124,0.271484,OK,1.0842,0.05,0.75,False
S2A_DETAIL_c0199,S2A_DETAIL_27,64,bern50,2.0,50.0,4096,3,detail_maze_3,RQL,6.8777,0.00581,,0.83983,0.02214,0.271484,33.57,0.010239999999999999,0.0,0.0,68.28,68.281,6.877,1.390113,3.870171,3.82716,0.0,0.999695,0.5,0.133124,0.271484,OK,1.03,0.2,0.65,False
S2A_DETAIL_c0199,S2A_DETAIL_27,64,bern50,2.0,50.0,4096,3,detail_contour_0,RQL,7.9921,0.10546,,0.80291,0.01954,0.271484,33.55,0.010239999999999999,0.0,0.0,68.93,68.925,7.9942,6.072069,4.015033,3.82716,0.0,0.999695,0.5,0.133124,0.271484,OK,1.024,0.275,0.45,False
S2A_DETAIL_c0199,S2A_DETAIL_27,64,bern50,2.0,50.0,4096,3,detail_contour_1,RQL,8.4322,0.12251,,0.81297,0.0245,0.271484,33.6,0.010239999999999999,0.0,0.0,69.41,69.406,8.4362,6.010779,4.013137,3.82716,0.0,0.999695,0.5,0.133124,0.271484,OK,0.889,1.0,0.1,False
S2A_DETAIL_c0199,S2A_DETAIL_27,64,bern50,2.0,50.0,4096,3,detail_contour_2,RQL,9.3911,0.156,,0.7235,0.01966,0.271484,33.55,0.010239999999999999,0.0,0.0,68.78,68.776,9.3897,1.147188,3.862655,3.82716,0.0,0.999695,0.5,0.133124,0.271484,OK,0.9974,0.575,0.075,False
S2A_DETAIL_c0199,S2A_DETAIL_27,64,bern50,2.0,50.0,4096,3,detail_contour_3,RQL,10.2507,0.26913,,0.78185,0.01416,0.271484,33.49,0.010239999999999999,0.0,0.0,69.26,69.258,10.2513,3.611251,3.938894,3.82716,0.0,0.999695,0.5,0.133124,0.271484,OK,1.0241,0.275,0.6,False
S2A_DETAIL_c0199,S2A_DETAIL_27,64,bern50,2.0,50.0,4096,3,detail_microtexture_0,RQL,14.986,0.03374,,0.58926,0.02271,0.271484,33.58,0.010239999999999999,0.0,0.0,68.35,68.352,14.9795,1.0,3.774558,3.82716,0.0,0.999695,0.5,0.133124,0.271484,OK,0.9386,0.875,0.675,False
S2A_DETAIL_c0199,S2A_DETAIL_27,64,bern50,2.0,50.0,4096,3,detail_microtexture_1,RQL,14.0163,0.02503,,0.54039,0.01677,0.271484,33.52,0.010239999999999999,0.0,0.0,68.81,68.808,14.0124,1.827703,3.883711,3.82716,0.0,0.999695,0.5,0.133124,0.271484,OK,0.9009,1.0,0.125,False
S2A_DETAIL_c0199,S2A_DETAIL_27,64,bern50,2.0,50.0,4096,3,detail_microtexture_2,RQL,16.0334,0.04905,,0.59826,0.02009,0.271484,33.55,0.010239999999999999,0.0,0.0,68.84,68.843,16.0286,1.0,3.7564,3.82716,0.0,0.999695,0.5,0.133124,0.271484,OK,0.9801,0.725,0.825,False
S2A_DETAIL_c0199,S2A_DETAIL_27,64,bern50,2.0,50.0,4096,3,detail_microtexture_3,RQL,15.2752,0.04035,,0.60546,0.01747,0.271484,33.52,0.010239999999999999,0.0,0.0,68.72,68.719,15.2712,3.375287,3.931594,3.82716,0.0,0.999695,0.5,0.133124,0.271484,OK,1.0139,0.375,0.925,False
S2A_DETAIL_c0200,S2A_DETAIL_27,64,bern50,2.0,50.0,4096,4,detail_glyph_0,RQL,8.3242,0.06144,,0.82223,0.02185,0.270854,33.57,0.010239999999999999,0.0,0.0,68.78,68.779,8.3243,3.409213,3.932644,3.82716,0.0,0.999698,0.5,0.132815,0.270854,OK,0.9685,0.725,0.85,False
S2A_DETAIL_c0200,S2A_DETAIL_27,64,bern50,2.0,50.0,4096,4,detail_glyph_1,RQL,10.9782,0.3537,,0.86614,0.02247,0.270854,33.58,0.010239999999999999,0.0,0.0,69.13,69.131,10.9799,7.942681,4.072912,3.82716,0.0,0.999698,0.5,0.132815,0.270854,OK,1.0495,0.125,1.0,False
S2A_DETAIL_c0200,S2A_DETAIL_27,64,bern50,2.0,50.0,4096,4,detail_glyph_2,RQL,9.1207,0.13082,,0.8435,0.01858,0.270854,33.54,0.010239999999999999,0.0,0.0,69.24,69.243,9.1214,2.329027,3.899222,3.82716,0.0,0.999698,0.5,0.132815,0.270854,OK,0.9295,1.0,0.45,False
S2A_DETAIL_c0200,S2A_DETAIL_27,64,bern50,2.0,50.0,4096,4,detail_glyph_3,RQL,8.4479,0.07024,,0.82743,0.01894,0.270854,33.54,0.010239999999999999,0.0,0.0,68.72,68.717,8.448,7.909083,4.071872,3.82716,0.0,0.999698,0.5,0.132815,0.270854,OK,1.0853,0.075,0.025,False
S2A_DETAIL_c0200,S2A_DETAIL_27,64,bern50,2.0,50.0,4096,4,detail_chirp_0,RQL,6.1326,0.00512,,0.66041,0.01957,0.270854,33.55,0.010239999999999999,0.0,0.0,68.29,68.29,6.1309,1.0,3.735881,3.82716,0.0,0.999698,0.5,0.132815,0.270854,OK,0.9713,0.7,0.725,False
S2A_DETAIL_c0200,S2A_DETAIL_27,64,bern50,2.0,50.0,4096,4,detail_chirp_1,RQL,6.0275,0.00469,,0.69754,0.01751,0.270854,33.52,0.010239999999999999,0.0,0.0,69.18,69.18,6.0259,8.848747,4.100946,3.82716,0.0,0.999698,0.5,0.132815,0.270854,OK,0.9452,0.925,0.65,False
S2A_DETAIL_c0200,S2A_DETAIL_27,64,bern50,2.0,50.0,4096,4,detail_chirp_2,RQL,6.1087,0.00416,,0.65979,0.01809,0.270854,33.53,0.010239999999999999,0.0,0.0,68.81,68.804,6.1069,1.0,3.761897,3.82716,0.0,0.999698,0.5,0.132815,0.270854,OK,1.0075,0.375,0.825,False
S2A_DETAIL_c0200,S2A_DETAIL_27,64,bern50,2.0,50.0,4096,4,detail_chirp_3,RQL,6.1476,0.00617,,0.71379,0.02042,0.270854,33.56,0.010239999999999999,0.0,0.0,68.84,68.837,6.1474,1.517577,3.874115,3.82716,0.0,0.999698,0.5,0.132815,0.270854,OK,1.0328,0.2,0.05,False
S2A_DETAIL_c0200,S2A_DETAIL_27,64,bern50,2.0,50.0,4096,4,detail_spokes_0,RQL,6.8507,0.01024,,0.80082,0.02181,0.270854,33.57,0.010239999999999999,0.0,0.0,68.56,68.555,6.8537,6.614952,4.031831,3.82716,0.0,0.999698,0.5,0.132815,0.270854,OK,0.9516,0.875,0.925,False
S2A_DETAIL_c0200,S2A_DETAIL_27,64,bern50,2.0,50.0,4096,4,detail_spokes_1,RQL,6.8177,0.00815,,0.79856,0.0213,0.270854,33.56,0.010239999999999999,0.0,0.0,71.2,71.196,6.8194,1.0,3.828468,3.82716,0.0,0.999698,0.5,0.132815,0.270854,OK,1.1351,0.05,0.175,False
S2A_DETAIL_c0200,S2A_DETAIL_27,64,bern50,2.0,50.0,4096,4,detail_spokes_2,RQL,6.8154,0.02368,,0.806,0.01815,0.270854,33.53,0.010239999999999999,0.0,0.0,69.48,69.475,6.8175,5.362909,3.993092,3.82716,0.0,0.999698,0.5,0.132815,0.270854,OK,0.9628,0.75,0.8,False
S2A_DETAIL_c0200,S2A_DETAIL_27,64,bern50,2.0,50.0,4096,4,detail_spokes_3,RQL,6.8688,0.00688,,0.80408,0.01782,0.270854,33.53,0.010239999999999999,0.0,0.0,68.64,68.643,6.8715,6.635274,4.03246,3.82716,0.0,0.999698,0.5,0.132815,0.270854,OK,1.0179,0.3,0.375,False
S2A_DETAIL_c0200,S2A_DETAIL_27,64,bern50,2.0,50.0,4096,4,detail_maze_0,RQL,9.6689,0.00908,,0.93561,0.01355,0.270854,33.48,0.010239999999999999,0.0,0.0,69.07,69.065,9.6688,10.296225,4.145732,3.82716,0.0,0.999698,0.5,0.132815,0.270854,OK,1.08,0.075,0.875,False
S2A_DETAIL_c0200,S2A_DETAIL_27,64,bern50,2.0,50.0,4096,4,detail_maze_1,RQL,9.6667,0.00801,,0.93585,0.01781,0.270854,33.53,0.010239999999999999,0.0,0.0,68.57,68.568,9.6665,5.418822,3.994822,3.82716,0.0,0.999698,0.5,0.132815,0.270854,OK,1.1105,0.075,0.8,False
S2A_DETAIL_c0200,S2A_DETAIL_27,64,bern50,2.0,50.0,4096,4,detail_maze_2,RQL,9.0675,0.00751,,0.92376,0.01994,0.270854,33.55,0.010239999999999999,0.0,0.0,68.79,68.785,9.0673,9.381392,4.117426,3.82716,0.0,0.999698,0.5,0.132815,0.270854,OK,1.0145,0.35,0.975,False
S2A_DETAIL_c0200,S2A_DETAIL_27,64,bern50,2.0,50.0,4096,4,detail_maze_3,RQL,6.8699,0.00549,,0.84056,0.01873,0.270854,33.54,0.010239999999999999,0.0,0.0,68.26,68.262,6.8695,6.788344,4.037196,3.82716,0.0,0.999698,0.5,0.132815,0.270854,OK,0.9785,0.675,0.825,False
S2A_DETAIL_c0200,S2A_DETAIL_27,64,bern50,2.0,50.0,4096,4,detail_contour_0,RQL,7.9145,0.1026,,0.81027,0.01719,0.270854,33.52,0.010239999999999999,0.0,0.0,68.71,68.708,7.915,8.17151,4.079992,3.82716,0.0,0.999698,0.5,0.132815,0.270854,OK,0.9458,0.925,0.4,False
S2A_DETAIL_c0200,S2A_DETAIL_27,64,bern50,2.0,50.0,4096,4,detail_contour_1,RQL,8.4475,0.12704,,0.8115,0.02315,0.270854,33.58,0.010239999999999999,0.0,0.0,69.32,69.323,8.452,4.517127,3.966923,3.82716,0.0,0.999698,0.5,0.132815,0.270854,OK,0.9384,0.95,0.725,False
S2A_DETAIL_c0200,S2A_DETAIL_27,64,bern50,2.0,50.0,4096,4,detail_contour_2,RQL,9.3687,0.17354,,0.72536,0.02244,0.270854,33.58,0.010239999999999999,0.0,0.0,69.79,69.79,9.3674,4.536305,3.967516,3.82716,0.0,0.999698,0.5,0.132815,0.270854,OK,1.07,0.075,0.1,False
S2A_DETAIL_c0200,S2A_DETAIL_27,64,bern50,2.0,50.0,4096,4,detail_contour_3,RQL,10.2174,0.26089,,0.78495,0.02193,0.270854,33.57,0.010239999999999999,0.0,0.0,68.29,68.289,10.217,6.991866,4.043493,3.82716,0.0,0.999698,0.5,0.132815,0.270854,OK,0.9384,0.95,0.225,False
S2A_DETAIL_c0200,S2A_DETAIL_27,64,bern50,2.0,50.0,4096,4,detail_microtexture_0,RQL,15.0014,0.03262,,0.58813,0.02056,0.270854,33.56,0.010239999999999999,0.0,0.0,68.7,68.698,14.9962,1.0,3.8452,3.82716,0.0,0.999698,0.5,0.132815,0.270854,OK,0.9917,0.575,0.05,False
S2A_DETAIL_c0200,S2A_DETAIL_27,64,bern50,2.0,50.0,4096,4,detail_microtexture_1,RQL,13.9732,0.02412,,0.54351,0.02632,0.270854,33.62,0.010239999999999999,0.0,0.0,68.42,68.424,13.9623,1.0,3.744129,3.82716,0.0,0.999698,0.5,0.132815,0.270854,OK,1.0951,0.075,0.55,False
S2A_DETAIL_c0200,S2A_DETAIL_27,64,bern50,2.0,50.0,4096,4,detail_microtexture_2,RQL,16.0883,0.04883,,0.59443,0.02134,0.270854,33.56,0.010239999999999999,0.0,0.0,68.94,68.937,16.0844,1.0,3.71935,3.82716,0.0,0.999698,0.5,0.132815,0.270854,OK,0.9722,0.7,0.4,False
S2A_DETAIL_c0200,S2A_DETAIL_27,64,bern50,2.0,50.0,4096,4,detail_microtexture_3,RQL,15.2224,0.0413,,0.60939,0.01911,0.270854,33.54,0.010239999999999999,0.0,0.0,68.53,68.527,15.215,1.365314,3.869404,3.82716,0.0,0.999698,0.5,0.132815,0.270854,OK,1.0731,0.075,0.675,False
